#pragma once

// Auto-generated embedded default neural reconstructor weights
// Generated from data/models/upways_weights.bin by Upways exporter
#include <cstdint>
#include <cstddef>

namespace upways {

constexpr size_t EMBEDDED_WEIGHTS_SIZE = 16704;

inline constexpr uint8_t DEFAULT_UPWAYS_WEIGHTS[] = {
    0x9f, 0xac, 0xca, 0x34, 0x2b, 0xa9, 0x20, 0xb0, 0x6c, 0xb8, 0xe1, 0xb6, 0xee, 0x33, 0xa6, 0x2c,
    0xb3, 0x2a, 0xab, 0xb3, 0xce, 0x36, 0x7c, 0x36, 0x8f, 0x34, 0xd2, 0x2e, 0x0b, 0xb9, 0x2d, 0xa6,
    0x38, 0xb4, 0xa7, 0x2c, 0x03, 0x2f, 0x28, 0xb8, 0x74, 0x30, 0x69, 0xb8, 0x9f, 0x34, 0xaa, 0x2c,
    0x1a, 0x33, 0xa8, 0x35, 0x96, 0xb0, 0xe9, 0x33, 0x11, 0x35, 0xc1, 0xa9, 0xaf, 0xa9, 0x67, 0xac,
    0x8e, 0x28, 0x72, 0xb6, 0x22, 0x34, 0x33, 0x28, 0x9a, 0x37, 0xb1, 0x31, 0x0e, 0xaf, 0x97, 0xb5,
    0x38, 0xb8, 0x3d, 0xb4, 0xd5, 0xaf, 0x85, 0x32, 0x69, 0xb5, 0xdb, 0x35, 0x2d, 0x2a, 0x45, 0xaf,
    0x67, 0xa1, 0x57, 0xa5, 0x7b, 0xb2, 0x21, 0x35, 0x80, 0x27, 0xec, 0xb3, 0x41, 0x2e, 0xb2, 0x24,
    0x79, 0x34, 0x76, 0xb8, 0xae, 0xb3, 0x49, 0xb1, 0x38, 0xac, 0x17, 0x2a, 0x79, 0x31, 0xce, 0xaf,
    0x30, 0xaf, 0x78, 0x32, 0xc8, 0x32, 0x8a, 0x21, 0x3b, 0x2f, 0x16, 0xb2, 0x1e, 0xb4, 0x64, 0xac,
    0x9d, 0xb4, 0x03, 0xaf, 0xf7, 0xa8, 0x66, 0xb1, 0x49, 0x34, 0xe4, 0x2b, 0x6e, 0x30, 0x80, 0x32,
    0xb2, 0x30, 0x2e, 0x32, 0x02, 0xb3, 0x84, 0x2a, 0x07, 0xb3, 0x41, 0x2d, 0x67, 0xb2, 0x1e, 0x22,
    0xb8, 0x1e, 0x3d, 0x33, 0x46, 0x2f, 0x13, 0x31, 0xed, 0xb3, 0x5f, 0xab, 0xac, 0x2f, 0xb5, 0x31,
    0x61, 0xb5, 0x51, 0xac, 0x83, 0x39, 0x61, 0x35, 0x41, 0xb3, 0xf6, 0xaf, 0x96, 0xae, 0x1f, 0xab,
    0x16, 0x32, 0xcb, 0x36, 0xf2, 0xb0, 0x76, 0x31, 0xd1, 0x2e, 0xf7, 0xaf, 0x67, 0x31, 0x4c, 0x36,
    0x9f, 0xab, 0x5a, 0x37, 0x08, 0x32, 0x30, 0x32, 0x5f, 0x98, 0x28, 0x34, 0x66, 0xad, 0xe4, 0x25,
    0x46, 0xb7, 0xe0, 0x2b, 0xab, 0x35, 0x59, 0xa8, 0x37, 0xb0, 0x5d, 0x2e, 0xff, 0xb0, 0xda, 0x36,
    0x53, 0x31, 0x95, 0x37, 0xa2, 0x2f, 0xa2, 0x10, 0xcf, 0xb6, 0xc3, 0xb2, 0xd3, 0x30, 0x51, 0x35,
    0x2a, 0xb2, 0x1b, 0xa8, 0x53, 0x9d, 0x41, 0x33, 0xec, 0x32, 0x50, 0x3a, 0x7b, 0xb8, 0x9f, 0x37,
    0xfa, 0x2f, 0x42, 0xb8, 0x9b, 0x36, 0x1f, 0xb1, 0x53, 0xb6, 0xe6, 0x24, 0xc6, 0x34, 0x3b, 0x30,
    0xb6, 0x32, 0xa2, 0x32, 0x94, 0x2c, 0x0a, 0xb8, 0x0f, 0xaa, 0x91, 0xb0, 0x1e, 0xb1, 0xd3, 0xb3,
    0xf0, 0xb2, 0x5d, 0xb0, 0x28, 0x34, 0xec, 0x37, 0xa0, 0x33, 0x55, 0x31, 0x9e, 0xb8, 0x35, 0x36,
    0x28, 0xaf, 0x46, 0xb3, 0x64, 0x33, 0x99, 0x31, 0x7b, 0x34, 0x18, 0xb5, 0xc6, 0x35, 0x71, 0x33,
    0xb0, 0xb1, 0x5c, 0xb4, 0x99, 0xa8, 0x35, 0x37, 0xcc, 0x2c, 0xf7, 0x2a, 0x28, 0xb2, 0x5d, 0x34,
    0x0f, 0xaa, 0xfc, 0xa9, 0x70, 0xac, 0x73, 0xb4, 0x43, 0xb5, 0x21, 0xb6, 0x5b, 0x2f, 0x2f, 0xb8,
    0xc2, 0xb6, 0x9d, 0x31, 0x1d, 0x29, 0x0d, 0x31, 0x5a, 0xae, 0xf2, 0x28, 0x21, 0x2f, 0xeb, 0x31,
    0xb5, 0xb2, 0xeb, 0xb1, 0x1a, 0x35, 0x8a, 0xb6, 0xd1, 0xb8, 0x10, 0x32, 0xd6, 0x31, 0x27, 0xb4,
    0xbd, 0x39, 0x92, 0x27, 0x68, 0x2c, 0xb3, 0x2c, 0xf5, 0x2f, 0xed, 0xb0, 0x97, 0x36, 0xb0, 0xb4,
    0x72, 0xb4, 0xb4, 0xad, 0xbd, 0x25, 0xc5, 0x34, 0x50, 0xab, 0xc8, 0xb2, 0x6f, 0xaf, 0xf0, 0xb6,
    0x62, 0xa9, 0xd0, 0xb5, 0x69, 0x36, 0xf9, 0xad, 0x99, 0x86, 0x6e, 0xb7, 0xf1, 0x24, 0xe3, 0xb4,
    0xd6, 0x35, 0xd6, 0xb3, 0x87, 0x2d, 0x06, 0x35, 0xe8, 0xb8, 0x3e, 0x32, 0x7b, 0x99, 0xaa, 0xaf,
    0x07, 0xb8, 0x75, 0x1d, 0x04, 0xab, 0xf2, 0x38, 0xf0, 0xb3, 0xd5, 0x35, 0x7c, 0xb4, 0x40, 0xaf,
    0xa1, 0xb6, 0x2c, 0x33, 0xce, 0x2f, 0xb2, 0x22, 0x6f, 0xb6, 0x98, 0xb4, 0x69, 0x34, 0x55, 0xb3,
    0x26, 0xb8, 0xb3, 0x33, 0x2e, 0x28, 0x38, 0x32, 0x45, 0x28, 0x08, 0x2f, 0xb3, 0x2a, 0x25, 0xa7,
    0xb4, 0xb9, 0x48, 0xb4, 0xc8, 0x35, 0xc1, 0x35, 0x0c, 0x20, 0x66, 0x35, 0xb4, 0xb9, 0x35, 0xb1,
    0xc6, 0x30, 0x41, 0xb7, 0xcf, 0x32, 0x24, 0xb7, 0x10, 0x33, 0x02, 0x33, 0x94, 0x37, 0x10, 0x35,
    0x8c, 0xa8, 0x91, 0x30, 0x28, 0xb0, 0x62, 0xb0, 0xc6, 0x2a, 0x62, 0xb2, 0x04, 0x34, 0x9f, 0xb3,
    0x1c, 0x34, 0xe1, 0xb5, 0x3a, 0x2e, 0x03, 0x2f, 0x70, 0x2d, 0x16, 0x30, 0x36, 0xb5, 0x8a, 0x36,
    0xdf, 0xb0, 0x83, 0x24, 0x5e, 0xad, 0xd4, 0x30, 0x07, 0xab, 0xac, 0xb2, 0x5d, 0x33, 0xdd, 0xb6,
    0x0e, 0xb7, 0xf5, 0xae, 0xeb, 0xa7, 0x4b, 0xb1, 0x1f, 0x34, 0x66, 0xb4, 0x63, 0x2c, 0x6c, 0xa3,
    0xf1, 0x30, 0x41, 0xb7, 0x48, 0xb8, 0x5b, 0x34, 0x6f, 0xb1, 0x12, 0x2f, 0x0c, 0x31, 0x03, 0xaa,
    0xc6, 0xaa, 0x24, 0x9e, 0xb2, 0xa2, 0xae, 0x36, 0x49, 0x35, 0xd0, 0x32, 0xab, 0x2d, 0x3f, 0xb7,
    0xc2, 0x2e, 0x75, 0x2e, 0x55, 0xad, 0xc6, 0xb3, 0x34, 0xb2, 0x25, 0x2f, 0x87, 0x2e, 0xab, 0xb2,
    0x26, 0x36, 0x22, 0xb3, 0xe3, 0x34, 0x4e, 0xaf, 0x74, 0x34, 0x73, 0xb1, 0x3c, 0x37, 0x3e, 0xb6,
    0x27, 0xb5, 0x2c, 0x32, 0xfd, 0x29, 0xc7, 0xb1, 0xab, 0x34, 0xc0, 0xaa, 0xdf, 0xb5, 0x1f, 0xa4,
    0x87, 0xaf, 0xb2, 0xb0, 0x83, 0xb7, 0x7d, 0xa9, 0x43, 0x32, 0x2c, 0xb4, 0x32, 0x35, 0x86, 0xb4,
    0xad, 0xa4, 0x1a, 0x28, 0x58, 0x32, 0x47, 0x30, 0x54, 0x33, 0xe5, 0x31, 0xc7, 0x31, 0xed, 0xb1,
    0x42, 0x33, 0x04, 0x36, 0xe9, 0xb0, 0xda, 0xb1, 0xd3, 0x2f, 0x63, 0x30, 0x92, 0xb0, 0xc8, 0x28,
    0x5a, 0xb8, 0x9f, 0x37, 0x4f, 0xb5, 0xd8, 0x39, 0xa0, 0x32, 0xf0, 0x28, 0x9a, 0xb2, 0xfe, 0x35,
    0x40, 0x2f, 0xec, 0xb5, 0x25, 0x2d, 0xcb, 0x30, 0x9a, 0xb1, 0x32, 0x31, 0x57, 0xb0, 0x29, 0xb2,
    0xb6, 0x28, 0xb9, 0x31, 0xbb, 0xad, 0xa8, 0xb6, 0x6d, 0xae, 0xac, 0xac, 0xa3, 0x38, 0x07, 0xb4,
    0xd4, 0xb4, 0x99, 0x31, 0x41, 0xb7, 0x24, 0xaf, 0xc7, 0xb7, 0xde, 0xb9, 0x1c, 0x35, 0xdb, 0xac,
    0x81, 0xb4, 0x2e, 0xae, 0xbb, 0xb1, 0x55, 0x30, 0xbb, 0xb4, 0xba, 0x30, 0x31, 0xb4, 0x2a, 0xb5,
    0x9b, 0x2d, 0x18, 0x36, 0x72, 0x31, 0x71, 0x33, 0x57, 0xb3, 0x7a, 0x32, 0x92, 0x32, 0x47, 0xb6,
    0x83, 0xac, 0x12, 0x32, 0xdd, 0xaf, 0x38, 0x29, 0xb1, 0xa6, 0xa4, 0xb2, 0xa9, 0x34, 0xb8, 0x31,
    0x41, 0x34, 0x65, 0xad, 0x73, 0x3b, 0x1b, 0xaf, 0xaa, 0xb5, 0x45, 0x30, 0xcb, 0xab, 0x4f, 0xae,
    0x04, 0xb3, 0x44, 0xad, 0xaf, 0x2d, 0x1f, 0xb3, 0xb3, 0x30, 0xde, 0xaa, 0x2b, 0xb9, 0xf2, 0x35,
    0x8f, 0x30, 0x68, 0x35, 0xf7, 0xb6, 0x8f, 0xab, 0x10, 0x2b, 0x11, 0x2a, 0xe3, 0xb7, 0x5e, 0x2f,
    0x7d, 0x2f, 0x33, 0x29, 0x48, 0x34, 0x6a, 0x1e, 0x47, 0xb4, 0xe0, 0xa2, 0xcb, 0xb1, 0x88, 0xaf,
    0xbb, 0xb4, 0x36, 0x30, 0x03, 0xac, 0x4a, 0x35, 0xc5, 0x2f, 0xd0, 0x31, 0xc8, 0xb1, 0xaa, 0xb1,
    0xae, 0x31, 0xce, 0xb5, 0xdb, 0xa1, 0xcd, 0xaf, 0xe1, 0xb1, 0xdf, 0xb7, 0x4a, 0x36, 0x2e, 0xb4,
    0xa1, 0x28, 0xab, 0xb5, 0x03, 0x35, 0xa1, 0x2e, 0xcb, 0x28, 0x92, 0x31, 0xf4, 0xb6, 0x07, 0xa7,
    0xfd, 0x31, 0xe7, 0xb7, 0xed, 0x24, 0x0c, 0xb4, 0xe3, 0xab, 0x94, 0xb3, 0xe3, 0x2c, 0xa7, 0xaa,
    0x7c, 0xb1, 0x6e, 0xb3, 0xaf, 0x2f, 0xfb, 0x37, 0xe3, 0xb3, 0x65, 0x2d, 0x53, 0xb0, 0xc2, 0xa5,
    0x90, 0x29, 0xc5, 0x32, 0x2f, 0xb4, 0xef, 0xa9, 0x5e, 0x32, 0x32, 0x30, 0x6f, 0xb5, 0x6a, 0xb3,
    0x9a, 0x33, 0x8c, 0xad, 0xb7, 0x2d, 0x9e, 0xa7, 0xd6, 0xb5, 0x18, 0xb1, 0x9e, 0xac, 0xfb, 0x2c,
    0xdf, 0x33, 0xdb, 0xac, 0xd1, 0x34, 0x81, 0x29, 0x6b, 0xb2, 0x2c, 0xae, 0x2b, 0x35, 0xe6, 0x36,
    0x60, 0xa8, 0xb9, 0x32, 0xcd, 0xb7, 0x68, 0x33, 0x23, 0xb0, 0x16, 0x2e, 0xdf, 0x2c, 0x7c, 0xb7,
    0x36, 0x2d, 0x42, 0xb7, 0xc4, 0x2e, 0xcc, 0x2b, 0xbd, 0x29, 0xd1, 0x31, 0x5a, 0xb4, 0xa1, 0xb6,
    0xf2, 0xb7, 0xcd, 0x2f, 0xa2, 0x2b, 0x1d, 0xb2, 0x05, 0xae, 0x2e, 0xae, 0x44, 0xad, 0x75, 0x33,
    0xd3, 0x2c, 0x72, 0xa8, 0x44, 0xb2, 0xa8, 0xa8, 0x89, 0xb4, 0xb4, 0xac, 0xc9, 0xb3, 0x91, 0x36,
    0xa3, 0x36, 0xf5, 0xad, 0x5e, 0x37, 0x63, 0xb2, 0x9a, 0xb6, 0x16, 0x34, 0x86, 0xb6, 0x4a, 0xb9,
    0x6b, 0xb5, 0x22, 0xb3, 0x67, 0x9b, 0x7f, 0xb3, 0x92, 0x34, 0x1f, 0xb5, 0xe7, 0xb4, 0x5d, 0x2d,
    0x5d, 0x37, 0x9c, 0xaa, 0x28, 0xaa, 0x7a, 0xb2, 0xd1, 0xb0, 0xd5, 0x31, 0xff, 0x38, 0xd4, 0x31,
    0x2d, 0x34, 0x0b, 0xb3, 0xa0, 0xaf, 0x11, 0x34, 0x01, 0x31, 0x28, 0xb5, 0x39, 0xb5, 0x12, 0x37,
    0x1e, 0x2f, 0x8a, 0x24, 0x68, 0x2b, 0xd2, 0x32, 0x66, 0xb4, 0xe1, 0x38, 0x96, 0xb4, 0x03, 0xb8,
    0x94, 0x31, 0xab, 0x30, 0x4f, 0x33, 0xd1, 0x2b, 0x5c, 0xb5, 0x4b, 0x35, 0x9d, 0x35, 0x53, 0xb6,
    0x7a, 0x36, 0x0d, 0xb8, 0xe9, 0xb4, 0x98, 0x2e, 0x59, 0x32, 0x7f, 0x36, 0xef, 0x20, 0xa9, 0x20,
    0x3d, 0x2b, 0xec, 0x17, 0x63, 0xb2, 0x62, 0x34, 0x03, 0x33, 0x28, 0x28, 0x21, 0xb4, 0x7a, 0x31,
    0x68, 0xb1, 0x8d, 0x29, 0xb9, 0xa0, 0xa3, 0xb0, 0xa0, 0xb1, 0xb1, 0x28, 0x02, 0x33, 0x7b, 0xb3,
    0xf0, 0x2d, 0xff, 0x9f, 0x11, 0x34, 0xcf, 0x2b, 0x2b, 0x35, 0x59, 0xaf, 0xcc, 0x1d, 0x9b, 0xb5,
    0x69, 0xb3, 0x1a, 0x20, 0x55, 0xb3, 0x29, 0xb3, 0x0d, 0xb6, 0x10, 0xa3, 0x98, 0x36, 0x00, 0x32,
    0xf0, 0xb0, 0xda, 0x33, 0x7c, 0xb5, 0x59, 0xb2, 0xd9, 0x2b, 0x5b, 0xb4, 0x52, 0x34, 0xfc, 0x2f,
    0x33, 0x2d, 0x1c, 0x33, 0x9c, 0x1f, 0x8d, 0xb9, 0x10, 0xae, 0xfd, 0x28, 0x8c, 0xb2, 0xf9, 0xab,
    0xfb, 0xb2, 0x22, 0x32, 0x09, 0xb6, 0xa6, 0x2d, 0x2e, 0x34, 0xe9, 0x31, 0x03, 0x30, 0xc8, 0x34,
    0x94, 0x2f, 0xca, 0xae, 0x18, 0xb0, 0xbf, 0xb8, 0x7e, 0x2c, 0x43, 0x38, 0x9d, 0xa1, 0x14, 0xb7,
    0xc3, 0x35, 0xf0, 0x2e, 0xae, 0x23, 0x46, 0xb4, 0x7b, 0x35, 0x1d, 0x34, 0x47, 0xa9, 0x04, 0xac,
    0x08, 0xa0, 0xd4, 0x32, 0xc9, 0x2c, 0x32, 0xac, 0x1f, 0xb6, 0x5b, 0xb5, 0x76, 0xb5, 0xae, 0x28,
    0x95, 0xad, 0xbd, 0x2b, 0xa3, 0xb1, 0x9a, 0x36, 0xac, 0x2c, 0x84, 0x34, 0x90, 0x31, 0x20, 0xb4,
    0xcd, 0x2d, 0x34, 0xb0, 0x99, 0x29, 0xfe, 0x34, 0x5e, 0x9b, 0x5b, 0x2c, 0x33, 0x34, 0x2c, 0xb4,
    0xce, 0xac, 0x2f, 0xb5, 0x4f, 0x2a, 0xd5, 0xaf, 0x42, 0x33, 0x39, 0x34, 0x2b, 0x32, 0xeb, 0x37,
    0x56, 0xb5, 0x29, 0x30, 0xa2, 0x34, 0xfa, 0x30, 0xf5, 0xb3, 0x22, 0xb5, 0x72, 0xb6, 0xad, 0x35,
    0x03, 0x2c, 0x77, 0xb6, 0x65, 0x33, 0x87, 0x35, 0x19, 0xb2, 0x38, 0x35, 0x33, 0xb3, 0x92, 0x27,
    0x2a, 0x2d, 0xc8, 0xa4, 0x3d, 0xb4, 0xa6, 0x35, 0x1c, 0x29, 0xe7, 0x36, 0x38, 0xad, 0xbf, 0xb1,
    0x43, 0x30, 0x21, 0xad, 0x41, 0x99, 0xb9, 0xb7, 0x0b, 0xb8, 0x9c, 0xa4, 0x52, 0x33, 0xc1, 0x35,
    0x23, 0xb2, 0x4b, 0xb2, 0x83, 0x35, 0x05, 0xb8, 0xef, 0xb0, 0x99, 0x2a, 0x20, 0xb4, 0x56, 0xa2,
    0xa2, 0xb4, 0xd8, 0xad, 0x2f, 0x31, 0x15, 0xaf, 0x4b, 0x2e, 0x8c, 0x2d, 0x2c, 0x34, 0x12, 0x31,
    0x4b, 0xb8, 0x5c, 0x2a, 0x4c, 0x38, 0x95, 0xb9, 0x03, 0xac, 0x67, 0xad, 0x19, 0xb1, 0xc2, 0xb0,
    0x21, 0xb7, 0xda, 0xb2, 0x41, 0xb2, 0xed, 0x31, 0x66, 0x35, 0x5d, 0x31, 0xd2, 0xa8, 0x3f, 0xb8,
    0xf4, 0x2c, 0xed, 0xad, 0x3f, 0x36, 0xb4, 0x32, 0xcf, 0x2d, 0xd9, 0x2d, 0x7e, 0x32, 0x05, 0x30,
    0x87, 0x35, 0x44, 0x2a, 0xe4, 0xb1, 0x9e, 0xab, 0xcb, 0x34, 0xe6, 0x35, 0x07, 0x31, 0x5c, 0x2c,
    0x72, 0xb2, 0x26, 0xa7, 0x33, 0x36, 0x63, 0x9c, 0xc7, 0xaa, 0x01, 0x2e, 0xad, 0x2a, 0xca, 0x31,
    0xd6, 0x36, 0xd4, 0x2f, 0x3b, 0x22, 0xea, 0x31, 0x00, 0xad, 0x1b, 0xa7, 0x85, 0xad, 0x4e, 0x39,
    0x38, 0x30, 0x2b, 0x1a, 0xe5, 0x31, 0x1b, 0x31, 0x4b, 0x31, 0x83, 0x1c, 0x30, 0x12, 0x3b, 0xa7,
    0x9c, 0xb3, 0x9a, 0xb3, 0x26, 0x36, 0x2c, 0xa9, 0xaa, 0x2a, 0x93, 0x1e, 0x17, 0x2f, 0x2b, 0x38,
    0xf3, 0xb5, 0x3a, 0xac, 0x32, 0x29, 0xd6, 0xb5, 0xf7, 0x2c, 0xb9, 0x34, 0x7c, 0x29, 0xc1, 0x30,
    0x9c, 0x33, 0x63, 0xb8, 0x62, 0xa8, 0x05, 0xb5, 0x74, 0x97, 0x12, 0x31, 0xa2, 0x30, 0x95, 0xb5,
    0xeb, 0x27, 0xe9, 0xb2, 0xea, 0xa3, 0x9e, 0x38, 0x12, 0xb6, 0x50, 0x37, 0x63, 0xb4, 0x71, 0xa9,
    0xc6, 0xa5, 0x64, 0x2c, 0x59, 0xb1, 0x02, 0xb4, 0x29, 0xb7, 0x86, 0x32, 0x3f, 0xa1, 0x08, 0xac,
    0xb6, 0xb1, 0x23, 0xae, 0x4d, 0xac, 0x6c, 0xb7, 0x1d, 0xb6, 0x43, 0x34, 0xc9, 0x9f, 0xa3, 0xa9,
    0xe8, 0xa2, 0x00, 0xab, 0x27, 0xb6, 0x76, 0x28, 0x32, 0xae, 0xdc, 0x2e, 0x36, 0xb2, 0xc3, 0x8a,
    0xb2, 0xb5, 0x5f, 0xb7, 0xc0, 0x2f, 0x9a, 0x2e, 0xe2, 0xa4, 0x20, 0xad, 0x09, 0x35, 0xac, 0x38,
    0x33, 0x29, 0xf1, 0x1e, 0xbf, 0x2c, 0x4c, 0x30, 0x12, 0xaf, 0x92, 0x31, 0x6a, 0x38, 0x90, 0x34,
    0x43, 0x2b, 0x39, 0x36, 0xaf, 0xb0, 0x56, 0xb4, 0xe1, 0x2d, 0xe9, 0xac, 0x98, 0x35, 0xb0, 0xaa,
    0xbe, 0x21, 0x8e, 0x35, 0x29, 0xb4, 0xfb, 0x14, 0xdf, 0x20, 0xa8, 0x23, 0x4a, 0x34, 0xed, 0xb7,
    0xa3, 0xb4, 0x9f, 0xaf, 0xaf, 0x2e, 0x0e, 0xaf, 0x2c, 0xb6, 0xa5, 0x2a, 0x7c, 0x30, 0x4d, 0x34,
    0x49, 0x35, 0xb1, 0xb2, 0x08, 0xa8, 0xb7, 0xb6, 0x61, 0x36, 0x40, 0x33, 0xc1, 0xa8, 0x85, 0x97,
    0xf6, 0x35, 0x05, 0x20, 0x92, 0xb0, 0x3c, 0x93, 0x1d, 0x30, 0x15, 0xac, 0xa9, 0xa2, 0xf4, 0x34,
    0xa4, 0x9f, 0x57, 0xa5, 0x56, 0x30, 0x8b, 0xaf, 0x61, 0x97, 0xc8, 0x1c, 0x7d, 0xb4, 0x5c, 0xb0,
    0x4a, 0xb3, 0x7a, 0x2c, 0x17, 0xb5, 0xf2, 0x9c, 0x3e, 0x2c, 0x21, 0xb7, 0x41, 0xaa, 0x52, 0xaf,
    0xb0, 0xa1, 0x64, 0xab, 0x3a, 0xb0, 0x6f, 0x29, 0xcf, 0xb1, 0x35, 0x2c, 0x09, 0x2a, 0x44, 0xb0,
    0xd4, 0x2d, 0xca, 0xa9, 0xe8, 0xb1, 0xb3, 0xa0, 0x0c, 0x32, 0xbe, 0xa3, 0x04, 0x2f, 0xc8, 0x37,
    0x69, 0x2e, 0x8a, 0xad, 0x43, 0xb5, 0xdb, 0xad, 0x7a, 0x2e, 0xc2, 0xac, 0xfd, 0xb6, 0x58, 0xb1,
    0x41, 0x36, 0x2d, 0xac, 0x8b, 0x2c, 0x6c, 0x2c, 0x46, 0x20, 0x13, 0x2b, 0x7a, 0x24, 0xce, 0xaf,
    0x7c, 0x34, 0xde, 0xb2, 0x34, 0x2f, 0xa2, 0x34, 0xc9, 0x33, 0x14, 0x32, 0xa0, 0x31, 0xd2, 0xb0,
    0xd1, 0xad, 0x19, 0x2b, 0xcb, 0x31, 0x87, 0xb6, 0xc1, 0x27, 0x38, 0x33, 0x07, 0xb6, 0x60, 0x34,
    0x02, 0x31, 0xe5, 0xa7, 0x89, 0xac, 0xaf, 0x30, 0x35, 0x2b, 0xeb, 0xb0, 0xa9, 0x31, 0x14, 0x30,
    0xd0, 0x32, 0x01, 0xb7, 0x45, 0x31, 0x67, 0xb0, 0xdb, 0xb3, 0x91, 0xaa, 0xab, 0xad, 0x1a, 0x30,
    0xed, 0xb7, 0x61, 0xb0, 0xcc, 0xb6, 0x3a, 0x34, 0x1c, 0x2f, 0x67, 0xab, 0x09, 0xb2, 0xde, 0x35,
    0x77, 0xb0, 0xf1, 0xb3, 0x05, 0x35, 0x9e, 0xb6, 0xa2, 0xb1, 0x73, 0x36, 0x19, 0xa6, 0x4a, 0xb6,
    0x7f, 0xb0, 0xa2, 0x30, 0x62, 0x30, 0x69, 0x39, 0x70, 0x35, 0x1c, 0xb7, 0x05, 0xb0, 0x12, 0x2f,
    0x8c, 0xa6, 0x2a, 0xaf, 0xc6, 0xb6, 0x71, 0x31, 0x54, 0xb6, 0xcc, 0xad, 0x61, 0x33, 0xff, 0x35,
    0xb1, 0xb0, 0xd5, 0x2c, 0xf8, 0x27, 0x46, 0x30, 0x7d, 0x36, 0x57, 0x2f, 0xfc, 0x32, 0xee, 0x2d,
    0xf2, 0xb3, 0x60, 0xab, 0x2b, 0x33, 0xa0, 0x34, 0x2b, 0xb5, 0x12, 0x2a, 0xe7, 0x35, 0x7c, 0xb2,
    0xff, 0x34, 0xf5, 0xb4, 0x66, 0x36, 0xd2, 0xb6, 0x27, 0x37, 0x44, 0xb5, 0x5a, 0x2d, 0x77, 0xb4,
    0x9a, 0x32, 0xcb, 0xa6, 0xce, 0xb3, 0x6e, 0x2b, 0xad, 0x34, 0xab, 0x28, 0xef, 0xaf, 0xfd, 0x2e,
    0xe4, 0x29, 0x40, 0x2c, 0xe5, 0x35, 0x35, 0xb0, 0xc0, 0x35, 0xc6, 0x29, 0x0c, 0xb0, 0x62, 0x2e,
    0x45, 0xb5, 0x57, 0x37, 0x90, 0x35, 0x85, 0x2e, 0x1c, 0xae, 0xed, 0xb6, 0x6c, 0xb5, 0x57, 0x38,
    0x14, 0x32, 0x8e, 0x35, 0x3c, 0x2e, 0x28, 0x2e, 0x2b, 0x33, 0x2d, 0x38, 0xe0, 0xae, 0x38, 0x35,
    0x56, 0x31, 0x46, 0x34, 0x28, 0x22, 0x33, 0xb6, 0x21, 0x2c, 0x38, 0xb4, 0xd7, 0x33, 0x1d, 0xaf,
    0x68, 0xb8, 0x82, 0xaf, 0xf2, 0x36, 0xd9, 0x35, 0x61, 0x36, 0x48, 0xaf, 0x1e, 0xb4, 0x49, 0x34,
    0xdf, 0xb5, 0x3b, 0xb8, 0xae, 0xb7, 0xf7, 0xb5, 0x2c, 0xaf, 0x5b, 0xb1, 0xa6, 0x30, 0x6b, 0x35,
    0x32, 0x38, 0xdd, 0xb4, 0x96, 0xb4, 0xb4, 0xb6, 0x1a, 0xae, 0x9f, 0x2d, 0xe1, 0xad, 0x57, 0x31,
    0x31, 0xb4, 0xb2, 0x30, 0xfc, 0xb1, 0x07, 0xb0, 0x82, 0xac, 0xee, 0x33, 0x7b, 0xb1, 0x6e, 0x33,
    0x62, 0xb0, 0x78, 0x2d, 0x3b, 0x30, 0xd4, 0xb3, 0x3c, 0xac, 0xbb, 0xaf, 0xb0, 0x34, 0x58, 0xb0,
    0x54, 0x38, 0x6b, 0x28, 0x6f, 0xaf, 0xa9, 0x2d, 0x7b, 0xac, 0x52, 0xb6, 0x33, 0x33, 0xed, 0xad,
    0x86, 0x36, 0x47, 0x2f, 0x4b, 0xb0, 0xba, 0x29, 0xcf, 0x34, 0x58, 0x35, 0xe4, 0xa6, 0x89, 0xb0,
    0x8b, 0xaf, 0xbf, 0x33, 0x6f, 0x14, 0x69, 0xa6, 0xea, 0xb1, 0xeb, 0xb2, 0xb6, 0x28, 0x1b, 0x9b,
    0x44, 0xaa, 0xec, 0xaa, 0x11, 0x34, 0xac, 0x36, 0x54, 0x31, 0x27, 0x32, 0x2b, 0xb5, 0x51, 0xb1,
    0x49, 0x35, 0xce, 0x32, 0x37, 0x29, 0x41, 0x2a, 0x1b, 0x30, 0x47, 0x30, 0xde, 0x34, 0x3e, 0x21,
    0x7d, 0x2f, 0x36, 0x25, 0x7e, 0xb6, 0xee, 0xad, 0x50, 0xad, 0xd3, 0x2d, 0x0c, 0x32, 0x6c, 0xaf,
    0x74, 0x34, 0x56, 0xa7, 0x93, 0x28, 0x0b, 0x33, 0x8e, 0xb1, 0x42, 0xa3, 0xbc, 0x32, 0x47, 0xb7,
    0x97, 0x2f, 0x69, 0xb0, 0x7d, 0xb6, 0x70, 0xb6, 0x7f, 0x35, 0xfa, 0x34, 0x77, 0xac, 0x8d, 0x2e,
    0xf7, 0xa9, 0x4d, 0x28, 0x52, 0x31, 0xd9, 0x35, 0x9e, 0xb6, 0x8e, 0x2a, 0xcd, 0xb5, 0xcd, 0x35,
    0x31, 0x33, 0x73, 0x34, 0x74, 0xb1, 0x1e, 0x32, 0x21, 0x2e, 0xdf, 0x2b, 0x6b, 0x31, 0x4c, 0x2e,
    0xfd, 0xb1, 0x6d, 0xb3, 0x90, 0x32, 0x72, 0xac, 0x76, 0x2a, 0x04, 0x1c, 0x92, 0x32, 0x1f, 0x36,
    0x48, 0x2c, 0x1b, 0x27, 0x04, 0x27, 0xeb, 0x32, 0x4b, 0xa7, 0x7b, 0xb4, 0x06, 0xaf, 0x25, 0xb7,
    0x89, 0xae, 0x97, 0xad, 0x2d, 0x32, 0x5e, 0xae, 0xd9, 0xb2, 0x12, 0xb8, 0x30, 0xaf, 0x51, 0xb4,
    0xc0, 0xb3, 0x62, 0xa6, 0x83, 0x21, 0xe0, 0xaf, 0x06, 0xb0, 0x61, 0x32, 0xdd, 0x30, 0x35, 0xad,
    0x4d, 0x30, 0xf5, 0x9f, 0x56, 0xb6, 0x9b, 0x9d, 0x9c, 0x35, 0x93, 0x2b, 0x3c, 0x34, 0x16, 0x32,
    0xc3, 0x30, 0xdd, 0x34, 0x2c, 0x21, 0xd2, 0x28, 0x82, 0xb5, 0x06, 0x25, 0xd2, 0x33, 0x53, 0x33,
    0x9b, 0x24, 0xdb, 0x2d, 0x30, 0xb6, 0x79, 0xad, 0x4f, 0xa8, 0xe4, 0x2d, 0x9f, 0xb6, 0xf0, 0x34,
    0x29, 0x9f, 0x79, 0x35, 0xbd, 0x2c, 0x65, 0x30, 0x5a, 0xb9, 0x19, 0xba, 0x04, 0x2f, 0xaa, 0xb5,
    0x4e, 0xb5, 0xd0, 0x33, 0xa4, 0x23, 0x4f, 0xb1, 0x1f, 0x2c, 0x4b, 0xb6, 0x84, 0x32, 0x7a, 0xb2,
    0xe4, 0xb4, 0xcc, 0xa1, 0x92, 0x30, 0xe8, 0xa8, 0x93, 0x37, 0x43, 0xb3, 0x5c, 0xb3, 0x0b, 0xb3,
    0x64, 0xaf, 0xe4, 0x9c, 0x12, 0xb0, 0x32, 0xa9, 0x3f, 0xb7, 0xd1, 0x37, 0x9d, 0x2e, 0xdb, 0xb7,
    0x89, 0xb6, 0xfc, 0xb5, 0x2c, 0xb2, 0xf1, 0xb4, 0x85, 0x25, 0x29, 0xb1, 0xd9, 0xb3, 0x2f, 0x34,
    0x6d, 0x34, 0xbb, 0xb4, 0xa1, 0xa8, 0xc9, 0xb2, 0xf3, 0xb7, 0x0f, 0x27, 0xd2, 0x2c, 0x8e, 0x37,
    0x95, 0x28, 0x9d, 0x2d, 0xa7, 0xb7, 0xd6, 0x35, 0x5b, 0x34, 0x47, 0x31, 0x5b, 0xb4, 0xa6, 0x2b,
    0x58, 0xb5, 0x96, 0x35, 0x8f, 0xb9, 0x05, 0x31, 0x42, 0xb4, 0x5f, 0x2c, 0x12, 0xb2, 0x92, 0xac,
    0x9e, 0x33, 0x2a, 0x30, 0x25, 0x31, 0xc8, 0xb2, 0x51, 0xb3, 0xbe, 0xa9, 0xea, 0x3a, 0x98, 0xb2,
    0xbc, 0x29, 0x44, 0xb1, 0x22, 0xb8, 0xdf, 0xb4, 0x96, 0x30, 0x6d, 0x31, 0x02, 0xb6, 0x94, 0x28,
    0xf2, 0xb1, 0x34, 0x22, 0x4c, 0x2b, 0x1f, 0xac, 0xba, 0xb0, 0xf6, 0x31, 0xd3, 0xa9, 0xdb, 0xb3,
    0xe0, 0x36, 0xa7, 0x32, 0x42, 0x35, 0xe8, 0x32, 0x22, 0x31, 0xa3, 0xa9, 0x89, 0xaf, 0x23, 0xb2,
    0x43, 0xab, 0x2d, 0x34, 0xd1, 0x9c, 0x2f, 0x38, 0xef, 0x37, 0x42, 0x36, 0x1d, 0x34, 0x49, 0xad,
    0x35, 0xad, 0x25, 0xab, 0xfb, 0xb3, 0x4f, 0x34, 0x8a, 0xa8, 0xfc, 0x34, 0x63, 0x34, 0x79, 0x33,
    0xdc, 0xb1, 0x8d, 0xb9, 0x6e, 0x34, 0xf3, 0xa5, 0x03, 0x2e, 0x67, 0xb0, 0x68, 0xb5, 0x84, 0xb1,
    0x1f, 0xb4, 0xe9, 0xb4, 0xe5, 0x37, 0x53, 0x30, 0x6a, 0xb0, 0x13, 0x36, 0x0e, 0x34, 0x60, 0x37,
    0x54, 0x36, 0x5f, 0xaf, 0x25, 0xa1, 0x69, 0xac, 0xc9, 0xb1, 0xfe, 0xb5, 0xe6, 0xa4, 0x40, 0x30,
    0x4b, 0xb2, 0xe8, 0x36, 0xca, 0x2a, 0x7d, 0xb4, 0xdb, 0xb5, 0x9c, 0xae, 0xb9, 0xb6, 0xee, 0xae,
    0x2f, 0xad, 0x3a, 0xac, 0x16, 0xb4, 0x88, 0xa6, 0x81, 0xb4, 0x25, 0x31, 0x26, 0xb6, 0x89, 0xb2,
    0x34, 0x37, 0x14, 0x37, 0xc3, 0x1c, 0x20, 0x31, 0x0a, 0x1e, 0x96, 0xab, 0x12, 0xb0, 0x56, 0xb3,
    0x2c, 0xa9, 0xc2, 0xb1, 0x7a, 0xb3, 0x61, 0xa9, 0xec, 0xac, 0xba, 0x27, 0x4f, 0xb4, 0x5e, 0x38,
    0xce, 0xb8, 0x32, 0xb2, 0xe9, 0xb2, 0xfd, 0xb3, 0x4a, 0xb4, 0xe6, 0xb3, 0x5a, 0x33, 0x13, 0x9b,
    0x76, 0x2c, 0x1e, 0xa8, 0x60, 0xb8, 0x3b, 0x37, 0x50, 0x34, 0x60, 0x1d, 0x42, 0x36, 0x1b, 0x34,
    0x6b, 0x31, 0xf8, 0x28, 0x4f, 0xaf, 0xe3, 0xa7, 0xbb, 0x32, 0x9a, 0xb8, 0xe7, 0xb3, 0x4d, 0x36,
    0x8d, 0x2d, 0xb2, 0x30, 0x54, 0x31, 0x16, 0x35, 0x98, 0xb4, 0x04, 0xb0, 0x31, 0xb0, 0x3e, 0xac,
    0x36, 0x36, 0x8c, 0x2a, 0x94, 0xab, 0xf1, 0x2d, 0x9f, 0x31, 0x09, 0x31, 0x34, 0xb9, 0x03, 0xb0,
    0x29, 0x32, 0x43, 0xad, 0x49, 0xb5, 0x5d, 0xb4, 0xb6, 0x33, 0x09, 0x37, 0x76, 0x38, 0x75, 0x28,
    0x51, 0x29, 0x3b, 0xb3, 0x4e, 0x34, 0x3a, 0xb5, 0x5b, 0x2a, 0xf9, 0x30, 0x2b, 0x33, 0xf5, 0x30,
    0x14, 0x38, 0x42, 0xba, 0x38, 0xb2, 0x16, 0x34, 0x33, 0x35, 0x6c, 0xb6, 0x45, 0x35, 0xf2, 0xa8,
    0x59, 0x33, 0x38, 0xb3, 0x0c, 0x2c, 0x7a, 0x36, 0x45, 0xb5, 0x8e, 0xaf, 0x89, 0x39, 0x98, 0x31,
    0x19, 0xb3, 0x8d, 0xb6, 0x81, 0x28, 0xa4, 0x2e, 0x61, 0x2f, 0xec, 0xb2, 0x2d, 0xb2, 0x09, 0x34,
    0xd4, 0xad, 0xb5, 0x35, 0x96, 0x2f, 0x67, 0x31, 0x14, 0xb4, 0x94, 0xa8, 0x91, 0xb5, 0xc9, 0x37,
    0x44, 0x30, 0x38, 0x2e, 0x81, 0x39, 0x54, 0xb0, 0x59, 0x36, 0x4f, 0xb2, 0x9b, 0x2c, 0x88, 0xb0,
    0x25, 0xab, 0x1a, 0xb3, 0x2a, 0x34, 0x53, 0x38, 0x24, 0xb6, 0x9d, 0xb4, 0xc7, 0xb1, 0x42, 0xb1,
    0x09, 0x20, 0x08, 0xae, 0x2e, 0x30, 0xca, 0x23, 0xf6, 0xb0, 0x07, 0xb5, 0xb8, 0xb6, 0x06, 0x2e,
    0x15, 0x34, 0xed, 0x31, 0x27, 0x33, 0x64, 0xb7, 0x0f, 0xb1, 0x0e, 0xb4, 0x67, 0x2a, 0x38, 0x31,
    0xbb, 0x2a, 0x19, 0xae, 0x72, 0xb3, 0x99, 0xb5, 0x0d, 0xb1, 0x74, 0x2c, 0xcb, 0x2e, 0xe3, 0xb3,
    0x8e, 0x32, 0xa2, 0xad, 0xae, 0x36, 0xbb, 0xb1, 0x24, 0xa4, 0xfb, 0x36, 0xe4, 0xae, 0x4e, 0x2f,
    0x6e, 0xb4, 0x4b, 0xb5, 0x94, 0x30, 0xbf, 0x35, 0x10, 0xad, 0x94, 0x25, 0x2c, 0x35, 0xf6, 0x33,
    0x43, 0x2e, 0x74, 0x2f, 0x59, 0xb8, 0xdc, 0x30, 0x52, 0x39, 0x4f, 0xb0, 0x87, 0x28, 0x69, 0x1c,
    0x1b, 0x25, 0x6e, 0x2d, 0x38, 0x33, 0x24, 0xb1, 0x6c, 0x34, 0x94, 0x2b, 0xba, 0x20, 0x66, 0xb9,
    0xae, 0xa6, 0x92, 0xb4, 0x0a, 0xb1, 0x32, 0xb3, 0x72, 0x34, 0x83, 0xaf, 0xd3, 0xb8, 0x9b, 0x32,
    0x5c, 0x3b, 0x69, 0x33, 0xcc, 0xb2, 0x8c, 0xac, 0x16, 0xb5, 0x57, 0x34, 0xb3, 0xae, 0x00, 0xa5,
    0xec, 0xad, 0x92, 0xa8, 0x3d, 0xae, 0x26, 0x32, 0xff, 0xab, 0x53, 0xa7, 0x71, 0xa0, 0xe8, 0x2d,
    0x3c, 0x36, 0xe8, 0x37, 0x6a, 0xac, 0xb7, 0x36, 0xf8, 0xb7, 0xd0, 0x35, 0xd3, 0x37, 0x08, 0x28,
    0x43, 0xac, 0xed, 0x31, 0x11, 0xb9, 0x32, 0xb5, 0x8d, 0x35, 0x0d, 0xb4, 0xe0, 0xb0, 0x7e, 0xb5,
    0x11, 0xb0, 0x24, 0xb8, 0xa8, 0xb4, 0x2a, 0xb6, 0x7c, 0xae, 0xa1, 0xb2, 0xc1, 0x2f, 0x72, 0x33,
    0x94, 0x29, 0xa1, 0x32, 0x53, 0x30, 0xab, 0xaf, 0x3c, 0x3a, 0x81, 0x32, 0x4a, 0x38, 0x11, 0x30,
    0x94, 0xad, 0x98, 0x32, 0xbf, 0x2c, 0xfb, 0xb0, 0x8e, 0x2a, 0xbf, 0xb5, 0x3f, 0x20, 0xdc, 0xb2,
    0x3a, 0xb6, 0xaa, 0xb0, 0x21, 0xb1, 0x4e, 0xb4, 0xee, 0xb1, 0xc7, 0xb5, 0x7a, 0xa9, 0xe8, 0xb7,
    0xba, 0x33, 0x73, 0xb2, 0xb7, 0x36, 0x83, 0x34, 0x20, 0xb6, 0x1e, 0x2f, 0xcc, 0x34, 0xe0, 0xaf,
    0x87, 0x35, 0x40, 0xb1, 0x47, 0x2f, 0xc8, 0xae, 0xc1, 0x32, 0xcd, 0xb4, 0x28, 0xa8, 0x0d, 0xa8,
    0x78, 0x35, 0x1a, 0xb6, 0x70, 0x36, 0x47, 0xb4, 0x98, 0x30, 0x4e, 0x34, 0x2e, 0x32, 0xbb, 0x34,
    0x7a, 0xbb, 0x58, 0x2c, 0xf0, 0x34, 0x98, 0x99, 0xac, 0x1f, 0x91, 0x33, 0xce, 0x33, 0x60, 0x21,
    0xc7, 0xb4, 0x19, 0x31, 0xb6, 0xb6, 0x2e, 0xb9, 0x9a, 0xb7, 0xc1, 0x32, 0x86, 0x36, 0xdf, 0xb4,
    0x11, 0x35, 0x0d, 0xb4, 0x12, 0x34, 0x71, 0x28, 0xec, 0xb0, 0x32, 0xb5, 0xff, 0xb4, 0x01, 0xb9,
    0x39, 0xb9, 0x48, 0x30, 0x5c, 0x31, 0xe2, 0x31, 0x01, 0x31, 0x5d, 0xb1, 0x86, 0x35, 0x4b, 0x34,
    0x51, 0x31, 0xf7, 0xb2, 0x6c, 0x39, 0x30, 0xa8, 0x30, 0x36, 0x32, 0x34, 0x50, 0x22, 0xe0, 0xb6,
    0x98, 0xb9, 0xd6, 0x38, 0x52, 0x32, 0x2e, 0x34, 0xfa, 0xb3, 0x89, 0x30, 0x00, 0xb2, 0x45, 0x34,
    0x96, 0x36, 0x90, 0xb0, 0x55, 0x29, 0x82, 0xa2, 0x9e, 0x24, 0x7d, 0x32, 0x69, 0xb4, 0x5b, 0x30,
    0x5a, 0x34, 0xa5, 0xa9, 0x77, 0x26, 0x36, 0xac, 0xc2, 0xac, 0x8b, 0x31, 0x21, 0x38, 0xe1, 0xb3,
    0xaa, 0xb7, 0x16, 0x30, 0xac, 0xb1, 0x10, 0xb5, 0x96, 0x34, 0x3d, 0x2e, 0x29, 0xb3, 0x6d, 0x35,
    0x93, 0x2e, 0x75, 0x37, 0x1d, 0xb2, 0x20, 0xb1, 0xd8, 0xb8, 0xf5, 0xb6, 0x24, 0x32, 0xb6, 0x37,
    0xbc, 0xa2, 0xcd, 0x32, 0x45, 0xb1, 0x31, 0xb1, 0x7a, 0xb4, 0x1e, 0x34, 0x0e, 0x31, 0x46, 0xb0,
    0xc2, 0x2a, 0x63, 0x32, 0x32, 0xb4, 0xde, 0xb5, 0x62, 0xab, 0x82, 0xab, 0x85, 0xb4, 0x1a, 0x30,
    0xd9, 0xb0, 0xf7, 0x34, 0x6c, 0x29, 0x49, 0x31, 0x11, 0xaf, 0x6c, 0x34, 0x79, 0x2a, 0x7a, 0x2b,
    0x08, 0x32, 0x77, 0x30, 0xfd, 0xaf, 0x71, 0xb5, 0x51, 0xb3, 0xfc, 0xa1, 0x54, 0x32, 0x2b, 0x32,
    0x15, 0x36, 0x84, 0xb8, 0x48, 0xb8, 0x76, 0xb5, 0xa8, 0xb8, 0x7a, 0x2c, 0xcd, 0xac, 0xac, 0xb0,
    0xd0, 0x29, 0xa6, 0xad, 0x23, 0xb5, 0x42, 0xaf, 0xd6, 0xac, 0xdc, 0xb6, 0x0d, 0xae, 0x6a, 0x34,
    0x76, 0xb1, 0xd5, 0x29, 0x2b, 0x2f, 0x2c, 0xb2, 0x82, 0xb5, 0xa2, 0xa5, 0x98, 0x2c, 0x83, 0xb1,
    0xd1, 0x2c, 0x91, 0x34, 0x03, 0xb2, 0x1a, 0x31, 0x90, 0x30, 0xe9, 0xb6, 0xee, 0x30, 0xf0, 0x2d,
    0xd3, 0x2b, 0x6a, 0xac, 0x45, 0x2b, 0x8c, 0x28, 0xf8, 0x35, 0x1c, 0x34, 0x1e, 0x2b, 0xab, 0x36,
    0xed, 0xad, 0x51, 0x36, 0x52, 0x34, 0xed, 0x2b, 0x05, 0xb3, 0x31, 0xb4, 0x3d, 0xaa, 0x2b, 0xb2,
    0x3a, 0xb3, 0x58, 0x30, 0x56, 0xaa, 0x77, 0x35, 0xf9, 0xb5, 0x7c, 0xac, 0xe6, 0xaf, 0xee, 0xab,
    0xe3, 0xb5, 0xc9, 0x30, 0xd1, 0x33, 0xce, 0x34, 0x54, 0xaf, 0xff, 0x34, 0x18, 0xb8, 0x84, 0xaf,
    0xcc, 0x30, 0xe6, 0x31, 0x23, 0x25, 0xe6, 0x18, 0x14, 0x30, 0xba, 0x34, 0x74, 0x2d, 0x1f, 0x22,
    0x25, 0xa1, 0x55, 0xb5, 0x98, 0x32, 0xc5, 0x31, 0x0c, 0xb4, 0xc1, 0x1c, 0xf3, 0x37, 0xfe, 0x30,
    0x49, 0xb4, 0xdf, 0x29, 0xb5, 0xad, 0xc6, 0xb0, 0x76, 0xae, 0x6d, 0xb0, 0xd1, 0xaf, 0x11, 0x26,
    0xbd, 0x36, 0x7b, 0xae, 0x1a, 0x2a, 0x88, 0x36, 0x44, 0x35, 0x86, 0xb3, 0x3f, 0xaf, 0xbf, 0xa9,
    0xee, 0xa8, 0x4e, 0xb3, 0x79, 0x35, 0xd7, 0xaa, 0xf8, 0x36, 0x55, 0xb8, 0xaa, 0x2e, 0x63, 0x33,
    0x6f, 0x2f, 0x8a, 0xac, 0x9d, 0x36, 0x94, 0x30, 0x99, 0x35, 0x27, 0xb3, 0x1c, 0x9f, 0x41, 0xb3,
    0x42, 0x34, 0xe1, 0x34, 0xb1, 0x34, 0x51, 0x32, 0xa8, 0xb5, 0xbf, 0xad, 0x57, 0x9e, 0xbe, 0xb2,
    0xa2, 0x2e, 0x5c, 0xb9, 0xd3, 0xb6, 0x91, 0xa4, 0x9b, 0x31, 0x87, 0x2c, 0xc3, 0x30, 0xe6, 0x2f,
    0x9b, 0xaf, 0x12, 0xb2, 0xf8, 0x28, 0x74, 0xb8, 0x33, 0x30, 0x3b, 0xb0, 0x9d, 0xad, 0x22, 0xb1,
    0x16, 0x26, 0xba, 0x2e, 0x8d, 0x32, 0x37, 0x2b, 0x00, 0xb9, 0x09, 0xb4, 0x39, 0x34, 0x4d, 0xb6,
    0x5a, 0x2d, 0x1e, 0x35, 0xe0, 0x30, 0x66, 0xb1, 0xf6, 0xae, 0xe3, 0xb6, 0x51, 0x35, 0xd5, 0x2d,
    0x03, 0x31, 0x08, 0x30, 0x55, 0x9f, 0x32, 0xb6, 0x8b, 0xad, 0x9a, 0x2b, 0x70, 0xb4, 0xf5, 0xb2,
    0xff, 0x34, 0x10, 0xab, 0xc9, 0xb0, 0x00, 0x35, 0x0e, 0x34, 0xba, 0xad, 0x04, 0xa8, 0x0f, 0xb0,
    0x9d, 0x38, 0xd3, 0xa5, 0x06, 0xaf, 0x6b, 0x33, 0x65, 0xaf, 0x37, 0xb4, 0xe5, 0xb2, 0x2f, 0xb2,
    0x15, 0xb9, 0x03, 0x36, 0x05, 0xae, 0x21, 0xaa, 0x3e, 0x33, 0x6e, 0xa8, 0x15, 0x30, 0xa2, 0x2b,
    0x7d, 0xaa, 0x67, 0x2c, 0x37, 0xba, 0xd1, 0x2d, 0x5c, 0xad, 0xbc, 0x31, 0x3a, 0x24, 0x95, 0xae,
    0x47, 0xad, 0x39, 0xa9, 0x44, 0x30, 0x2f, 0x2e, 0xbd, 0x9e, 0xef, 0xb0, 0xd9, 0xb6, 0x33, 0x37,
    0x4f, 0xb1, 0x56, 0x34, 0x2d, 0x34, 0x96, 0xb4, 0x2f, 0xb4, 0x7a, 0xaf, 0x0d, 0x35, 0x3f, 0x2d,
    0x0b, 0xb4, 0x37, 0xb4, 0x33, 0x38, 0xb6, 0xad, 0xc5, 0x2b, 0xe1, 0xaf, 0x59, 0xaf, 0x77, 0x39,
    0x7b, 0x2e, 0xb4, 0x26, 0x40, 0xb4, 0xb2, 0xaf, 0x6f, 0xb7, 0x96, 0xa2, 0x02, 0xb5, 0x13, 0xb0,
    0x20, 0x39, 0xca, 0x31, 0x6d, 0x31, 0xb2, 0x33, 0xd5, 0xb0, 0xb2, 0x2c, 0x91, 0x32, 0x2a, 0xb0,
    0x61, 0x29, 0x52, 0xb0, 0x16, 0x2f, 0x86, 0x35, 0x66, 0xa7, 0x9b, 0xad, 0x39, 0xb0, 0xe4, 0x34,
    0x3e, 0xac, 0xd0, 0x35, 0xbd, 0xb4, 0x5f, 0x37, 0x11, 0x9b, 0x8d, 0x25, 0xf4, 0x30, 0x86, 0xa8,
    0x5e, 0x35, 0xd0, 0xb1, 0xea, 0x34, 0x52, 0xb0, 0x68, 0x36, 0x02, 0x30, 0xc8, 0x1a, 0xfe, 0x32,
    0xbd, 0xb0, 0x13, 0x28, 0xbf, 0x96, 0xbc, 0x35, 0x8e, 0x2e, 0x26, 0x31, 0xee, 0x9c, 0x0e, 0xb3,
    0x2f, 0x36, 0x7b, 0x31, 0x0a, 0xb1, 0x45, 0x32, 0xf9, 0xa6, 0x04, 0x38, 0xea, 0x29, 0x19, 0x9d,
    0x83, 0xaf, 0x64, 0x2b, 0x44, 0xae, 0x14, 0x95, 0x60, 0x2c, 0x1a, 0xaa, 0x5d, 0xa8, 0xe1, 0x36,
    0xb3, 0x20, 0xd3, 0xb3, 0xf1, 0x2e, 0x40, 0x98, 0x7d, 0xb4, 0x60, 0x37, 0x76, 0x2f, 0x00, 0xb2,
    0xc1, 0xb1, 0xb8, 0xa8, 0x36, 0xab, 0x71, 0x2d, 0xfd, 0x30, 0x10, 0xa5, 0xea, 0x2b, 0xf5, 0xad,
    0xfa, 0xb5, 0x8d, 0x36, 0xc9, 0x20, 0xcc, 0xb3, 0x4c, 0x1a, 0x34, 0xb3, 0x3a, 0x36, 0xc4, 0x2e,
    0x66, 0x31, 0x81, 0x31, 0x76, 0xb2, 0x33, 0xae, 0x43, 0x32, 0x68, 0xac, 0xfd, 0xa2, 0x9a, 0xb8,
    0x84, 0x32, 0xec, 0x32, 0x1c, 0xaf, 0xc1, 0xae, 0xff, 0xb4, 0x39, 0xa8, 0xf8, 0xb2, 0xf9, 0x32,
    0x84, 0x33, 0x6c, 0xb7, 0x6d, 0xb0, 0x3c, 0x97, 0x3b, 0xb4, 0xb2, 0x34, 0xa4, 0xb6, 0xc5, 0x2d,
    0x0c, 0x34, 0xd4, 0xb4, 0xee, 0x24, 0xa2, 0x30, 0xf8, 0x37, 0xc9, 0x31, 0x31, 0xae, 0x37, 0x35,
    0x1c, 0x28, 0x06, 0xb7, 0xed, 0xb6, 0xda, 0xae, 0x51, 0xb1, 0x4e, 0xa9, 0x66, 0x2a, 0x56, 0xb3,
    0x1d, 0x35, 0x56, 0x35, 0x5c, 0x9f, 0x73, 0xa4, 0x06, 0xb3, 0x90, 0xb4, 0xfc, 0x34, 0xd0, 0xb4,
    0xc3, 0x34, 0x14, 0x30, 0x62, 0xb0, 0xe4, 0x2c, 0x82, 0xaa, 0x56, 0x31, 0xed, 0xb2, 0x33, 0xb5,
    0xdc, 0xae, 0x21, 0x32, 0xca, 0x31, 0xe6, 0xb8, 0x1c, 0x2c, 0x0c, 0xb0, 0x72, 0x35, 0x03, 0x31,
    0x61, 0x28, 0x64, 0x2a, 0x5b, 0x33, 0x87, 0xb0, 0xda, 0x2d, 0x3d, 0xb6, 0xa9, 0xad, 0x28, 0x29,
    0x42, 0x2d, 0x37, 0x2f, 0xa2, 0xb5, 0x3d, 0x2a, 0xb7, 0x32, 0x3f, 0xaa, 0xdb, 0xad, 0xfa, 0xa1,
    0xa8, 0x33, 0x65, 0xae, 0xf1, 0xaa, 0x0b, 0x2d, 0x71, 0x2e, 0xb0, 0x2f, 0x4e, 0x37, 0x02, 0x32,
    0xd2, 0x2d, 0xb8, 0xb1, 0x10, 0xae, 0x21, 0xb2, 0x58, 0x28, 0x41, 0xb0, 0x97, 0x2e, 0xda, 0xb4,
    0x71, 0xae, 0x27, 0xb1, 0x42, 0x32, 0x98, 0xad, 0x65, 0x28, 0x2a, 0xb4, 0xff, 0x27, 0xf3, 0xb2,
    0x1e, 0xa3, 0x4c, 0xb4, 0x5b, 0x30, 0x6f, 0xb0, 0xee, 0x2f, 0x24, 0xa0, 0xc6, 0xb0, 0xdf, 0x37,
    0x90, 0xad, 0x8a, 0xb5, 0x92, 0x2c, 0xa0, 0xa4, 0x44, 0xb0, 0x2e, 0xa5, 0x12, 0x31, 0xda, 0x2d,
    0xa7, 0xac, 0xc0, 0xb0, 0x38, 0xad, 0x7b, 0xb4, 0x2b, 0xa9, 0x7b, 0xaf, 0x5e, 0xb6, 0x15, 0xa4,
    0xc3, 0x2d, 0x7e, 0x34, 0xb8, 0xb0, 0xd0, 0xab, 0xbe, 0x34, 0xfd, 0x98, 0xf0, 0x2d, 0x8e, 0x30,
    0xf0, 0x35, 0xd5, 0xb4, 0xf5, 0x32, 0xfa, 0xb5, 0x52, 0x32, 0x04, 0xb1, 0xff, 0x2c, 0xb7, 0x36,
    0x01, 0xb6, 0x4b, 0x30, 0x50, 0xaf, 0x61, 0xb2, 0x47, 0xb3, 0x6f, 0x25, 0xe9, 0x18, 0x8b, 0x2c,
    0x6e, 0x34, 0x70, 0x35, 0xb0, 0x37, 0x25, 0xb3, 0x84, 0x2e, 0xa2, 0x31, 0x07, 0x38, 0x90, 0xb4,
    0xc7, 0xaf, 0x54, 0x30, 0x26, 0xae, 0x70, 0xb2, 0xcb, 0x2d, 0x49, 0xae, 0x04, 0x29, 0xcf, 0xae,
    0x74, 0xb2, 0x50, 0x2d, 0x38, 0x35, 0xfb, 0x25, 0x9d, 0xb6, 0xc8, 0x32, 0x09, 0xb0, 0x2c, 0x2d,
    0xf4, 0xb3, 0x0c, 0xb5, 0x55, 0xab, 0xfb, 0x25, 0x17, 0x30, 0x2d, 0xac, 0xd7, 0xa9, 0x9f, 0x34,
    0xac, 0x34, 0xba, 0x2b, 0x04, 0xb6, 0x27, 0x35, 0xe6, 0xab, 0xc2, 0xb1, 0xa0, 0x28, 0xcb, 0x36,
    0x6a, 0x2e, 0x52, 0x29, 0x42, 0xb3, 0x90, 0x2c, 0xd9, 0xb5, 0xec, 0xa5, 0x62, 0x2c, 0xc0, 0xa5,
    0x03, 0xb5, 0x0f, 0x1d, 0x0a, 0x21, 0x82, 0x36, 0x7f, 0xb5, 0x7f, 0x2d, 0xf6, 0xb4, 0x6b, 0xb4,
    0x9d, 0x29, 0x71, 0x2c, 0xd9, 0x36, 0x8f, 0xb0, 0x92, 0x31, 0xeb, 0x2e, 0xd0, 0x2c, 0xc1, 0xb5,
    0x48, 0x33, 0x59, 0xb2, 0x91, 0xb0, 0x3a, 0xb3, 0x7e, 0x34, 0xf0, 0x24, 0xd2, 0xad, 0xcb, 0xb0,
    0x18, 0x28, 0x0e, 0x38, 0x30, 0x38, 0x8a, 0x35, 0xe1, 0x34, 0xcc, 0x34, 0x7f, 0x39, 0xcd, 0xae,
    0xb6, 0x32, 0xe3, 0xb7, 0x3d, 0xaf, 0x49, 0x31, 0x4b, 0xb5, 0x94, 0x32, 0x9b, 0xb4, 0xb8, 0x30,
    0x89, 0x34, 0x07, 0x2d, 0xcc, 0x34, 0x3d, 0x35, 0x93, 0xae, 0xf2, 0xb4, 0xb0, 0xb4, 0x54, 0x37,
    0x50, 0xa7, 0xc4, 0xa9, 0x11, 0xb0, 0x52, 0xb8, 0x45, 0x34, 0x51, 0x35, 0x52, 0xb0, 0xfb, 0x35,
    0x7b, 0xb0, 0xc7, 0x31, 0xbc, 0xac, 0xb3, 0xb4, 0x85, 0x37, 0xbc, 0x2c, 0xbb, 0x30, 0x58, 0x38,
    0x7e, 0x26, 0xea, 0xaf, 0xef, 0x33, 0xdd, 0x2c, 0xdf, 0x30, 0x1a, 0xae, 0x83, 0x2c, 0xc1, 0x22,
    0x26, 0x28, 0xea, 0x30, 0xc7, 0xb5, 0x9b, 0x27, 0x93, 0x39, 0x42, 0xb8, 0x4a, 0x2d, 0x43, 0x32,
    0x8a, 0x34, 0xc6, 0x33, 0xaf, 0x36, 0xe8, 0xb4, 0x34, 0xb6, 0x1e, 0x32, 0xff, 0xb0, 0x02, 0x29,
    0x29, 0xb3, 0x46, 0xa8, 0xf4, 0x22, 0x88, 0x33, 0x83, 0x33, 0x4b, 0x36, 0xb7, 0xb4, 0x10, 0xab,
    0xdc, 0xb4, 0x47, 0xb8, 0xe8, 0xab, 0x05, 0x36, 0xb5, 0xa5, 0x28, 0x20, 0xeb, 0x29, 0x67, 0xa0,
    0x11, 0xae, 0xd3, 0x37, 0xfa, 0x21, 0x3a, 0x31, 0xac, 0x36, 0x44, 0x30, 0x8c, 0x33, 0x0a, 0x2f,
    0x98, 0x26, 0x89, 0x2f, 0x88, 0xb2, 0xe3, 0x34, 0xc1, 0x35, 0xfb, 0x32, 0xab, 0xb0, 0x23, 0x36,
    0x10, 0xa9, 0x96, 0xb1, 0x93, 0xb0, 0xc0, 0x2d, 0x64, 0x30, 0x6b, 0xad, 0x19, 0x34, 0x83, 0xb5,
    0x29, 0x39, 0xe4, 0x31, 0xb8, 0xb5, 0xfc, 0x32, 0x09, 0x37, 0x35, 0x22, 0x7a, 0x34, 0x93, 0x2c,
    0x5a, 0x31, 0x0d, 0xb1, 0x7a, 0x31, 0xed, 0x34, 0xf1, 0x2b, 0xdc, 0x34, 0x55, 0x9b, 0xe1, 0xb7,
    0xd6, 0xb5, 0xad, 0x2c, 0x2e, 0xae, 0x0f, 0x30, 0xd8, 0x31, 0xc5, 0xb1, 0xd7, 0xb1, 0xa5, 0xb0,
    0x6e, 0xb4, 0x02, 0xb4, 0x14, 0x30, 0x7f, 0xaa, 0x5d, 0x33, 0x27, 0x33, 0x6b, 0x38, 0x75, 0xb5,
    0x73, 0x2d, 0x97, 0xb3, 0x39, 0x08, 0xf7, 0xb2, 0x46, 0xac, 0x43, 0x33, 0x4f, 0x30, 0x03, 0x9c,
    0x57, 0x31, 0x55, 0x27, 0xa6, 0xb5, 0x89, 0xb4, 0x9c, 0xb6, 0xc4, 0xb1, 0x34, 0xaf, 0x5e, 0xa4,
    0xb4, 0xae, 0x2c, 0xb1, 0x03, 0xb5, 0xe0, 0xaf, 0xb0, 0x36, 0xf7, 0xa1, 0x04, 0x34, 0x42, 0x32,
    0x3d, 0x2c, 0x4e, 0xb5, 0x50, 0xa0, 0x73, 0xb7, 0xf5, 0xa6, 0xb7, 0xb1, 0x22, 0x38, 0x10, 0xb7,
    0xf2, 0x34, 0x9f, 0x24, 0x87, 0x24, 0x73, 0x33, 0x2e, 0x39, 0x37, 0x2e, 0x2f, 0xb6, 0x0e, 0xad,
    0xeb, 0xaf, 0x33, 0x2f, 0x20, 0x34, 0x20, 0x38, 0x57, 0x2f, 0x5c, 0x2c, 0x9a, 0x2e, 0xed, 0x33,
    0xce, 0x38, 0xbb, 0x17, 0x2f, 0xb2, 0xdd, 0x2c, 0x27, 0xad, 0xeb, 0xb4, 0xf4, 0x35, 0x7b, 0x34,
    0xc9, 0x24, 0xcd, 0x2c, 0xa4, 0xb4, 0x29, 0xb3, 0x94, 0xac, 0xc1, 0x34, 0xbc, 0x2f, 0xeb, 0x36,
    0x5d, 0xb0, 0xa2, 0x37, 0xfe, 0x32, 0x03, 0x34, 0x73, 0x34, 0x0b, 0x35, 0xab, 0x36, 0x97, 0xb0,
    0x63, 0x30, 0xf8, 0x28, 0x6e, 0xb8, 0xf5, 0x2a, 0x5e, 0x32, 0x4f, 0x31, 0x6c, 0x35, 0x95, 0xac,
    0xb5, 0x2f, 0x66, 0x2f, 0x18, 0xb5, 0xbd, 0xac, 0x9b, 0xb5, 0xaa, 0xb3, 0xc4, 0x32, 0x7f, 0xa0,
    0xcb, 0x2c, 0x64, 0xb7, 0x01, 0x36, 0xd8, 0x35, 0x84, 0xae, 0x5a, 0xb3, 0x5c, 0xae, 0x4e, 0x34,
    0xde, 0x27, 0xf9, 0x31, 0xac, 0xac, 0x0e, 0xa9, 0xd6, 0x35, 0x34, 0x1e, 0x8a, 0xb4, 0x7a, 0xb6,
    0x90, 0x1f, 0x98, 0x2b, 0xe9, 0x2e, 0x65, 0xb2, 0xb3, 0xb6, 0x96, 0x34, 0x4d, 0xa5, 0xe6, 0x31,
    0x14, 0x28, 0x0b, 0xa9, 0xce, 0xb3, 0x97, 0x32, 0xb1, 0x30, 0x3e, 0x31, 0x3c, 0xb6, 0x61, 0x2d,
    0x0e, 0xb5, 0x4e, 0x34, 0x41, 0x2c, 0xd8, 0xb1, 0x7f, 0xac, 0x41, 0xa7, 0xc7, 0x28, 0xb0, 0x32,
    0xf6, 0x34, 0x46, 0xb0, 0x8c, 0xb3, 0x41, 0x2b, 0x91, 0x38, 0x86, 0x34, 0x1f, 0xb1, 0xe6, 0x1f,
    0x65, 0xac, 0x39, 0xb2, 0xf2, 0x37, 0x04, 0xb3, 0x50, 0x2f, 0xc0, 0xb4, 0x95, 0x31, 0x96, 0x36,
    0x9d, 0x9e, 0x1d, 0x20, 0x20, 0x34, 0x3b, 0x38, 0x83, 0xb8, 0x36, 0xb0, 0xcd, 0x29, 0xf3, 0xad,
    0x1c, 0xb6, 0x24, 0xb2, 0x5a, 0x1b, 0xe4, 0xb2, 0x35, 0xa8, 0x75, 0xb5, 0xfe, 0xa8, 0x87, 0xb3,
    0x6e, 0x33, 0x8d, 0xb1, 0x5d, 0x38, 0x87, 0x31, 0x8f, 0x33, 0x28, 0x30, 0xa3, 0xb0, 0x93, 0x2a,
    0x95, 0xaf, 0xa2, 0x8d, 0x69, 0x34, 0x73, 0xa9, 0xdb, 0xb5, 0xa5, 0x34, 0x1e, 0xb2, 0x40, 0x37,
    0x77, 0xa9, 0x31, 0x35, 0x8a, 0xb2, 0x5e, 0xb0, 0x90, 0x25, 0x4a, 0x30, 0x0b, 0x2f, 0x84, 0x33,
    0x56, 0x32, 0x75, 0xb7, 0x17, 0x2e, 0x0c, 0x2a, 0x08, 0xb0, 0xbf, 0xb6, 0xc0, 0x32, 0x04, 0x35,
    0x8b, 0x34, 0xe2, 0xb4, 0x39, 0xab, 0x67, 0x35, 0x3a, 0x24, 0x9e, 0xb0, 0xe5, 0x35, 0xa0, 0x37,
    0x04, 0xb5, 0xd7, 0x2f, 0xe3, 0x35, 0x4c, 0x33, 0xa7, 0x35, 0x33, 0xb0, 0x83, 0xb5, 0x96, 0x30,
    0xfe, 0x2f, 0x3e, 0x36, 0x6c, 0xa8, 0xf8, 0x1f, 0x41, 0xad, 0x8c, 0xb5, 0x86, 0xb3, 0x09, 0x38,
    0x3a, 0x36, 0x5a, 0xb5, 0x78, 0xad, 0x5b, 0xb0, 0x77, 0x30, 0x1b, 0xb1, 0xae, 0xb7, 0xaf, 0xb3,
    0x8d, 0xb8, 0x25, 0xae, 0x15, 0x31, 0xe8, 0x2f, 0x02, 0x2f, 0xde, 0x36, 0x70, 0xb5, 0xa8, 0x38,
    0x0d, 0x2b, 0xd8, 0xb5, 0xee, 0x37, 0x3f, 0xae, 0x71, 0xb2, 0x70, 0x31, 0xeb, 0xa6, 0x32, 0xae,
    0x73, 0x36, 0xc8, 0x2a, 0xc2, 0xba, 0x4c, 0x36, 0x0e, 0xb5, 0xaa, 0xae, 0x1f, 0xad, 0x0a, 0xb5,
    0xa1, 0x35, 0x03, 0x38, 0x0c, 0xb4, 0x9c, 0xb4, 0x21, 0xb9, 0x79, 0x37, 0x28, 0xa6, 0x13, 0xab,
    0x6f, 0x33, 0x68, 0x34, 0x7b, 0xb3, 0xd1, 0xb2, 0xca, 0xb4, 0x33, 0xa8, 0x4f, 0x39, 0x77, 0xb6,
    0x59, 0x25, 0xb7, 0x88, 0xdd, 0xaf, 0x0d, 0xb6, 0x84, 0x36, 0x29, 0x31, 0x34, 0x33, 0x97, 0x2f,
    0x4f, 0x1c, 0x17, 0xb7, 0x4f, 0xb7, 0x26, 0x36, 0x1b, 0x34, 0x15, 0x35, 0x68, 0x32, 0x10, 0xb6,
    0x37, 0xb8, 0x43, 0xaf, 0xd2, 0xa5, 0x68, 0x2b, 0x20, 0x29, 0xde, 0xb4, 0xf5, 0xb8, 0x6a, 0x37,
    0x57, 0x30, 0x9b, 0xb3, 0x9f, 0xb5, 0x46, 0x36, 0xb2, 0xb2, 0xe3, 0x36, 0x4d, 0xad, 0x77, 0xb8,
    0x3f, 0xb0, 0x8c, 0x2c, 0xc3, 0xac, 0x19, 0xb8, 0x78, 0xb9, 0xf2, 0xb4, 0xd1, 0x32, 0xdb, 0xb4,
    0xc5, 0xa9, 0x16, 0x37, 0xb5, 0x24, 0x1a, 0x36, 0x98, 0xb8, 0x0b, 0x36, 0x8b, 0x36, 0x1c, 0xb4,
    0x21, 0xb4, 0x20, 0xb3, 0x15, 0xb6, 0x04, 0xb2, 0x23, 0x2d, 0xbb, 0xb8, 0x75, 0xad, 0x6a, 0x26,
    0x05, 0x23, 0xc8, 0xb6, 0x93, 0xa5, 0xe0, 0x28, 0x16, 0x38, 0x0e, 0xb0, 0x9c, 0xb0, 0x6f, 0x31,
    0x21, 0x9a, 0xae, 0xb9, 0xbb, 0x2b, 0xc1, 0x33, 0x5f, 0xb3, 0x52, 0xb5, 0x6d, 0x32, 0xc2, 0xb0,
    0xc0, 0xb3, 0x2f, 0x34, 0xc2, 0xad, 0xe4, 0x36, 0xa1, 0x1e, 0xb2, 0xb5, 0x10, 0x2a, 0xbb, 0xac,
    0x92, 0xa0, 0x34, 0xb1, 0x9f, 0xaa, 0xf0, 0xb2, 0x0f, 0xaa, 0x70, 0xb6, 0x6a, 0x32, 0x6f, 0x30,
    0xa2, 0xb7, 0xd6, 0x2b, 0x98, 0xb7, 0xc8, 0xa8, 0x07, 0x2a, 0x43, 0xb2, 0x72, 0xa9, 0xbf, 0xb2,
    0x4e, 0xaf, 0xc3, 0xaf, 0x2f, 0x29, 0x6e, 0xa9, 0x19, 0xb7, 0x8a, 0x31, 0xc6, 0x31, 0x16, 0x38,
    0x4a, 0xae, 0x77, 0x32, 0x8c, 0xb8, 0x66, 0xb0, 0x9f, 0x34, 0xd3, 0xb3, 0xf8, 0xb6, 0x90, 0xb8,
    0x30, 0xb5, 0x2b, 0x30, 0x68, 0xb0, 0x11, 0x37, 0x5d, 0x31, 0xa2, 0xaa, 0xc3, 0xa9, 0xc2, 0xb4,
    0x79, 0x30, 0x05, 0x28, 0x01, 0xb2, 0xa5, 0x2d, 0x34, 0xb3, 0xcb, 0x36, 0xac, 0x27, 0x23, 0x30,
    0x51, 0x10, 0xc6, 0x31, 0xc4, 0xb3, 0xcb, 0x29, 0x71, 0xb4, 0x20, 0xba, 0x53, 0x32, 0x7a, 0xaf,
    0xda, 0x35, 0x85, 0x2c, 0x5b, 0xac, 0x12, 0x2d, 0x27, 0xa8, 0x7b, 0xb2, 0xf7, 0x9e, 0xfb, 0x34,
    0xe8, 0xb0, 0xa7, 0xae, 0x43, 0xb0, 0xbd, 0x34, 0x94, 0xac, 0x40, 0xa1, 0xbf, 0x2f, 0x06, 0xb1,
    0xa4, 0xb0, 0x36, 0xb9, 0xe4, 0xb4, 0xd5, 0xb4, 0x3a, 0x37, 0x37, 0x34, 0x55, 0xab, 0x0d, 0xb4,
    0x49, 0x9d, 0xb9, 0x2e, 0x1c, 0xbb, 0xb8, 0x33, 0x04, 0xb4, 0xc7, 0x31, 0x83, 0xaa, 0x0d, 0xb1,
    0x10, 0x2e, 0xbb, 0xb7, 0x60, 0xb1, 0x26, 0xb8, 0x49, 0xb2, 0x8c, 0xaf, 0x04, 0x29, 0x67, 0xb3,
    0xc5, 0x35, 0x3c, 0xb8, 0x73, 0xb4, 0xd6, 0xa3, 0xcd, 0xb8, 0x34, 0xb5, 0x65, 0x36, 0x3e, 0x37,
    0x3e, 0xac, 0xf5, 0xac, 0x94, 0xa5, 0x70, 0xb4, 0x1e, 0xad, 0x8a, 0x9f, 0xee, 0xa5, 0x10, 0x32,
    0x26, 0xb0, 0x42, 0x2f, 0x3f, 0x33, 0xea, 0x2c, 0x31, 0xb0, 0x31, 0x2f, 0x5d, 0xa8, 0xd6, 0xb5,
    0x57, 0xb6, 0x42, 0xb6, 0x91, 0x29, 0x5a, 0x35, 0xd4, 0x2e, 0x15, 0xb0, 0x48, 0xa7, 0xfe, 0x35,
    0x87, 0x2c, 0xa8, 0x2d, 0x5b, 0x25, 0x41, 0x36, 0x4d, 0x31, 0x72, 0xb0, 0xe5, 0x34, 0x0c, 0x30,
    0xf8, 0x33, 0x56, 0x36, 0x9f, 0x29, 0x0e, 0xb3, 0xbb, 0x27, 0x1f, 0xb3, 0x54, 0x34, 0x7f, 0x37,
    0x13, 0xad, 0x34, 0x36, 0xe4, 0xb4, 0x20, 0x30, 0x21, 0xb2, 0x70, 0x38, 0x14, 0x32, 0x9a, 0x2d,
    0xf8, 0x2b, 0x62, 0x36, 0x8f, 0xb0, 0x02, 0x30, 0x17, 0xb2, 0x51, 0x34, 0x7e, 0xa8, 0xed, 0x2f,
    0x97, 0xb4, 0xaf, 0x30, 0x53, 0xb2, 0x24, 0x2f, 0xf8, 0xb8, 0x3d, 0x2c, 0xc0, 0xb0, 0xce, 0x30,
    0x35, 0x2f, 0xa4, 0xb4, 0xef, 0xae, 0xd5, 0x34, 0x77, 0x34, 0x89, 0xb4, 0xb9, 0x36, 0xa1, 0xa4,
    0xef, 0xb4, 0x18, 0xaf, 0xae, 0x32, 0x5f, 0xad, 0xcb, 0xb4, 0x43, 0x31, 0x1c, 0xad, 0x6b, 0x33,
    0x1f, 0x29, 0x5d, 0xae, 0xd2, 0x28, 0x37, 0xb2, 0xf4, 0x32, 0xce, 0xa4, 0xdb, 0x28, 0xff, 0xb6,
    0xa2, 0x2b, 0xb9, 0xab, 0xec, 0x30, 0xf8, 0xb0, 0x0a, 0x33, 0xfe, 0x35, 0xb4, 0x25, 0x2f, 0xb5,
    0x39, 0x37, 0x48, 0x31, 0x3d, 0xb7, 0x94, 0x2d, 0xa7, 0x2e, 0x3d, 0xb2, 0xe0, 0xa7, 0x1a, 0x2b,
    0x4a, 0x29, 0xdf, 0x35, 0x5c, 0xb3, 0x72, 0xa5, 0xb0, 0xae, 0xdb, 0x2c, 0x8a, 0x38, 0x92, 0x32,
    0x70, 0xb2, 0xbf, 0x35, 0x39, 0xb1, 0xb6, 0x2b, 0x50, 0x39, 0x1b, 0xae, 0x4b, 0x34, 0xb7, 0xb1,
    0x97, 0x39, 0x2e, 0x35, 0x96, 0xb2, 0xd3, 0x30, 0x50, 0x2d, 0x96, 0xb3, 0x62, 0xb1, 0x86, 0x29,
    0x7d, 0xb6, 0x7a, 0xa9, 0x06, 0x23, 0x64, 0x30, 0x75, 0x2e, 0x73, 0xa9, 0x01, 0xac, 0x9e, 0x28,
    0x2f, 0x2c, 0x8f, 0x2c, 0x23, 0x32, 0x93, 0xb8, 0x3d, 0x35, 0x13, 0x32, 0x67, 0x34, 0xdb, 0xb7,
    0xee, 0x31, 0x0c, 0x32, 0x36, 0xa1, 0xad, 0xae, 0xb1, 0xac, 0xc8, 0xb2, 0xd8, 0xb4, 0xfc, 0xaf,
    0xba, 0xb0, 0x37, 0x2c, 0x0c, 0x32, 0x77, 0x2b, 0x35, 0xb4, 0xd7, 0xb3, 0xc4, 0x33, 0x31, 0x2d,
    0xb9, 0xb7, 0x8f, 0x2f, 0x04, 0x34, 0x92, 0xb5, 0x0f, 0xb0, 0xf5, 0x98, 0xcc, 0xb4, 0x7c, 0x27,
    0x6c, 0xb1, 0x7f, 0x2d, 0xb4, 0xb8, 0x40, 0x2b, 0x4f, 0xaf, 0x97, 0x35, 0x4a, 0xb2, 0xba, 0xb4,
    0x89, 0xb6, 0xe4, 0xb4, 0x44, 0xb7, 0x5d, 0xb1, 0xdc, 0x36, 0x95, 0x27, 0xaa, 0xb4, 0xd8, 0x2c,
    0x7f, 0xb5, 0x2a, 0x2d, 0xcc, 0xa4, 0xf3, 0xb0, 0xc0, 0x30, 0xb7, 0xb6, 0x3b, 0xae, 0x39, 0x28,
    0x67, 0x26, 0xee, 0xb3, 0x5b, 0x34, 0x53, 0x30, 0xc0, 0x2d, 0x1b, 0xb0, 0x6b, 0xb8, 0x42, 0xb7,
    0xe1, 0x34, 0xaa, 0x19, 0x4d, 0x2b, 0x16, 0xac, 0x31, 0x2f, 0x74, 0xaf, 0xc0, 0xb2, 0x44, 0xb8,
    0xed, 0x36, 0x61, 0xb6, 0xd3, 0xae, 0x6b, 0x2c, 0xba, 0x28, 0x61, 0x30, 0xd4, 0xa4, 0xcf, 0xb0,
    0x10, 0x35, 0x59, 0xb4, 0x28, 0xaf, 0xc4, 0xac, 0xc7, 0xac, 0x09, 0x36, 0x58, 0xae, 0x7a, 0xad,
    0xf8, 0x25, 0x23, 0xb2, 0x52, 0xb1, 0xc9, 0xb6, 0xb2, 0xb6, 0x18, 0x23, 0xee, 0x2b, 0x27, 0x97,
    0x2f, 0xb3, 0xaa, 0x1e, 0x5a, 0x2c, 0x00, 0x26, 0xcf, 0xa0, 0x12, 0x34, 0x4c, 0xae, 0x86, 0xb2,
    0x62, 0x32, 0xd9, 0x1e, 0x2a, 0x2f, 0xc5, 0x2d, 0xdb, 0xb1, 0x55, 0xb0, 0xba, 0x2b, 0x96, 0xb8,
    0xe2, 0x34, 0xa3, 0xb1, 0xa7, 0xa8, 0x8a, 0xb1, 0x8e, 0x31, 0x35, 0xb4, 0xf0, 0x2e, 0x65, 0x31,
    0x49, 0x2d, 0x07, 0x34, 0xa5, 0x35, 0x34, 0x29, 0x9d, 0x2d, 0xcd, 0x35, 0x16, 0xa9, 0x18, 0xb7,
    0xeb, 0x31, 0xfd, 0x35, 0xc3, 0xb4, 0xf1, 0xb1, 0xbf, 0x36, 0xd5, 0x32, 0x6a, 0x2c, 0xd5, 0x34,
    0x11, 0x35, 0x64, 0xb6, 0x80, 0xab, 0xde, 0xb4, 0x7a, 0x32, 0xd5, 0x35, 0x2c, 0x38, 0x8e, 0xa9,
    0x54, 0x24, 0x63, 0xb2, 0x2b, 0xaa, 0x34, 0xaf, 0x62, 0x36, 0x3f, 0xb1, 0x1f, 0xb5, 0x83, 0x2d,
    0xa9, 0x1c, 0xc3, 0x1c, 0xf9, 0xb8, 0x67, 0x34, 0x8d, 0x30, 0xe0, 0xb5, 0x6f, 0x31, 0x75, 0x33,
    0x6b, 0xb5, 0x41, 0x35, 0x47, 0xb4, 0xef, 0xb7, 0x1c, 0x34, 0x95, 0x35, 0x23, 0xaf, 0x9c, 0xad,
    0x14, 0x2e, 0x6d, 0x2c, 0x5f, 0xa0, 0x24, 0x33, 0x54, 0x2e, 0xbd, 0x2f, 0x68, 0xb0, 0x1f, 0x2d,
    0xcc, 0x35, 0x19, 0x34, 0x1c, 0x30, 0xc7, 0x32, 0x0d, 0xa4, 0x05, 0x34, 0xf2, 0x28, 0xad, 0xb8,
    0x19, 0x35, 0xa8, 0xae, 0xc7, 0xab, 0x3f, 0xa7, 0xff, 0x31, 0x1c, 0x35, 0xdf, 0xae, 0x5a, 0xac,
    0x3c, 0xa4, 0x8e, 0x2c, 0x58, 0xb5, 0xa5, 0x2f, 0xfa, 0x21, 0xf6, 0x34, 0x2f, 0x1c, 0xc9, 0x32,
    0x8d, 0x2e, 0x55, 0x2c, 0x22, 0x34, 0x3f, 0x34, 0x7b, 0xb6, 0x4b, 0xb2, 0x67, 0xae, 0xf4, 0x2d,
    0x8a, 0xb4, 0xe8, 0x3a, 0xac, 0x28, 0x82, 0x16, 0x24, 0xb9, 0x39, 0xb1, 0x5e, 0x2e, 0xde, 0xb4,
    0x46, 0xb1, 0xdf, 0x28, 0x6f, 0x22, 0x8c, 0x30, 0xc1, 0xb0, 0x50, 0x34, 0x3b, 0xad, 0xce, 0xb1,
    0x5e, 0x24, 0xd3, 0x32, 0xe7, 0xab, 0xae, 0xb5, 0x6a, 0xb2, 0x6f, 0x31, 0x14, 0xb0, 0x33, 0x35,
    0x8b, 0xb4, 0xd4, 0x35, 0x3d, 0x31, 0x38, 0x23, 0x73, 0x27, 0x03, 0x32, 0x2b, 0x27, 0x3c, 0xb3,
    0x3e, 0x33, 0xf9, 0xb1, 0xc5, 0x32, 0x63, 0x3c, 0x7e, 0xad, 0xb0, 0x33, 0x86, 0xa1, 0xdf, 0x33,
    0xd7, 0x29, 0x55, 0xb6, 0x9b, 0xa5, 0x19, 0x2c, 0x74, 0xb6, 0x02, 0x34, 0xf0, 0xad, 0x5d, 0x2e,
    0xdc, 0xb5, 0x31, 0x2f, 0x7c, 0xb1, 0x51, 0xb3, 0xe4, 0xb6, 0x91, 0x33, 0x13, 0xb9, 0xf4, 0x32,
    0x51, 0xb2, 0x44, 0x26, 0x11, 0xb6, 0x5a, 0xae, 0x27, 0xb1, 0x60, 0x32, 0xe7, 0xb5, 0xad, 0x2d,
    0x7d, 0x32, 0xca, 0x31, 0xca, 0xac, 0x22, 0x34, 0x4b, 0xb0, 0x8a, 0xa6, 0xf5, 0xb4, 0xcb, 0xb5,
    0xf5, 0xa7, 0x99, 0xb0, 0x08, 0xb3, 0xa4, 0x9e, 0x87, 0x33, 0x67, 0xab, 0xa2, 0xb5, 0xcb, 0xae,
    0x2c, 0x35, 0xb5, 0xac, 0x04, 0x39, 0x22, 0x31, 0x24, 0x34, 0xf1, 0xb2, 0x0a, 0x34, 0xc1, 0x34,
    0x4b, 0xa4, 0x9b, 0x2c, 0x0a, 0xad, 0xa4, 0x28, 0x2c, 0xb3, 0x86, 0x27, 0xc2, 0x33, 0x37, 0x2f,
    0x16, 0xb5, 0xaf, 0x2f, 0x3f, 0x31, 0xde, 0xa4, 0x84, 0xb8, 0xb5, 0x2e, 0x24, 0xa8, 0x09, 0xb3,
    0x9e, 0xb5, 0x0e, 0xb2, 0xa2, 0xb2, 0x90, 0xb4, 0x1e, 0x22, 0x92, 0x2d, 0x64, 0xa8, 0x11, 0xb1,
    0x4c, 0x31, 0xef, 0xb7, 0x27, 0xa9, 0x8a, 0xab, 0x38, 0x35, 0xb0, 0x36, 0xd7, 0xb2, 0x97, 0xb9,
    0xf6, 0xaa, 0xbf, 0x32, 0x9e, 0x34, 0x23, 0xa5, 0x0f, 0x2d, 0x18, 0x2a, 0x3e, 0xb3, 0xe7, 0x31,
    0x42, 0x30, 0x74, 0x30, 0xe3, 0xb6, 0xed, 0xb8, 0xa5, 0x27, 0x54, 0x22, 0xa8, 0x30, 0x88, 0x33,
    0x17, 0xb1, 0xb6, 0xa8, 0x19, 0xac, 0xdb, 0x2d, 0x45, 0xab, 0x9e, 0xb2, 0x47, 0x2c, 0xdb, 0x30,
    0xc7, 0x21, 0x55, 0xb6, 0xd3, 0xb2, 0x6e, 0x31, 0x56, 0x36, 0x87, 0x3a, 0xd0, 0x2c, 0xc3, 0x36,
    0x43, 0xaf, 0xd5, 0xb4, 0x7e, 0x2f, 0xaa, 0xb6, 0xae, 0xb3, 0x3a, 0xaf, 0x30, 0xb4, 0x3a, 0x38,
    0xa4, 0x30, 0x02, 0x28, 0xe9, 0x33, 0x9a, 0xaa, 0xd2, 0xb4, 0x19, 0xb2, 0xbb, 0x36, 0xfb, 0xb3,
    0xf7, 0x29, 0x66, 0x38, 0x35, 0xb3, 0xf5, 0xb1, 0xae, 0xa1, 0x3b, 0x30, 0xb8, 0x2f, 0xd4, 0x33,
    0x2a, 0xb4, 0xd3, 0x29, 0x4d, 0x2d, 0x04, 0x31, 0x31, 0x1b, 0x75, 0x27, 0x95, 0x2e, 0x3a, 0x2a,
    0xd7, 0xb0, 0x80, 0xb5, 0xa5, 0xa2, 0xc0, 0xb1, 0xc8, 0xad, 0x8a, 0xb7, 0x42, 0x35, 0xc6, 0xb4,
    0x94, 0xb0, 0x53, 0xb5, 0x2f, 0xac, 0x6f, 0xb0, 0x02, 0xb4, 0x0f, 0x34, 0x49, 0x96, 0xc9, 0xaf,
    0x2c, 0xb3, 0x6b, 0x2b, 0x3b, 0x20, 0xf5, 0x30, 0x69, 0x31, 0xda, 0xad, 0xc6, 0xb1, 0xa3, 0xb4,
    0x2d, 0xb0, 0x9c, 0x21, 0x54, 0x33, 0x22, 0x35, 0xcb, 0x2c, 0x77, 0xac, 0x24, 0x2e, 0xae, 0x24,
    0xed, 0x26, 0x58, 0xae, 0x1a, 0xb6, 0x3b, 0x29, 0x5b, 0x34, 0xf4, 0xb1, 0xd4, 0x2e, 0x18, 0x31,
    0x32, 0xac, 0x88, 0xad, 0x72, 0x34, 0xe2, 0x37, 0xa2, 0xb5, 0x9b, 0xb3, 0x1f, 0x37, 0xad, 0xaf,
    0x56, 0xb1, 0x8e, 0x35, 0xae, 0x34, 0x37, 0xac, 0x9f, 0x2f, 0x58, 0x35, 0x90, 0xb7, 0xf3, 0x2e,
    0x6a, 0x30, 0x2c, 0x2d, 0x62, 0xae, 0xbc, 0x3a, 0x2b, 0x2d, 0x01, 0xb2, 0x5f, 0x2a, 0x61, 0x36,
    0x27, 0xaf, 0x4b, 0xb0, 0x02, 0x34, 0x53, 0x32, 0x3b, 0xb5, 0xa2, 0x24, 0x95, 0xb0, 0xbb, 0x2c,
    0xeb, 0xad, 0x92, 0xb5, 0xee, 0xb2, 0x79, 0xb0, 0xdc, 0xa2, 0xbd, 0x34, 0xb8, 0xa7, 0xd8, 0xa1,
    0xc0, 0xb7, 0x8b, 0x32, 0x22, 0x34, 0x9f, 0x33, 0x0d, 0xb5, 0x2c, 0xb0, 0x61, 0x2e, 0xcf, 0x2d,
    0x69, 0xaf, 0x2b, 0xb0, 0x90, 0x34, 0xeb, 0xa2, 0x5e, 0xb4, 0x20, 0x30, 0xb2, 0x35, 0x9d, 0xa8,
    0xf9, 0x32, 0x76, 0x34, 0xd3, 0xb5, 0xdf, 0x30, 0x42, 0xb0, 0xc6, 0x35, 0x1d, 0x30, 0x06, 0x33,
    0xa1, 0x34, 0x8d, 0x34, 0x5a, 0xb4, 0x19, 0x31, 0xbd, 0xaa, 0xd1, 0x2b, 0xb7, 0xb0, 0x2b, 0xb4,
    0x85, 0x36, 0x4e, 0x35, 0x8d, 0x33, 0x7d, 0xaf, 0xf3, 0xb2, 0x01, 0x30, 0x04, 0xa7, 0x98, 0x1f,
    0x7a, 0xb3, 0xa8, 0x38, 0x54, 0xa3, 0x09, 0x2c, 0x7b, 0xad, 0x66, 0xac, 0x2e, 0x34, 0x1a, 0xad,
    0x6d, 0xad, 0x33, 0x2d, 0xb0, 0x2f, 0x61, 0xb7, 0xbd, 0x32, 0x6f, 0x35, 0xd3, 0x39, 0x8f, 0x2f,
    0x2a, 0x2f, 0x94, 0xab, 0x7b, 0x2f, 0x5a, 0xb4, 0xa9, 0xb4, 0xc2, 0x33, 0x06, 0x2c, 0x05, 0x2c,
    0xc3, 0x30, 0x61, 0x38, 0x05, 0xb1, 0x3d, 0x23, 0x78, 0x30, 0xd0, 0xb0, 0x59, 0x38, 0x85, 0x22,
    0x84, 0xb0, 0xab, 0x30, 0xa3, 0x31, 0x7a, 0xab, 0x4f, 0x37, 0x51, 0x28, 0x26, 0x36, 0x6d, 0x35,
    0x88, 0x34, 0x25, 0x2c, 0x8b, 0xad, 0xda, 0x32, 0x0b, 0xa9, 0x80, 0x2f, 0x34, 0xb4, 0x83, 0x38,
    0x53, 0xb6, 0x61, 0xab, 0x81, 0xb7, 0x08, 0xb1, 0x3a, 0xb1, 0x14, 0xb6, 0x12, 0x36, 0xf8, 0xac,
    0x56, 0xaf, 0xc4, 0xb6, 0x0b, 0x34, 0x19, 0x36, 0x2d, 0xa9, 0xc6, 0x36, 0x5a, 0x2e, 0x32, 0x2d,
    0x29, 0x2c, 0x67, 0x30, 0x4b, 0xb3, 0x51, 0x34, 0x26, 0xb2, 0x24, 0xa6, 0x93, 0x34, 0x14, 0xb0,
    0x8d, 0xb5, 0x80, 0x33, 0x66, 0x23, 0x61, 0xb0, 0x1a, 0x96, 0x00, 0xab, 0x1f, 0x26, 0x2d, 0xb5,
    0x20, 0xae, 0xf5, 0xa8, 0xcc, 0xac, 0x27, 0x35, 0x85, 0x32, 0x5e, 0xaf, 0xfb, 0x31, 0x4c, 0x36,
    0x0d, 0x30, 0xe5, 0xaa, 0x66, 0x2d, 0x30, 0x32, 0x24, 0xae, 0xeb, 0xb7, 0x95, 0xa2, 0xeb, 0x2a,
    0xaa, 0xb2, 0xf0, 0xa7, 0x58, 0x34, 0x72, 0xaf, 0x4a, 0x3c, 0x95, 0xb3, 0xee, 0xb5, 0xb0, 0x34,
    0xd9, 0xab, 0x17, 0x35, 0x0a, 0xb3, 0x7b, 0xb4, 0xdf, 0x28, 0xf1, 0xac, 0xc3, 0xb2, 0xbb, 0x35,
    0x28, 0x24, 0x15, 0xa1, 0x5c, 0x2d, 0x23, 0xb5, 0x75, 0x27, 0xf4, 0x37, 0x9b, 0xb7, 0xbb, 0xb1,
    0x87, 0xaf, 0xf9, 0x2c, 0x1d, 0xb4, 0x0a, 0x2a, 0x8a, 0xb1, 0x89, 0x2e, 0xe1, 0x36, 0x13, 0xb7,
    0xac, 0xb0, 0x61, 0x32, 0x08, 0xb5, 0x8d, 0xb0, 0x8d, 0xb0, 0xc7, 0xb4, 0x77, 0xb2, 0x60, 0xb2,
    0x31, 0xaa, 0xd6, 0x30, 0x36, 0x2a, 0xf5, 0xb2, 0xe5, 0x9e, 0x81, 0x32, 0x67, 0x34, 0x9f, 0xac,
    0xe1, 0x36, 0x40, 0x2c, 0x45, 0xa6, 0xf3, 0xac, 0x68, 0x33, 0xaa, 0x33, 0x6c, 0xac, 0x83, 0xa8,
    0xcc, 0x2f, 0x5b, 0xb6, 0xc4, 0x22, 0xd1, 0xab, 0xfa, 0x34, 0xb6, 0xad, 0x1c, 0xa4, 0xf6, 0x37,
    0xe3, 0x36, 0x5b, 0xb1, 0xf6, 0x20, 0x52, 0x35, 0x8d, 0xb1, 0xc3, 0x34, 0xba, 0x32, 0x03, 0xb4,
    0x96, 0x25, 0x75, 0x30, 0x24, 0x38, 0x2a, 0xb5, 0x92, 0x34, 0x71, 0xa0, 0x4b, 0x33, 0x20, 0x39,
    0x08, 0x28, 0x8c, 0x2c, 0xd7, 0xb0, 0x1e, 0x31, 0xc7, 0xb7, 0x5d, 0x2a, 0x98, 0x34, 0xe4, 0x0f,
    0x0a, 0xb4, 0x5f, 0xb4, 0x70, 0x36, 0x2b, 0x29, 0x38, 0x35, 0x97, 0xb1, 0x8b, 0x19, 0x22, 0xb1,
    0xdd, 0xb6, 0x6c, 0x38, 0x89, 0x32, 0xae, 0x35, 0x53, 0x2c, 0x1e, 0x36, 0x76, 0x31, 0x5b, 0xb0,
    0xc9, 0xb4, 0x6a, 0xb4, 0x19, 0x34, 0x26, 0x2a, 0xbd, 0x34, 0x8a, 0xad, 0x38, 0xad, 0x32, 0x2f,
    0x24, 0xb5, 0xbc, 0xac, 0xf2, 0x25, 0x10, 0x32, 0x7b, 0xb3, 0xff, 0x35, 0x0d, 0x33, 0x55, 0xb8,
    0x96, 0xb2, 0x93, 0x32, 0xf1, 0x33, 0x08, 0x2f, 0xdd, 0xb1, 0xde, 0xb5, 0x3f, 0x2c, 0x02, 0x36,
    0x7d, 0x30, 0x91, 0x31, 0xb4, 0xa5, 0xc5, 0xae, 0x87, 0xaf, 0x1f, 0x34, 0x50, 0x33, 0xfb, 0xa4,
    0xa7, 0x32, 0xa9, 0x32, 0x12, 0x2f, 0x06, 0xb4, 0xc7, 0xac, 0x0b, 0xb8, 0x76, 0xb4, 0x19, 0xb2,
    0x75, 0x2d, 0xa0, 0xb3, 0x51, 0x30, 0xca, 0xb1, 0xd7, 0x2e, 0x86, 0x28, 0x32, 0x34, 0xee, 0x32,
    0xbe, 0x12, 0xd0, 0xac, 0x28, 0xb2, 0xbb, 0xb4, 0x41, 0xb2, 0xa9, 0x2e, 0xfc, 0x34, 0xcf, 0xaf,
    0x72, 0x32, 0xbd, 0xad, 0x0c, 0x39, 0xd2, 0xac, 0xf4, 0x2c, 0x13, 0xa2, 0x47, 0xb8, 0x3f, 0xa8,
    0x14, 0x2b, 0x74, 0x31, 0xb9, 0x24, 0x72, 0x34, 0xf9, 0x33, 0xea, 0x30, 0xd6, 0xa9, 0x08, 0x34,
    0x12, 0xb5, 0xca, 0xa2, 0xf2, 0x34, 0x57, 0xb2, 0xfe, 0x34, 0xdb, 0xb1, 0x23, 0xa0, 0x08, 0xae,
    0x31, 0x34, 0x40, 0x36, 0x92, 0xb1, 0x15, 0x39, 0xec, 0x2e, 0x35, 0xb2, 0x37, 0x2a, 0xe2, 0x35,
    0x35, 0xb5, 0x8a, 0xb2, 0x37, 0xb6, 0xe1, 0x2e, 0xf3, 0x2f, 0xd7, 0x2d, 0xd4, 0xb1, 0x7f, 0x27,
    0xbc, 0xaf, 0x65, 0x29, 0xb4, 0x9b, 0x83, 0x31, 0xad, 0xaa, 0x0f, 0x30, 0x52, 0xb3, 0x16, 0x37,
    0x4b, 0xaf, 0xb7, 0x37, 0xd8, 0xb0, 0x6f, 0x35, 0x46, 0x2e, 0x4e, 0xaf, 0xc5, 0xb4, 0x2c, 0xb1,
    0x42, 0xb4, 0xf7, 0xa8, 0xf1, 0x9f, 0xd4, 0xb2, 0x5e, 0xb3, 0x1d, 0x32, 0x55, 0xb4, 0x1a, 0x31,
    0xab, 0x35, 0xf4, 0xb0, 0x58, 0xb0, 0xb0, 0xb2, 0x2a, 0x28, 0x34, 0xac, 0x6d, 0x32, 0x65, 0x2d,
    0x4c, 0xb1, 0x75, 0xad, 0x0e, 0x35, 0x1f, 0xb2, 0x4e, 0x30, 0xa2, 0xae, 0x06, 0xac, 0x02, 0xb4,
    0xec, 0x23, 0xfa, 0x2d, 0xcd, 0xab, 0x7c, 0xa9, 0xf6, 0xb1, 0x12, 0xb0, 0xf1, 0x37, 0x50, 0xaf,
    0x11, 0x2a, 0xbf, 0x38, 0x7c, 0xb5, 0x7d, 0x2c, 0xbe, 0x2a, 0xb0, 0xb3, 0x8c, 0x2a, 0x78, 0x37,
    0x67, 0xb5, 0xb8, 0x31, 0x94, 0x33, 0x66, 0xac, 0xef, 0x35, 0xef, 0x32, 0x53, 0x29, 0x35, 0x22,
    0x42, 0xad, 0x02, 0xb4, 0x8b, 0x2c, 0xe3, 0xac, 0x5d, 0xaf, 0x1e, 0x33, 0x48, 0x32, 0x45, 0xb5,
    0x4c, 0xad, 0x89, 0xb5, 0x15, 0xb1, 0xea, 0x2d, 0xdc, 0x30, 0xc6, 0xad, 0x1e, 0x33, 0x25, 0x36,
    0x7c, 0xb0, 0xb7, 0xb6, 0x49, 0x9f, 0xac, 0xae, 0x8f, 0x9d, 0x68, 0x2e, 0x0c, 0xb0, 0xf1, 0xae,
    0x25, 0x30, 0x1a, 0x31, 0x29, 0x28, 0x4a, 0x35, 0x04, 0x31, 0x49, 0x35, 0xf8, 0x2f, 0x04, 0xaf,
    0x52, 0xac, 0xb2, 0xb2, 0x52, 0xad, 0x8d, 0x30, 0x7d, 0x2f, 0xbf, 0xb0, 0x4e, 0x2e, 0xdd, 0xb0,
    0x13, 0xb3, 0x86, 0x35, 0x9e, 0x36, 0xe5, 0x37, 0xd9, 0xab, 0x0f, 0xb1, 0x00, 0x39, 0x1d, 0xb8,
    0xa3, 0xb4, 0xd3, 0xae, 0x18, 0x22, 0x80, 0x38, 0xe0, 0xab, 0x2a, 0x35, 0x01, 0xab, 0xc2, 0xa8,
    0x3e, 0x30, 0x41, 0xb2, 0x19, 0xa7, 0xb8, 0x30, 0xe6, 0x2f, 0xaf, 0xb8, 0x32, 0x2e, 0x6e, 0x30,
    0x1a, 0x29, 0x13, 0x2b, 0xd5, 0x34, 0x5e, 0x2f, 0xd9, 0x35, 0x2e, 0x35, 0xc2, 0x31, 0xd5, 0xb5,
    0xb3, 0x20, 0x9c, 0xb5, 0x4c, 0x32, 0xe2, 0x36, 0x26, 0xb6, 0x09, 0xb9, 0xf3, 0xac, 0xce, 0x33,
    0xe6, 0xaf, 0xd8, 0x36, 0x11, 0x2d, 0x75, 0xb1, 0x27, 0xa0, 0x08, 0xb3, 0x0c, 0x33, 0x02, 0x34,
    0x03, 0xb4, 0x0d, 0xb3, 0x50, 0x26, 0x3f, 0x35, 0x5b, 0x32, 0xc8, 0xb4, 0x17, 0xad, 0x3c, 0xb6,
    0x02, 0x30, 0xf5, 0x34, 0x40, 0x2a, 0x6c, 0xb0, 0x59, 0xb4, 0x85, 0x20, 0x05, 0xb0, 0xfa, 0xb7,
    0xda, 0xb8, 0x3d, 0x32, 0xdf, 0x34, 0xb5, 0x34, 0xd3, 0x34, 0x47, 0x2d, 0xfd, 0x2e, 0xf8, 0x29,
    0xe9, 0xaf, 0x29, 0x2e, 0x90, 0xb3, 0x9b, 0x32, 0x9c, 0x34, 0x63, 0x37, 0x15, 0x30, 0xa8, 0x32,
    0x8d, 0xb6, 0xd3, 0xb6, 0x0d, 0xba, 0xba, 0x30, 0x36, 0xac, 0x58, 0xb0, 0x90, 0xb8, 0x91, 0xa5,
    0x9d, 0xb6, 0xc2, 0xb0, 0xfa, 0xaf, 0x4e, 0x32, 0x2a, 0x36, 0x6a, 0xaa, 0x7c, 0x30, 0x5a, 0xae,
    0x22, 0x31, 0x72, 0xa8, 0x7e, 0x31, 0x03, 0x33, 0x56, 0x2f, 0x4f, 0x28, 0x1c, 0x31, 0xef, 0xaa,
    0x50, 0x28, 0xd7, 0x2c, 0x14, 0xb7, 0x86, 0x30, 0x32, 0xb8, 0x46, 0x36, 0x78, 0x36, 0xac, 0xb0,
    0xe6, 0xb3, 0x9d, 0x30, 0x80, 0x26, 0xce, 0x24, 0x2d, 0xa6, 0x77, 0xa0, 0x8b, 0xab, 0xa4, 0xaf,
    0x4b, 0xab, 0x11, 0x2d, 0x00, 0x31, 0x05, 0xb4, 0x04, 0x1a, 0x94, 0xad, 0x00, 0x2d, 0x2a, 0x95,
    0xb1, 0x32, 0x92, 0xac, 0x64, 0xb1, 0x61, 0x9f, 0xa8, 0xaa, 0x9b, 0xac, 0x3e, 0x2c, 0x4d, 0xaf,
    0x49, 0xaf, 0xca, 0x2f, 0x8e, 0x31, 0x1b, 0xb2, 0xa2, 0x25, 0xed, 0x30, 0x47, 0x32, 0x77, 0xac,
    0x9f, 0x32, 0xf4, 0x32, 0x05, 0x31, 0x5d, 0x33, 0xf2, 0x2a, 0xfb, 0x2e, 0x06, 0x22, 0x01, 0x30,
    0x0e, 0x32, 0xdb, 0xb2, 0x9e, 0xac, 0x85, 0xb4, 0x3e, 0x2e, 0x6c, 0x2d, 0xd0, 0x2e, 0xec, 0xb3,
    0x38, 0xae, 0x40, 0xa8, 0x45, 0x34, 0x59, 0xb0, 0x8a, 0x21, 0x2e, 0xaa, 0x57, 0x22, 0x71, 0xb4,
    0xce, 0x1d, 0x12, 0x25, 0xdc, 0x33, 0x67, 0x25, 0x83, 0xaf, 0xb0, 0x24, 0x35, 0xa9, 0x8b, 0xae,
    0xe9, 0x2c, 0x8b, 0xa6, 0x57, 0x29, 0x9d, 0x2b, 0x7e, 0xad, 0x14, 0xae, 0x9d, 0xa5, 0x77, 0x21,
    0x62, 0x30, 0x18, 0x32, 0x96, 0x2f, 0xf4, 0x2e, 0xfd, 0x31, 0x52, 0x31, 0x94, 0xb4, 0xaa, 0xb1,
    0xad, 0x26, 0x7a, 0xaf, 0xc5, 0x34, 0x9f, 0x2c, 0x9b, 0x30, 0xeb, 0xad, 0x92, 0x27, 0x6f, 0xae,
    0x77, 0x30, 0xe2, 0x26, 0xc3, 0x2e, 0xad, 0x1f, 0xed, 0xb3, 0xe9, 0xb0, 0x45, 0x2d, 0x26, 0x2f,
    0xed, 0x30, 0xea, 0x2c, 0x20, 0xa8, 0x41, 0x34, 0xbb, 0x30, 0x5e, 0xaf, 0x14, 0xae, 0x67, 0xb0,
    0xa2, 0xb0, 0x97, 0xac, 0x28, 0x32, 0xac, 0x2e, 0x6f, 0xa5, 0xf2, 0x28, 0xe1, 0xb0, 0x7c, 0x2e,
    0x5e, 0x23, 0x09, 0x32, 0xd4, 0x29, 0xda, 0x30, 0x00, 0x29, 0x31, 0x9e, 0xe4, 0x9b, 0xfa, 0x2e,
    0x1e, 0xab, 0xbd, 0x18, 0x38, 0x29, 0x44, 0xaa, 0xb1, 0x28, 0xf6, 0xb1, 0x09, 0xab, 0x6b, 0x2f,
    0xbe, 0x35, 0x04, 0x31, 0x4a, 0x35, 0x7e, 0x34, 0x24, 0xb0, 0xaa, 0x29, 0x02, 0x33, 0xd7, 0x29,
    0xb7, 0xb1, 0x68, 0x30, 0xcb, 0x23, 0x3f, 0xaf, 0x81, 0xab, 0xca, 0x31, 0xde, 0xb4, 0x63, 0xb0,
    0x07, 0xaa, 0xd7, 0xad, 0x09, 0xb0, 0x06, 0xac, 0xa5, 0x9c, 0x59, 0x27, 0x5f, 0xb1, 0x91, 0xa3,
    0xbd, 0x22, 0x35, 0x28, 0xff, 0x32, 0xc6, 0xa1, 0x56, 0x2f, 0x8b, 0x2d, 0x9e, 0x2e, 0x85, 0xac,
    0x82, 0x32, 0x34, 0x2e, 0xf6, 0x19, 0x0e, 0xae, 0x82, 0x2d, 0x66, 0xb2, 0xec, 0x2a, 0xae, 0xb0,
    0x6e, 0xaf, 0xc3, 0x1c, 0xdc, 0x2c, 0x3e, 0x30, 0x9d, 0x2d, 0x28, 0x34, 0xb0, 0xb1, 0x35, 0x33,
    0xd3, 0xb2, 0x02, 0xaf, 0x4f, 0x34, 0xcb, 0xae, 0xea, 0x30, 0xc4, 0x35, 0xf1, 0x28, 0xc4, 0x2e,
    0x45, 0x30, 0x8a, 0xab, 0xfa, 0x1d, 0xd3, 0xae, 0x18, 0xb2, 0x08, 0xae, 0x17, 0xac, 0x5a, 0x27,
    0x8f, 0x94, 0xe2, 0xaf, 0xe3, 0xb2, 0x1a, 0x35, 0xa7, 0x2d, 0x5e, 0xae, 0xe6, 0xaa, 0x05, 0xb3,
    0x66, 0xb0, 0x6a, 0x19, 0x4b, 0xae, 0xd6, 0x9c, 0xce, 0xac, 0xe6, 0xac, 0x28, 0xa9, 0x2a, 0xa8,
    0x92, 0xae, 0xf9, 0xb4, 0xb6, 0x28, 0x36, 0x27, 0xdb, 0x25, 0x89, 0x30, 0x2f, 0xaa, 0xcb, 0x1d,
    0x76, 0xb2, 0xa8, 0x32, 0xe9, 0x30, 0x47, 0xab, 0x4b, 0x2e, 0x20, 0xb3, 0xfa, 0x33, 0xca, 0x2d,
    0x56, 0x34, 0x06, 0xb0, 0x73, 0x31, 0x6f, 0xae, 0x94, 0xab, 0x12, 0xaf, 0x29, 0x33, 0x9e, 0xab,
    0x92, 0xa4, 0xc4, 0x34, 0xce, 0x2f, 0x08, 0xa7, 0x78, 0xa8, 0xe1, 0x25, 0x48, 0xaf, 0xc2, 0xac,
    0x07, 0x2d, 0xa2, 0x26, 0xf1, 0x32, 0xaf, 0x2f, 0x34, 0xa6, 0x25, 0xb2, 0x93, 0x23, 0x51, 0xae,
    0x68, 0x2f, 0x4b, 0xa0, 0x79, 0x2d, 0xee, 0xa9, 0x42, 0xb0, 0x2e, 0x28, 0xf7, 0x2c, 0x5a, 0xa8,
    0x45, 0x2e, 0xb2, 0x2e, 0x9c, 0xa9, 0x9d, 0x20, 0xc5, 0x32, 0xb8, 0xad, 0xbc, 0xae, 0xfe, 0xb2,
    0x06, 0xac, 0x57, 0x34, 0x66, 0xac, 0xb1, 0x35, 0xb6, 0x2a, 0xba, 0x27, 0xcd, 0xac, 0x92, 0xae,
    0xba, 0xaf, 0xef, 0xad, 0xa3, 0x34, 0x89, 0x2d, 0xbe, 0x35, 0x7b, 0x30, 0x9b, 0x2a, 0x6d, 0x2d,
    0x79, 0x2b, 0xce, 0xaf, 0xab, 0x32, 0xc6, 0xac, 0x42, 0xa4, 0x90, 0xaf, 0xaf, 0xb0, 0x2b, 0x2c,
    0x15, 0x31, 0x7e, 0x2b, 0x5d, 0x2f, 0x01, 0x26, 0xa4, 0x1f, 0x82, 0xb1, 0x82, 0xa9, 0x7a, 0xad,
    0x55, 0xae, 0x71, 0x35, 0x60, 0x1b, 0x29, 0xad, 0x95, 0x36, 0xed, 0x2d, 0x21, 0x95, 0x81, 0x34,
    0x32, 0x2a, 0xd4, 0xac, 0x0a, 0xa8, 0xce, 0xac, 0xa0, 0xa9, 0x7e, 0x24, 0x54, 0x28, 0xa9, 0xb2,
    0xd1, 0x2d, 0x03, 0x2b, 0x63, 0x28, 0x6c, 0x2d, 0x86, 0x2d, 0x9e, 0x98, 0xb6, 0x2f, 0xc6, 0x1c,
    0xc0, 0x2a, 0x8b, 0x24, 0xde, 0xad, 0xfa, 0xac, 0x40, 0xb0, 0xb7, 0xb1, 0x0f, 0x2e, 0x0d, 0x2c,
    0xd0, 0xad, 0x4f, 0x26, 0xba, 0xad, 0xc0, 0xac, 0xed, 0x2c, 0x07, 0x2f, 0x8f, 0xae, 0x93, 0x27,
    0x5d, 0xad, 0x1a, 0xb1, 0xb1, 0x26, 0x1e, 0xb0, 0x1d, 0x2b, 0x19, 0xb0, 0xee, 0xac, 0x61, 0x28,
    0xfe, 0xaa, 0x8d, 0x9a, 0xda, 0x2a, 0x27, 0x32, 0x29, 0xb0, 0x9f, 0xa8, 0xf5, 0x30, 0xcf, 0xb4,
    0xc1, 0xae, 0xe1, 0x2c, 0x0f, 0xb1, 0x45, 0x22, 0x96, 0x2c, 0x2c, 0x28, 0xfa, 0x2a, 0x5a, 0x2d,
    0xdc, 0xa8, 0xa0, 0x34, 0x00, 0x26, 0x5c, 0x2e, 0xec, 0xa0, 0x87, 0xb0, 0x68, 0xae, 0xa9, 0x34,
    0x08, 0xab, 0xc5, 0x24, 0xd2, 0x30, 0x21, 0x2c, 0x6b, 0x2a, 0xca, 0x33, 0x60, 0xad, 0xb0, 0xad,
    0x60, 0x2d, 0x2a, 0x34, 0x3f, 0x30, 0x49, 0x30, 0x1b, 0xa5, 0x43, 0xa9, 0x79, 0x98, 0x9b, 0x2c,
    0x5f, 0xac, 0xa1, 0x24, 0xc6, 0x2b, 0x31, 0xa0, 0x5c, 0x34, 0x6e, 0xb2, 0xc9, 0xa2, 0x47, 0xb4,
    0x6e, 0xb0, 0xe5, 0x2e, 0xbb, 0x30, 0x41, 0x2d, 0xc1, 0xaf, 0xc7, 0xac, 0x8e, 0xb1, 0xe5, 0xaf,
    0xbe, 0xaa, 0x06, 0xae, 0x4e, 0x2c, 0x3e, 0x24, 0x74, 0x30, 0x9c, 0x2d, 0x0e, 0xae, 0xbc, 0xa6,
    0xb7, 0xac, 0x07, 0x28, 0xb1, 0x28, 0x4a, 0x2f, 0x87, 0x30, 0xf1, 0xa0, 0x6b, 0xb0, 0x13, 0x2e,
    0x43, 0xb5, 0x97, 0x2d, 0xe9, 0xb5, 0xbb, 0xad, 0x9d, 0x34, 0x73, 0xb2, 0xbb, 0xa8, 0x88, 0xb1,
    0x0b, 0xb4, 0x20, 0xb3, 0xd9, 0xaf, 0xd8, 0xb4, 0x96, 0xb0, 0x5f, 0x2e, 0x96, 0xb4, 0x6b, 0xaf,
    0x90, 0xaf, 0x7a, 0xab, 0xcb, 0x31, 0xac, 0x31, 0x19, 0xb4, 0xa7, 0x2d, 0x50, 0xac, 0x00, 0xb3,
    0xf4, 0x28, 0xfa, 0xa8, 0xe1, 0x34, 0x57, 0x31, 0x53, 0xb0, 0x38, 0x2f, 0x09, 0x30, 0x22, 0xb1,
    0x41, 0x2c, 0x5c, 0xb5, 0x7a, 0x22, 0x6f, 0xad, 0xd7, 0x33, 0xb1, 0xaa, 0x40, 0xb2, 0x51, 0xb4,
    0x17, 0x21, 0x91, 0x34, 0xe7, 0x2f, 0xd9, 0x23, 0xbd, 0x31, 0xfb, 0xb4, 0xfa, 0x34, 0xdd, 0xb3,
    0x57, 0xa8, 0x09, 0x2b, 0x37, 0xa9, 0x2e, 0xa6, 0x5f, 0xac, 0x1f, 0xa4, 0xf7, 0xa8, 0x97, 0xac,
    0x04, 0xb4, 0x26, 0x27, 0x61, 0xad, 0xb0, 0xa1, 0x9c, 0xa2, 0xf4, 0x2c, 0xaa, 0xac, 0x16, 0xab,
    0xf7, 0x34, 0x4c, 0x28, 0x51, 0x2c, 0x77, 0x2f, 0x7b, 0x2c, 0xe3, 0x31, 0xf3, 0x2f, 0x00, 0x26,
    0xd8, 0x31, 0x8f, 0x32, 0x65, 0x30, 0xda, 0x2e, 0xf3, 0x33, 0xa1, 0xb1, 0x7e, 0xb4, 0x51, 0xa3,
    0x7c, 0x26, 0x09, 0xb1, 0xa3, 0x2e, 0xe3, 0xae, 0xde, 0xac, 0xd2, 0x2c, 0xc9, 0x27, 0xc7, 0x2d,
    0xa7, 0xb1, 0xc7, 0x28, 0x76, 0x31, 0xc2, 0xac, 0x76, 0x29, 0x03, 0x2c, 0x76, 0x2e, 0xf4, 0xa6,
    0xf0, 0xb5, 0x68, 0xb2, 0x78, 0xad, 0x91, 0xac, 0x7c, 0xb0, 0xfe, 0x2c, 0x16, 0x32, 0x40, 0x29,
    0x94, 0x34, 0x43, 0xb6, 0x5d, 0x29, 0x25, 0x30, 0x14, 0x20, 0x10, 0xaf, 0x01, 0x30, 0xa7, 0x80,
    0x78, 0x1c, 0xad, 0x31, 0xba, 0xae, 0x13, 0x33, 0x1b, 0x20, 0x1c, 0x26, 0xb5, 0xa6, 0x53, 0xa4,
    0x25, 0x2f, 0xb6, 0xa8, 0xee, 0xa7, 0xc7, 0xa0, 0x91, 0xae, 0x5d, 0x33, 0x8b, 0xac, 0xb5, 0x2f,
    0x56, 0xad, 0x08, 0xb1, 0x80, 0xb3, 0x92, 0xa8, 0x9f, 0x32, 0x4b, 0xb2, 0x6c, 0xaf, 0x76, 0xa9,
    0x34, 0xb4, 0x67, 0xac, 0x0f, 0xad, 0xcb, 0xae, 0xa5, 0x30, 0x7c, 0xb5, 0x4c, 0x2c, 0x68, 0x31,
    0xd2, 0x2f, 0x13, 0xab, 0xd9, 0x2e, 0xd2, 0x2a, 0xe3, 0x1e, 0x97, 0xa7, 0x56, 0xaf, 0x0e, 0x2c,
    0xe8, 0xab, 0xdc, 0xad, 0x07, 0x19, 0xa2, 0xb4, 0x02, 0x32, 0x48, 0xaf, 0xfe, 0x1e, 0xe0, 0x32,
    0xb1, 0x2b, 0xa4, 0x30, 0xf6, 0x2d, 0x76, 0x2f, 0x4d, 0xb1, 0x90, 0xad, 0x97, 0x2c, 0x9c, 0xb1,
    0x7a, 0xaf, 0x6a, 0xae, 0xd5, 0xaf, 0x54, 0xae, 0x7a, 0xaa, 0x63, 0x2e, 0xd2, 0x29, 0x0e, 0xaf,
    0x8d, 0x33, 0x2f, 0x9f, 0x42, 0x32, 0xa9, 0xb0, 0x57, 0x31, 0x21, 0xa4, 0x43, 0x9d, 0xce, 0xad,
    0x06, 0xad, 0x45, 0xa6, 0x90, 0x2e, 0xc9, 0x20, 0x38, 0xac, 0xc3, 0xad, 0x9d, 0x2a, 0x72, 0x22,
    0xc1, 0xb7, 0x7b, 0xb3, 0x4a, 0xb4, 0x83, 0xaf, 0x1f, 0x34, 0xd7, 0x2a, 0x6c, 0xaa, 0x92, 0xb2,
    0x4e, 0xb3, 0xfd, 0xae, 0x1f, 0xb4, 0xf8, 0xac, 0xe3, 0x30, 0x0a, 0x2c, 0xf6, 0xa0, 0x22, 0x28,
    0xd2, 0x2e, 0x09, 0x2d, 0x3d, 0xa8, 0x0f, 0x30, 0x79, 0x28, 0x70, 0x22, 0x28, 0x28, 0xe6, 0xb1,
    0xf1, 0x24, 0x7f, 0x29, 0x01, 0x2c, 0x82, 0x25, 0x04, 0x22, 0x6c, 0x2b, 0x27, 0x34, 0xa5, 0xac,
    0x8f, 0x2f, 0xed, 0xad, 0x68, 0xa4, 0xbe, 0xb0, 0xe0, 0x30, 0x89, 0x32, 0x43, 0xa6, 0x41, 0x30,
    0x5f, 0x2c, 0x2e, 0xb5, 0xf1, 0x1f, 0x5d, 0xb4, 0x3c, 0xb1, 0xa8, 0x26, 0xaf, 0xac, 0x18, 0xb0,
    0xa3, 0x2d, 0x12, 0x35, 0x17, 0xb1, 0xcd, 0x31, 0xf3, 0xac, 0xf9, 0x26, 0x32, 0x29, 0x5e, 0x30,
    0x72, 0x31, 0x72, 0x29, 0x7a, 0x30, 0xb2, 0x2e, 0x24, 0xa8, 0x48, 0x30, 0xe9, 0x22, 0x7d, 0xa7,
    0xa0, 0xb3, 0x9a, 0xb1, 0x2a, 0x1d, 0xf3, 0xa9, 0xb3, 0x2f, 0xd5, 0xac, 0x42, 0xb0, 0x9b, 0x30,
    0x0b, 0xaa, 0xef, 0xb3, 0x13, 0xa6, 0xc5, 0xac, 0xb6, 0xab, 0x5a, 0x35, 0x87, 0xa6, 0x94, 0xb1,
    0x3d, 0x2a, 0xf0, 0x31, 0xd8, 0x29, 0x8c, 0xb2, 0xb8, 0xb3, 0xad, 0x2f, 0xe3, 0xa5, 0x98, 0xb1,
    0x31, 0xae, 0xbc, 0x24, 0xe5, 0x2f, 0xdf, 0x30, 0x36, 0x2f, 0x2a, 0xb0, 0xa1, 0xac, 0xcb, 0xa4,
    0xdf, 0xb1, 0x01, 0xad, 0xd7, 0xaa, 0x39, 0x34, 0x3c, 0x34, 0xc3, 0x30, 0xcb, 0xaa, 0xde, 0x31,
    0xa2, 0xb1, 0x66, 0x31, 0xa3, 0x2d, 0x46, 0xad, 0x39, 0x31, 0x1a, 0xb1, 0xa6, 0x2e, 0x10, 0x2e,
    0x16, 0xb1, 0x33, 0xb1, 0x60, 0x36, 0x95, 0xb1, 0x4c, 0xb0, 0x12, 0x2e, 0xca, 0x34, 0x2d, 0xac,
    0xe1, 0xad, 0x1b, 0xa4, 0xb3, 0x2f, 0x5f, 0xb3, 0x53, 0x31, 0x27, 0x28, 0x90, 0xab, 0xb9, 0xad,
    0x5d, 0xb4, 0xa5, 0xb1, 0x17, 0xa8, 0x88, 0x2c, 0xc7, 0x2d, 0x86, 0xaf, 0x19, 0xad, 0x0d, 0xac,
    0x80, 0x33, 0x2a, 0xa7, 0x91, 0xab, 0xd8, 0x33, 0x2f, 0x30, 0xbf, 0xb7, 0xfa, 0x31, 0xde, 0x36,
    0xf0, 0x32, 0x36, 0x32, 0x1b, 0x26, 0xeb, 0x0d, 0x4c, 0x9c, 0x59, 0x34, 0x4d, 0x30, 0x9f, 0xa9,
    0x5a, 0x9d, 0xcb, 0x31, 0x43, 0xad, 0x1b, 0x34, 0x20, 0x24, 0x3e, 0xb0, 0x47, 0x28, 0x12, 0x97,
    0xb1, 0x1f, 0x94, 0x2c, 0x5c, 0xb4, 0x02, 0xaa, 0x57, 0x2b, 0xbd, 0xb2, 0x5c, 0xb0, 0xaa, 0xae,
    0x5d, 0xb6, 0x5b, 0xb0, 0x2b, 0xa9, 0x78, 0xa6, 0x43, 0xae, 0xcd, 0x2e, 0xa6, 0xb2, 0x61, 0xb2,
    0x2c, 0xae, 0x7b, 0xaf, 0xb4, 0xa1, 0xdf, 0x2d, 0x53, 0x25, 0x66, 0xa5, 0xca, 0x2c, 0x8b, 0x31,
    0xc0, 0xa9, 0x95, 0x2f, 0x6e, 0xa8, 0xa1, 0x2f, 0x9f, 0x2c, 0x6a, 0x24, 0x4f, 0xaf, 0x2e, 0xa7,
    0xbc, 0x28, 0x49, 0x2b, 0x88, 0xaa, 0x1d, 0xb3, 0xae, 0x18, 0x79, 0x2c, 0xd0, 0xa7, 0x51, 0x31,
    0x28, 0xa9, 0x8c, 0x33, 0x70, 0xac, 0xdf, 0x9d, 0x08, 0x30, 0x81, 0xab, 0x06, 0x31, 0xb1, 0xae,
    0x84, 0x29, 0xa5, 0xac, 0x90, 0x35, 0xce, 0x30, 0xeb, 0x2e, 0x61, 0xa0, 0x4e, 0xb3, 0xae, 0x2f,
    0x71, 0x2b, 0x26, 0xa9, 0xf7, 0xac, 0x84, 0xa5, 0x77, 0x2c, 0x0f, 0x2b, 0xdd, 0x30, 0x39, 0x13,
    0x7b, 0x32, 0x00, 0x2f, 0xa2, 0x30, 0xee, 0xae, 0xc6, 0xb1, 0xf7, 0xaf, 0xe8, 0xac, 0x5f, 0x24,
    0x04, 0x24, 0x29, 0xab, 0xa0, 0xaf, 0x33, 0x2c, 0x4d, 0x27, 0x26, 0x33, 0x81, 0xb4, 0x27, 0xb2,
    0xee, 0xb2, 0x64, 0xb0, 0x63, 0xa5, 0xc2, 0x1a, 0x95, 0xa8, 0xbb, 0x30, 0xeb, 0x32, 0x05, 0x2c,
    0x68, 0xaa, 0x70, 0x2c, 0x83, 0x34, 0xd1, 0x2e, 0x70, 0x2d, 0x01, 0x33, 0x87, 0xb1, 0x0b, 0x34,
    0x3d, 0x32, 0xd4, 0x30, 0xfc, 0x2a, 0x42, 0x34, 0x99, 0xae, 0x83, 0x2d, 0x6d, 0x1a, 0x33, 0x90,
    0xb1, 0xae, 0x57, 0x36, 0x91, 0x2d, 0x6b, 0x2a, 0xcf, 0x32, 0x9f, 0x2a, 0x1b, 0x88, 0xb5, 0x2e,
    0x9b, 0x29, 0x52, 0xb1, 0x19, 0x34, 0x6d, 0xab, 0xc8, 0xae, 0x68, 0xaf, 0x67, 0x29, 0x22, 0x2d,
    0x47, 0xb1, 0xa5, 0xad, 0x5c, 0xb0, 0xbc, 0xa6, 0x7a, 0xa7, 0x3a, 0x20, 0x2f, 0xb4, 0x14, 0x99,
    0xfa, 0xb1, 0x4e, 0x18, 0xc8, 0xa8, 0x42, 0x22, 0x71, 0xb2, 0xae, 0xaf, 0x98, 0xb0, 0xb4, 0x2c,
    0x56, 0xb2, 0xfd, 0x31, 0xb4, 0x2c, 0xbe, 0x32, 0x8a, 0xaf, 0xb6, 0xb2, 0xf6, 0xb0, 0x74, 0x30,
    0x95, 0x2e, 0xca, 0x30, 0xb8, 0x2e, 0xbf, 0x1f, 0xf0, 0xb0, 0x70, 0x31, 0xff, 0xa9, 0xfd, 0x2c,
    0xb8, 0x2d, 0x29, 0x26, 0x36, 0x30, 0x06, 0x9c, 0xdc, 0x31, 0x83, 0xb0, 0x5f, 0xa7, 0x05, 0x2c,
    0xa4, 0x18, 0x50, 0x30, 0xaf, 0x32, 0x4e, 0x32, 0x8d, 0xb2, 0x39, 0xa8, 0xde, 0x2c, 0xee, 0x2c,
    0x5e, 0x2d, 0x84, 0xa8, 0x41, 0x2c, 0xbf, 0xac, 0x44, 0xa9, 0xf1, 0xa7, 0x4e, 0xa0, 0x57, 0xa9,
    0x08, 0xa2, 0x18, 0xa8, 0xbf, 0x30, 0xc0, 0xad, 0x45, 0x31, 0x75, 0x28, 0xda, 0xae, 0x90, 0x26,
    0x9c, 0xa4, 0xd0, 0x26, 0xa4, 0x2e, 0x8c, 0xa9, 0x98, 0x2f, 0x53, 0x31, 0x67, 0x2b, 0x2f, 0xb5,
    0xbd, 0xb3, 0x15, 0x2e, 0x31, 0xb4, 0x00, 0xb5, 0x65, 0x21, 0x9e, 0xa9, 0x00, 0xb3, 0x9d, 0xaf,
    0x43, 0xb1, 0x4f, 0xb4, 0xba, 0xb4, 0x41, 0xb6, 0x6b, 0xae, 0xe1, 0xaa, 0xae, 0xb0, 0xc5, 0xb0,
    0xd3, 0x2d, 0xef, 0xad, 0xc7, 0xb5, 0x54, 0x29, 0x61, 0xa6, 0x53, 0x29, 0x24, 0xa6, 0xe4, 0x2e,
    0x26, 0x1d, 0x56, 0x2d, 0x15, 0xad, 0x3f, 0x2c, 0xa5, 0xad, 0x7a, 0xa8, 0xf8, 0x34, 0xae, 0xac,
    0xf1, 0xa9, 0x86, 0xb4, 0xb2, 0x26, 0x59, 0xb2, 0x31, 0xae, 0x16, 0x2d, 0x7b, 0x31, 0x3e, 0x30,
    0xd1, 0x30, 0x10, 0xb0, 0x89, 0xb1, 0x1e, 0x25, 0xc5, 0xab, 0x77, 0xae, 0x2f, 0xb3, 0xca, 0xad,
    0x0c, 0x2e, 0x80, 0x31, 0xa9, 0xa9, 0xad, 0x2b, 0x55, 0x32, 0x72, 0x9a, 0x68, 0x30, 0x89, 0xac,
    0x32, 0x2c, 0x55, 0x2f, 0x28, 0x2c, 0x7a, 0xb0, 0xb5, 0x2b, 0x8b, 0xb0, 0x98, 0x25, 0xcc, 0x30,
    0xe1, 0x2e, 0x19, 0xa9, 0xc9, 0xa0, 0xcd, 0x2f, 0x29, 0xaf, 0x48, 0xa8, 0xc1, 0x29, 0x13, 0xac,
    0x5d, 0x31, 0x5e, 0x30, 0x63, 0x28, 0xcc, 0xad, 0x47, 0x34, 0xe6, 0x2c, 0x57, 0xb0, 0xb8, 0x92,
    0x23, 0x2e, 0x47, 0xb4, 0xfe, 0x30, 0xff, 0x30, 0x21, 0x30, 0x9c, 0xb0, 0x23, 0x9f, 0x37, 0xac,
    0xc1, 0xb1, 0x50, 0xa6, 0xf0, 0xb0, 0x78, 0x30, 0x2f, 0x2c, 0x23, 0xb2, 0x02, 0xad, 0x96, 0x2b,
    0xdf, 0xb6, 0x30, 0xb4, 0x2b, 0xb4, 0xff, 0xb5, 0x13, 0x36, 0x77, 0xb4, 0xb8, 0xb4, 0xa0, 0xb4,
    0x68, 0xab, 0x1b, 0x33, 0xbc, 0x2a, 0xad, 0x2e, 0x55, 0x31, 0x65, 0xac, 0x22, 0x2c, 0x15, 0x2e,
    0xa7, 0xab, 0x6e, 0x32, 0x3b, 0x36, 0x63, 0xb1, 0xa5, 0xb0, 0xab, 0x21, 0xbb, 0x31, 0x57, 0xad,
    0xf6, 0xb2, 0x21, 0x2e, 0x95, 0xaf, 0x27, 0x99, 0x8b, 0xaa, 0x5f, 0x31, 0xd1, 0x32, 0xb9, 0xa8,
    0x3c, 0x35, 0x70, 0x28, 0x00, 0x31, 0x12, 0x2c, 0x0d, 0x28, 0x43, 0x1d, 0xb1, 0x2a, 0xab, 0x2c,
    0xdc, 0x2d, 0x10, 0x34, 0x83, 0x30, 0x23, 0xac, 0x58, 0x2d, 0x50, 0xaa, 0x1d, 0xae, 0x2a, 0x31,
    0x49, 0x2c, 0x0a, 0x9d, 0x42, 0xa3, 0xfa, 0x1a, 0xa1, 0xb0, 0xbb, 0x23, 0xe2, 0x22, 0xcd, 0x17,
    0x11, 0xb4, 0xe0, 0x32, 0xde, 0x32, 0xb1, 0x30, 0x23, 0x26, 0x79, 0x31, 0xd8, 0xac, 0xe5, 0x2c,
    0x8e, 0xac, 0xf9, 0x1d, 0x96, 0xb1, 0x45, 0x29, 0x67, 0x32, 0x00, 0x99, 0x07, 0xb4, 0xd0, 0xad,
    0xa0, 0xb1, 0x49, 0x34, 0xa1, 0x22, 0xbf, 0xb0, 0x57, 0x32, 0x8d, 0x27, 0xbc, 0x31, 0x1e, 0xa8,
    0x23, 0x30, 0x40, 0x2a, 0x2f, 0x37, 0x62, 0xb1, 0x46, 0x30, 0x22, 0xaf, 0xa1, 0xa7, 0xb1, 0x30,
    0xca, 0xa2, 0x8b, 0x22, 0x38, 0xaf, 0xb9, 0x29, 0x0a, 0x28, 0xdb, 0x31, 0x48, 0x24, 0xa5, 0x2d,
    0x31, 0xb4, 0xe3, 0xaf, 0x8f, 0xb4, 0x2f, 0xa6, 0xfe, 0x30, 0x7d, 0xa9, 0x6e, 0xb1, 0x97, 0xb2,
    0x39, 0xaf, 0xfe, 0xb4, 0x18, 0xa5, 0x63, 0xb2, 0x04, 0xb5, 0x81, 0x36, 0xa8, 0xb4, 0x06, 0xb1,
    0x3b, 0x2b, 0x8a, 0xb1, 0xbd, 0x22, 0x74, 0xb0, 0x97, 0x05, 0xed, 0x2b, 0x0e, 0x2a, 0x73, 0xb0,
    0xed, 0x2a, 0xd6, 0x11, 0x07, 0x34, 0x48, 0xb0, 0x15, 0xad, 0xc7, 0x2a, 0xf9, 0xa9, 0xb2, 0x29,
    0x45, 0x2c, 0xb8, 0x30, 0x8e, 0x2e, 0xb2, 0x30, 0x62, 0xae, 0x56, 0xa8, 0x16, 0x9e, 0xb3, 0x2d,
    0x7c, 0xad, 0x71, 0x32, 0x8e, 0x2a, 0x7e, 0x21, 0xd6, 0x30, 0xb3, 0xb0, 0x05, 0x26, 0xe3, 0x2a,
    0x02, 0xac, 0xee, 0xb2, 0x32, 0x36, 0x12, 0xa7, 0x72, 0xab, 0xe7, 0xae, 0x16, 0x2c, 0xa3, 0xae,
    0xc9, 0x2f, 0x94, 0xb1, 0xdf, 0xad, 0x89, 0x33, 0xe3, 0x29, 0xd9, 0x30, 0x79, 0xb4, 0x01, 0xb4,
    0xea, 0xad, 0xe9, 0xb0, 0x67, 0xad, 0xe0, 0x2d, 0x5b, 0x2f, 0x57, 0x34, 0x6c, 0x25, 0xd4, 0x2d,
    0xf3, 0x8b, 0x7e, 0xab, 0x76, 0xaa, 0xd0, 0xa7, 0xb5, 0xb5, 0x6f, 0x32, 0xc1, 0xb5, 0x66, 0xaf,
    0xba, 0xb5, 0x95, 0xb2, 0x60, 0x33, 0x24, 0x25, 0x36, 0x2a, 0xe7, 0x25, 0xcc, 0x28, 0x9c, 0x2c,
    0xfa, 0x2e, 0x13, 0xb1, 0x8d, 0xae, 0x8b, 0x35, 0xc2, 0xae, 0x6c, 0x27, 0x12, 0x2d, 0x35, 0xac,
    0xad, 0xad, 0xaa, 0x18, 0x79, 0xae, 0x8d, 0xad, 0xa0, 0x2a, 0x1a, 0x2f, 0xb7, 0xb3, 0xcb, 0xb2,
    0x42, 0xb1, 0x98, 0xb6, 0x59, 0xb1, 0x42, 0xab, 0x72, 0xaf, 0x38, 0x30, 0xef, 0x2c, 0x9a, 0xb4,
    0x60, 0xb0, 0xf8, 0x31, 0x07, 0xa2, 0x91, 0xb1, 0x6d, 0x29, 0x4f, 0x2c, 0x22, 0xa9, 0xcb, 0xb1,
    0xba, 0xb1, 0xfb, 0x31, 0xf9, 0xad, 0xbc, 0x29, 0x35, 0x91, 0x12, 0x30, 0xab, 0x31, 0xe0, 0x96,
    0x00, 0x34, 0x64, 0x2d, 0xab, 0x2a, 0xd1, 0x2b, 0xd5, 0xb0, 0x65, 0x31, 0x3b, 0x35, 0x16, 0x30,
    0xab, 0xb0, 0x08, 0x33, 0x3c, 0xae, 0x0a, 0xad, 0x2b, 0x25, 0xd6, 0x33, 0x6b, 0x31, 0xa3, 0x21,
    0x93, 0xb5, 0x62, 0x22, 0x80, 0xab, 0x22, 0x30, 0xb0, 0x2d, 0x51, 0xac, 0x88, 0xa4, 0x1e, 0x2c,
    0x1a, 0x2b, 0xa4, 0x2f, 0x7e, 0xa1, 0x49, 0x32, 0x29, 0xab, 0x31, 0x33, 0xcd, 0xb0, 0x09, 0xb1,
    0x15, 0x25, 0xc1, 0x30, 0x11, 0x24, 0x96, 0xb1, 0xaf, 0xa7, 0xdd, 0xad, 0x13, 0xac, 0x68, 0x2b,
    0x25, 0x2c, 0x93, 0xb4, 0x7e, 0x24, 0x8f, 0x2f, 0x52, 0xa8, 0xc0, 0xad, 0x14, 0x2e, 0x4b, 0x2e,
    0x09, 0x30, 0x70, 0x2e, 0x9c, 0xb0, 0x04, 0x32, 0x4b, 0x33, 0xd2, 0xaf, 0x6a, 0x30, 0x15, 0x2d,
    0x9d, 0xb1, 0xd7, 0xaf, 0x3a, 0x1d, 0x9c, 0x31, 0xe5, 0x22, 0x1f, 0x2f, 0x1e, 0x24, 0xfc, 0x2d,
    0x11, 0xb4, 0x32, 0xb5, 0xf3, 0xb0, 0x98, 0xab, 0xca, 0x2f, 0xaa, 0xaa, 0x1e, 0x31, 0x0b, 0x25,
    0x14, 0xb5, 0x48, 0x25, 0x21, 0xb4, 0xee, 0xb3, 0x6a, 0xb2, 0x50, 0x31, 0x54, 0xb4, 0xb9, 0xb0,
    0xa1, 0xb4, 0xd5, 0xb2, 0x14, 0xad, 0x35, 0xae, 0xb7, 0x2e, 0x8e, 0x29, 0x9c, 0x33, 0x82, 0xac,
    0x47, 0xa7, 0x5b, 0x31, 0x07, 0x2d, 0xf8, 0x2e, 0x9b, 0x2f, 0x6a, 0xaa, 0xe0, 0x2d, 0x37, 0xa4,
    0xa2, 0xad, 0x3a, 0x29, 0xaa, 0x22, 0x01, 0xa4, 0x85, 0x2f, 0xc7, 0xb2, 0x31, 0x2f, 0xd4, 0xad,
    0x22, 0x2e, 0x37, 0xb6, 0xcc, 0xb1, 0x33, 0x2f, 0x8f, 0xb1, 0x7e, 0x2f, 0xab, 0xb0, 0x13, 0xaa,
    0x3e, 0xb2, 0x1d, 0xa1, 0x0e, 0xa4, 0x46, 0xb2, 0xea, 0x30, 0x62, 0xa8, 0x13, 0xb1, 0xc0, 0xa8,
    0x34, 0xa4, 0x7d, 0xa9, 0xc8, 0xb1, 0x5a, 0xa9, 0x24, 0xa4, 0x8f, 0x2b, 0xfe, 0x2c, 0xf0, 0xb2,
    0x3f, 0x34, 0x9a, 0x30, 0x23, 0x1d, 0x1f, 0x36, 0x3b, 0x34, 0x92, 0xa7, 0x09, 0x2a, 0x5b, 0xa9,
    0x4a, 0xb3, 0x8e, 0x32, 0xca, 0x31, 0x64, 0x32, 0xfd, 0x33, 0x75, 0xa8, 0x92, 0xab, 0x38, 0x2d,
    0x7c, 0xa3, 0xc6, 0x95, 0x51, 0x33, 0x5b, 0xa9, 0xae, 0xb0, 0xa3, 0x2e, 0xe7, 0xa9, 0xe2, 0xb0,
    0xdf, 0x29, 0x85, 0x2b, 0x0c, 0x32, 0x25, 0xb4, 0x24, 0x2b, 0x94, 0x2f, 0x78, 0xb3, 0x17, 0xa6,
    0x0d, 0x31, 0xc2, 0x2f, 0x93, 0x2b, 0xd0, 0x2f, 0x7b, 0x32, 0xa5, 0xb3, 0x27, 0x31, 0xd9, 0x2b,
    0xcf, 0xac, 0x28, 0x27, 0x13, 0x2e, 0x89, 0x2c, 0xdb, 0x2c, 0xd6, 0xab, 0x20, 0x2c, 0xd1, 0xb0,
    0xeb, 0x1d, 0xa0, 0x24, 0x2d, 0xb0, 0x26, 0xaf, 0xfa, 0xab, 0xd8, 0x32, 0xf5, 0xab, 0x61, 0x24,
    0x7d, 0x24, 0x29, 0xad, 0x91, 0x2e, 0x27, 0x9a, 0xa0, 0x31, 0x2a, 0x30, 0xb9, 0xb4, 0x3f, 0xaa,
    0xc5, 0xb3, 0xdc, 0x31, 0xc2, 0xad, 0x5d, 0xaf, 0x20, 0x2b, 0x3b, 0x28, 0x39, 0xa4, 0x76, 0xa8,
    0xec, 0xb1, 0xab, 0xb1, 0x82, 0xb1, 0x4b, 0xb2, 0x18, 0xa4, 0xbe, 0x31, 0xec, 0xb0, 0x0b, 0xb1,
    0x69, 0x1b, 0x17, 0xa9, 0x3b, 0x33, 0x09, 0x32, 0x1c, 0xaf, 0x0b, 0xa9, 0x6a, 0x1d, 0x10, 0x2b,
    0x47, 0x33, 0x85, 0x31, 0x57, 0x30, 0x95, 0x31, 0x2a, 0xa3, 0xe3, 0x31, 0x4b, 0x2d, 0x9a, 0xb0,
    0x2b, 0x2e, 0xe5, 0xab, 0x81, 0xaf, 0xda, 0x30, 0x17, 0x2d, 0x02, 0xb1, 0xd2, 0xb0, 0xe9, 0xac,
    0x07, 0xb0, 0x87, 0x30, 0xe2, 0x33, 0x6b, 0xaa, 0xc8, 0xaa, 0xc5, 0xb2, 0x94, 0x30, 0x14, 0x2d,
    0x5a, 0xad, 0xde, 0xb5, 0x2f, 0x32, 0x7e, 0x26, 0x39, 0xae, 0x4d, 0x2f, 0xbb, 0x26, 0xf8, 0xb1,
    0x78, 0x29, 0x5f, 0xac, 0x81, 0xaf, 0x33, 0x30, 0x4f, 0x28, 0xe4, 0xa0, 0x2c, 0xb0, 0xee, 0xa7,
    0x51, 0xb4, 0x80, 0xad, 0xa6, 0xaa, 0xcf, 0x2d, 0x15, 0x2e, 0xd6, 0x25, 0xe8, 0xb2, 0xde, 0x2c,
    0xaa, 0x33, 0x01, 0xb0, 0x98, 0xad, 0x19, 0x2d, 0x02, 0xa3, 0x51, 0xa8, 0xbd, 0xb2, 0x2a, 0x2f,
    0x0a, 0xb0, 0x63, 0x33, 0xe1, 0x34, 0x79, 0xac, 0x43, 0x2d, 0x0d, 0x2a, 0xde, 0x2b, 0x8d, 0x25,
    0xbe, 0xa7, 0x3d, 0x2d, 0xe1, 0xad, 0xa2, 0x32, 0x60, 0xae, 0x94, 0x2f, 0x90, 0xa9, 0x13, 0x34,
    0x62, 0xae, 0xf5, 0xb2, 0x9d, 0x31, 0x34, 0x34, 0x1c, 0xb1, 0x55, 0xb1, 0x82, 0xa3, 0x5f, 0x34,
    0x4b, 0xa1, 0x51, 0x30, 0x86, 0x28, 0xed, 0xad, 0xfc, 0x26, 0x7a, 0xac, 0x94, 0xae, 0x5d, 0x34,
    0x38, 0xae, 0x2f, 0xb2, 0x9e, 0xb0, 0x3e, 0x29, 0x69, 0x2b, 0x26, 0xb6, 0x30, 0x32, 0x2d, 0x31,
    0x1a, 0xae, 0x29, 0xaf, 0xf1, 0xb0, 0x39, 0xb3, 0x14, 0x2c, 0xa2, 0x2d, 0xf8, 0x25, 0x6d, 0x27,
    0x52, 0x34, 0x2f, 0x2d, 0x89, 0xaa, 0xaf, 0x32, 0xaf, 0x34, 0x8f, 0xb0, 0x02, 0x30, 0x07, 0x2c,
    0xea, 0xac, 0x5c, 0x33, 0x96, 0x2c, 0x3e, 0xb4, 0xb3, 0x36, 0x61, 0xa5, 0x6c, 0xac, 0x54, 0xa1,
    0x85, 0x2e, 0xc5, 0xb3, 0xe9, 0x29, 0x84, 0x2c, 0x87, 0xb0, 0xa1, 0xa8, 0x56, 0x30, 0xa0, 0xac,
    0x21, 0x2e, 0x7d, 0xa9, 0x95, 0xad, 0xc7, 0xaf, 0x86, 0x95, 0xc3, 0x30, 0x78, 0xa9, 0x4a, 0xae,
    0x18, 0xb2, 0x4a, 0xb4, 0x34, 0xb4, 0x2c, 0xb0, 0x98, 0x31, 0x3e, 0xb3, 0x21, 0xa0, 0x47, 0xae,
    0xd6, 0xb6, 0x15, 0xad, 0x9c, 0x2d, 0x9b, 0xa9, 0x80, 0x33, 0x69, 0xae, 0x09, 0xb3, 0x73, 0x2c,
    0xa0, 0xae, 0x2c, 0xad, 0x26, 0x34, 0xf4, 0x33, 0xa8, 0xa2, 0x3d, 0x29, 0x42, 0xaf, 0x35, 0xaf,
    0x53, 0x30, 0xa1, 0x2c, 0xeb, 0x28, 0x58, 0x31, 0xad, 0xaf, 0x79, 0xaa, 0x23, 0x2c, 0x51, 0xad,
    0x44, 0xa9, 0x3c, 0x25, 0xf4, 0xa8, 0xe6, 0xae, 0x8a, 0x35, 0x9d, 0xb5, 0x6d, 0xb4, 0xf2, 0xb5,
    0x41, 0xb2, 0x7e, 0x2a, 0x64, 0x30, 0x28, 0xac, 0x1f, 0x33, 0xb7, 0xaf, 0x44, 0xa0, 0x23, 0x33,
    0x7a, 0x32, 0x37, 0xa7, 0xec, 0x2e, 0xef, 0x2d, 0xac, 0xaa, 0xc8, 0x33, 0xcc, 0x2d, 0x26, 0xb0,
    0x6d, 0x90, 0xf8, 0x25, 0xc3, 0x2a, 0x0c, 0x30, 0x80, 0x2b, 0x34, 0x29, 0x35, 0x30, 0xde, 0xad,
    0xb4, 0x33, 0x7c, 0x33, 0x22, 0x31, 0x41, 0x35, 0xcc, 0x29, 0x78, 0xad, 0x11, 0x31, 0x64, 0x2e,
    0x3d, 0xae, 0x5a, 0x2b, 0x30, 0xb1, 0x58, 0x2a, 0x5f, 0x2a, 0x50, 0x29, 0xc8, 0xac, 0x69, 0x2a,
    0xc8, 0xaf, 0x04, 0xb1, 0x61, 0x34, 0xd7, 0xa7, 0xd5, 0x2d, 0x98, 0xb1, 0xa0, 0x28, 0xa8, 0xac,
    0xd1, 0xb0, 0xf4, 0x2d, 0x6b, 0x32, 0xce, 0x90, 0xb5, 0xb0, 0x0b, 0xac, 0x44, 0x2b, 0x66, 0x28,
    0x67, 0x2c, 0x7d, 0x30, 0x48, 0xad, 0xf1, 0x34, 0x7a, 0x30, 0x61, 0xac, 0x9d, 0x2b, 0x05, 0xaf,
    0x28, 0xb4, 0x57, 0x36, 0xb1, 0x24, 0x5d, 0xa5, 0xcc, 0x31, 0xe8, 0x30, 0x66, 0xb0, 0xfc, 0xb2,
    0x9a, 0xb4, 0xd1, 0xb3, 0xcb, 0x34, 0x45, 0xb3, 0x3f, 0xa8, 0x43, 0x25, 0xcb, 0xab, 0x5d, 0xb1,
    0xe0, 0x2e, 0x85, 0x2d, 0xd5, 0x30, 0xb5, 0x30, 0x16, 0xa5, 0x0c, 0x34, 0xef, 0x29, 0x22, 0x2d,
    0x60, 0x29, 0x47, 0x26, 0xce, 0x2f, 0x30, 0xab, 0x07, 0xb5, 0x95, 0x2a, 0x68, 0xb2, 0x6a, 0xa2,
    0x79, 0xac, 0x68, 0x30, 0x03, 0x34, 0x5d, 0xa9, 0x9f, 0x31, 0x0d, 0x2f, 0x6b, 0xa4, 0x1f, 0xab,
    0x8a, 0x2c, 0x4d, 0xb0, 0xce, 0x37, 0xa3, 0xa0, 0x89, 0x2a, 0x18, 0xa7, 0x97, 0x2a, 0x99, 0x2b,
    0xe9, 0x32, 0x13, 0x2e, 0xf0, 0x1f, 0x46, 0xa0, 0x76, 0xb0, 0x14, 0x2c, 0x07, 0x28, 0x0d, 0x28,
    0x5d, 0x33, 0x0a, 0xac, 0x57, 0x2a, 0xa1, 0x28, 0x34, 0xb4, 0x1e, 0x2e, 0x27, 0xb2, 0x5d, 0x1d,
    0xaa, 0xb0, 0x27, 0x35, 0x5d, 0x2f, 0x91, 0x33, 0xdf, 0x2f, 0x3e, 0xb0, 0x5b, 0x2c, 0x0b, 0x2d,
    0x10, 0x2a, 0x89, 0xb0, 0x72, 0x32, 0x02, 0x9e, 0x3b, 0xb1, 0x3e, 0xa7, 0x11, 0xb0, 0x24, 0x19,
    0xe2, 0xb0, 0x74, 0xae, 0xaf, 0x24, 0x94, 0x30, 0xe5, 0x1c, 0x23, 0x34, 0x7f, 0xb3, 0x79, 0x2d,
    0x64, 0xaf, 0x93, 0x2a, 0x4b, 0xb0, 0x8c, 0xb6, 0x1b, 0xb2, 0x18, 0x2f, 0x74, 0x2c, 0x26, 0xa2,
    0x2a, 0x2c, 0x0b, 0xb1, 0x39, 0x2d, 0x20, 0xa7, 0x29, 0x25, 0x15, 0xae, 0x9d, 0x25, 0xee, 0xad,
    0x54, 0xa6, 0x18, 0x2f, 0x03, 0xb3, 0xda, 0xa7, 0x94, 0x2a, 0x31, 0xad, 0x3e, 0x2c, 0x24, 0x31,
    0x5c, 0xad, 0x8b, 0xaf, 0xf1, 0x31, 0x59, 0xb4, 0xbc, 0x20, 0xe4, 0xa6, 0x96, 0xaf, 0xf0, 0xa8,
    0x44, 0xb3, 0xbc, 0xac, 0x9e, 0x31, 0x90, 0xad, 0xc1, 0x33, 0x1c, 0x22, 0x82, 0xad, 0x10, 0xa1,
    0x1d, 0x32, 0x8d, 0xb2, 0xd9, 0xad, 0x87, 0x31, 0x90, 0xaf, 0x33, 0xa6, 0xd4, 0xae, 0x35, 0xb0,
    0x0a, 0x34, 0x44, 0x28, 0x3c, 0xb4, 0x25, 0x2c, 0x4c, 0x2c, 0x59, 0xa8, 0x6c, 0xb0, 0x5e, 0x2b,
    0x46, 0xa1, 0xa4, 0xaf, 0x92, 0x2e, 0x46, 0xb4, 0xa5, 0xac, 0x9a, 0xaa, 0x92, 0x33, 0xae, 0xaa,
    0x79, 0xa8, 0xfa, 0xad, 0x0f, 0xb4, 0xda, 0x2c, 0x2e, 0x32, 0x23, 0xb2, 0xb7, 0xb0, 0x23, 0x2b,
    0xad, 0xb4, 0xb0, 0xaf, 0xcc, 0xab, 0xa0, 0xac, 0x20, 0x2d, 0xfa, 0x2a, 0xf8, 0xb0, 0x5d, 0xab,
    0x31, 0xae, 0x7e, 0x28, 0x42, 0x34, 0xe0, 0xaa, 0x9e, 0x29, 0x5a, 0x28, 0x4d, 0xb2, 0xac, 0x33,
    0xf6, 0x30, 0x8c, 0x26, 0x01, 0x2b, 0x00, 0x2d, 0xed, 0xb1, 0xb0, 0x30, 0x4f, 0xa9, 0xa1, 0xa8,
    0x50, 0xa9, 0xc0, 0x2a, 0x49, 0xb6, 0x9f, 0xae, 0x6d, 0x35, 0x85, 0xb2, 0xf3, 0xb1, 0xe0, 0xab,
    0x79, 0x2c, 0x40, 0x33, 0x93, 0x34, 0xb4, 0xaf, 0x19, 0xa6, 0xc4, 0xac, 0x37, 0xac, 0xa2, 0x29,
    0x02, 0x2b, 0x74, 0x2c, 0x2f, 0xa5, 0x8a, 0x30, 0x03, 0x31, 0x09, 0x31, 0x6a, 0xa9, 0x85, 0x28,
    0x7f, 0x25, 0x76, 0x2b, 0x54, 0x33, 0xa0, 0x25, 0x8c, 0x9a, 0xe6, 0x2e, 0x9e, 0x22, 0x1b, 0xaf,
    0x0c, 0x34, 0xee, 0x2a, 0xc2, 0xb0, 0x88, 0xaa, 0x84, 0xac, 0x30, 0x30, 0xea, 0x9f, 0x90, 0xb1,
    0xee, 0xaf, 0x46, 0x36, 0x88, 0x26, 0xbc, 0x31, 0x61, 0x31, 0x67, 0x29, 0x4e, 0x2f, 0x25, 0x29,
    0x16, 0xa4, 0xe2, 0xaf, 0x78, 0x2e, 0x09, 0xa2, 0xbd, 0x2a, 0x37, 0xac, 0x85, 0x34, 0xc1, 0xaa,
    0x44, 0x31, 0x8c, 0xa8, 0x65, 0xa1, 0xab, 0xae, 0x2b, 0x2b, 0xa3, 0x31, 0xe4, 0xb0, 0xc5, 0xb0,
    0x08, 0xa8, 0xcf, 0xad, 0xb9, 0x31, 0xcb, 0xb0, 0x14, 0xb1, 0x7a, 0x1c, 0xf9, 0x26, 0x9c, 0xb0,
    0x45, 0x30, 0x3e, 0xb5, 0x99, 0xb4, 0x5c, 0xb1, 0x56, 0x27, 0xd9, 0x32, 0x6c, 0xb3, 0x53, 0xb5,
    0x0a, 0xb3, 0x26, 0x2d, 0x13, 0x32, 0xdd, 0x07, 0x4d, 0xb0, 0x51, 0xa9, 0x1a, 0xae, 0x98, 0x25,
    0x09, 0x9e, 0x7b, 0x33, 0x1c, 0xa4, 0xbb, 0xad, 0xa7, 0x27, 0x55, 0x2b, 0xa3, 0x2b, 0x5b, 0xa8,
    0xdf, 0x31, 0x93, 0xad, 0x7d, 0xb0, 0x1f, 0x31, 0x47, 0x30, 0x3e, 0xaa, 0x77, 0xac, 0x41, 0xb4,
    0xbf, 0xac, 0xa2, 0x2c, 0x43, 0x2f, 0x4e, 0x22, 0x6c, 0xb0, 0x3e, 0x30, 0x61, 0xad, 0x97, 0x33,
    0xff, 0xb0, 0x68, 0xb0, 0xa3, 0x30, 0x0d, 0xa2, 0x7d, 0xb0, 0x63, 0x35, 0x62, 0x2e, 0x18, 0x1c,
    0xb6, 0x2c, 0xef, 0x30, 0x08, 0x2d, 0x8d, 0xab, 0xde, 0xae, 0x29, 0xa2, 0x9b, 0xae, 0x4f, 0x21,
    0x9e, 0x2d, 0x8b, 0x32, 0xc9, 0xb3, 0xaa, 0x31, 0x4c, 0xac, 0x54, 0x32, 0x24, 0x32, 0x55, 0x1d,
    0x02, 0xb1, 0x08, 0x30, 0x6a, 0x33, 0x4f, 0xa9, 0xfa, 0x2e, 0xfd, 0x9c, 0x00, 0xaf, 0x4e, 0x31,
    0x2b, 0x30, 0xca, 0xb3, 0xa1, 0xa8, 0xb2, 0xaa, 0xad, 0x95, 0xf4, 0xad, 0x1e, 0xa6, 0xa7, 0x25,
    0x0f, 0x1d, 0x9b, 0xa5, 0x12, 0xb5, 0x84, 0xa9, 0xfa, 0x31, 0x52, 0xac, 0x6b, 0x22, 0xe6, 0xb1,
    0x2d, 0x23, 0xa8, 0xae, 0x08, 0x2f, 0x94, 0x2c, 0x5a, 0xab, 0xed, 0xae, 0x46, 0xa2, 0x74, 0xb1,
    0x48, 0xa6, 0x6a, 0x2a, 0xb7, 0xa9, 0x91, 0x24, 0x00, 0x2f, 0x21, 0xb3, 0x1f, 0xa8, 0x5b, 0x30,
    0x19, 0xb1, 0x7e, 0xae, 0x63, 0xa8, 0x01, 0x2e, 0x51, 0x24, 0x87, 0x22, 0xf3, 0x22, 0x78, 0x2c,
    0xe2, 0xb0, 0x4d, 0x31, 0xf0, 0x24, 0xc1, 0xae, 0xcc, 0x31, 0x9c, 0x30, 0x23, 0xb5, 0x5f, 0x2b,
    0x26, 0x2c, 0x7d, 0x2f, 0x8f, 0x9a, 0x0a, 0xaa, 0x7f, 0x2f, 0x8b, 0xb0, 0x0e, 0xa9, 0x50, 0xac,
    0x90, 0xb0, 0x3e, 0x30, 0x9d, 0x32, 0xc3, 0x29, 0x23, 0x31, 0x61, 0x27, 0x53, 0xa5, 0xdf, 0x32,
    0x2d, 0xad, 0x38, 0xa2, 0x50, 0x34, 0x67, 0xa9, 0xfa, 0x2d, 0x10, 0x26, 0x8f, 0xa9, 0xff, 0x2f,
    0x3c, 0xb2, 0x3b, 0x27, 0x0e, 0xb0, 0x4c, 0x31, 0xb8, 0x2d, 0xf3, 0x30, 0x05, 0xa3, 0x6f, 0xa1,
    0x78, 0x1f, 0x0c, 0x29, 0x87, 0x25, 0xe6, 0x9c, 0x6e, 0x2e, 0x80, 0xaa, 0xff, 0x25, 0x76, 0xa7,
    0x12, 0x30, 0x16, 0x34, 0x64, 0x36, 0x22, 0x31, 0xbb, 0xac, 0x43, 0x31, 0xff, 0x2e, 0xee, 0x2e,
    0x06, 0xaf, 0xc9, 0x2d, 0xb4, 0x34, 0x39, 0xb1, 0x77, 0x29, 0x96, 0xae, 0x86, 0x33, 0x46, 0x2e,
    0x05, 0x2c, 0x1d, 0xb1, 0x1b, 0x28, 0x94, 0x2f, 0xeb, 0x2d, 0xed, 0x32, 0x7a, 0xa8, 0x79, 0x25,
    0x96, 0x2a, 0x48, 0x27, 0x1e, 0x33, 0x37, 0x30, 0x1b, 0xb4, 0x16, 0x29, 0x2c, 0x2a, 0x5b, 0xb0,
    0x74, 0x30, 0x6a, 0xb3, 0x10, 0x25, 0x4f, 0xad, 0x4a, 0x29, 0x0b, 0x2c, 0x21, 0xb1, 0xa9, 0xaf,
    0xbb, 0x1a, 0x81, 0xab, 0xea, 0x32, 0xd9, 0xa0, 0xe8, 0xab, 0x20, 0x92, 0x9a, 0xa8, 0x43, 0xb2,
    0x5b, 0x0e, 0x47, 0x20, 0x20, 0xb1, 0xfa, 0xa7, 0xef, 0x2e, 0x1b, 0xaf, 0x89, 0x2e, 0x02, 0x26,
    0x0a, 0xb3, 0xac, 0xb1, 0xd2, 0xac, 0xa4, 0xad, 0xaa, 0xb4, 0xe2, 0x2a, 0x77, 0xae, 0x81, 0x31,
    0x02, 0xb3, 0x52, 0xb4, 0x22, 0xa9, 0xe4, 0xa8, 0xc2, 0xb3, 0xd5, 0xaf, 0x4b, 0x34, 0x7d, 0xb2,
    0x78, 0x2d, 0x23, 0x2f, 0x03, 0xad, 0x4c, 0xb3, 0xd8, 0xad, 0xcb, 0xaf, 0x6a, 0x31, 0xb4, 0x30,
    0x0f, 0x33, 0xb4, 0xa4, 0x62, 0x2e, 0xdc, 0x2b, 0xb7, 0x29, 0x5f, 0xb0, 0xaf, 0xb5, 0x24, 0x34,
    0x44, 0xb0, 0x1a, 0x2d, 0xb2, 0xb0, 0xef, 0x2a, 0xd3, 0xb1, 0x89, 0x20, 0xc1, 0xac, 0x7c, 0x32,
    0x03, 0x26, 0x2d, 0xb2, 0x40, 0xb1, 0x73, 0x25, 0x5f, 0x2b, 0xdd, 0x2f, 0x10, 0x31, 0x7b, 0xa9,
    0x0c, 0xac, 0x73, 0x30, 0x60, 0xac, 0x4d, 0xac, 0x2e, 0x25, 0xdd, 0xad, 0x9b, 0x30, 0xb4, 0x25,
    0x0f, 0x24, 0x4a, 0x2c, 0x41, 0xb0, 0x8a, 0x24, 0x60, 0xb4, 0x37, 0x33, 0xdd, 0xb2, 0xb1, 0xaf,
    0x70, 0x30, 0xf7, 0x2f, 0x89, 0xa9, 0x25, 0xb1, 0xad, 0x31, 0x97, 0xab, 0xe6, 0xac, 0x23, 0xb3,
    0x5f, 0xb5, 0xb2, 0x30, 0xa8, 0x2f, 0x25, 0x34, 0x09, 0x34, 0xe5, 0xb0, 0x71, 0x96, 0x04, 0xb1,
    0x8a, 0x33, 0x65, 0xb4, 0xfb, 0x35, 0x22, 0x16, 0x2e, 0x28, 0x73, 0xb2, 0x95, 0x2c, 0x03, 0x32,
    0xfc, 0x30, 0x5f, 0xb1, 0x82, 0xb0, 0xa5, 0x31, 0xd1, 0xaf, 0x44, 0xb4, 0x5a, 0x2f, 0xe7, 0x17,
    0x4f, 0xa0, 0xd1, 0x2f, 0xde, 0x25, 0x4d, 0xac, 0x92, 0x35, 0xb2, 0xb0, 0xb4, 0xa6, 0x3e, 0xa8,
    0x97, 0xb2, 0x82, 0xa6, 0x8c, 0xb2, 0x04, 0x30, 0x01, 0xb2, 0xad, 0x31, 0xb9, 0xb0, 0xdd, 0xb0,
    0x53, 0xb0, 0x60, 0x31, 0xb1, 0x34, 0x1c, 0xa8, 0x8a, 0xaf, 0xfa, 0x2a, 0x76, 0xaf, 0xf6, 0xa8,
    0x97, 0xae, 0x71, 0x2d, 0x8b, 0xae, 0x61, 0x2c, 0x0b, 0xb0, 0x0b, 0xaf, 0x1d, 0x2f, 0x95, 0x2a,
    0xfd, 0x2c, 0x56, 0x2b, 0xd7, 0x30, 0x66, 0x25, 0x35, 0xa9, 0x24, 0xb5, 0x73, 0xaf, 0x72, 0xae,
    0x03, 0xb0, 0x62, 0x27, 0xdc, 0x28, 0x59, 0xb2, 0x3a, 0xae, 0x18, 0x34, 0x1d, 0x30, 0x70, 0x31,
    0xcc, 0x9a, 0x1e, 0x2a, 0xf7, 0x2c, 0xcd, 0x1a, 0x37, 0x83, 0x14, 0xac, 0xd8, 0xaa, 0x57, 0x31,
    0x36, 0xb2, 0xcc, 0xb2, 0x87, 0x24, 0xf1, 0xa2, 0xd6, 0x31, 0x7c, 0x28, 0x26, 0xaf, 0x1c, 0xb0,
    0x4b, 0x2c, 0x50, 0xaf, 0x10, 0x25, 0x72, 0xae, 0xdd, 0xa9, 0x89, 0x2a, 0x73, 0x30, 0x5c, 0xac,
    0x3f, 0xab, 0x12, 0x97, 0xf3, 0xac, 0x20, 0xac, 0x39, 0xb2, 0xb1, 0xa8, 0x59, 0x35, 0x36, 0xac,
    0x8d, 0xab, 0x15, 0xb0, 0xfb, 0x1e, 0x88, 0x18, 0x81, 0xae, 0x77, 0xa9, 0x77, 0x2c, 0xdd, 0xa0,
    0x42, 0x29, 0x63, 0xb4, 0x0f, 0xb4, 0x27, 0xad, 0x58, 0x2c, 0x66, 0x2d, 0xaa, 0xa8, 0xd9, 0x25,
    0xcb, 0x2e, 0x4b, 0xb1, 0x1d, 0xa5, 0xdf, 0xab, 0xdb, 0x34, 0x0b, 0xaf, 0x14, 0xb2, 0x9e, 0xb1,
    0xc7, 0xb3, 0x8d, 0xb0, 0x5b, 0xaf, 0x40, 0x2e, 0x57, 0x27, 0x81, 0xa4, 0x8e, 0x31, 0xe1, 0x2c,
    0x01, 0x2c, 0x7c, 0x2d, 0xc0, 0xac, 0x9c, 0xb0, 0xcc, 0xad, 0x21, 0x30, 0x35, 0xb4, 0x2e, 0xa6,
    0x6d, 0x34, 0x26, 0xb3, 0x4a, 0x9f, 0xef, 0xad, 0xa6, 0x30, 0xcc, 0x2d, 0x4b, 0x98, 0xa1, 0xb4,
    0x9a, 0x34, 0xb0, 0x2d, 0x52, 0x34, 0x34, 0x30, 0x5b, 0xb3, 0x8b, 0x2d, 0x29, 0x9d, 0x90, 0x2d,
    0x25, 0xb2, 0xe1, 0x30, 0x35, 0xb0, 0x5d, 0xb0, 0x3f, 0xa6, 0xe5, 0x34, 0xd8, 0xb5, 0x4e, 0xa9,
    0x15, 0xb3, 0xa6, 0xb4, 0x22, 0xb1, 0x49, 0xaf, 0xb9, 0xb2, 0x43, 0x9d, 0x86, 0x20, 0x2d, 0x2f,
    0x65, 0xb1, 0x82, 0x28, 0x23, 0x30, 0xf1, 0x30, 0x88, 0xad, 0x6f, 0xaa, 0x3c, 0xad, 0x0c, 0xae,
    0xbc, 0x2b, 0x35, 0x2f, 0xec, 0xad, 0x97, 0x2b, 0xd6, 0xad, 0xa2, 0xac, 0x59, 0x2f, 0xb2, 0x2c,
    0xb8, 0x2f, 0x7c, 0x2c, 0x4e, 0x35, 0x73, 0x2c, 0xb2, 0x31, 0x96, 0x25, 0x43, 0xb2, 0x75, 0xaa,
    0xdb, 0x2f, 0x6e, 0xad, 0x40, 0x32, 0x17, 0x2d, 0xea, 0x31, 0x30, 0x32, 0x45, 0x2d, 0x20, 0x2e,
    0xe7, 0x32, 0x4f, 0xb2, 0x07, 0xb0, 0x3d, 0xae, 0xf6, 0x32, 0xfb, 0x9f, 0xa9, 0xad, 0x34, 0x31,
    0x05, 0x32, 0x4d, 0x31, 0xa1, 0x2f, 0x53, 0x32, 0x43, 0x1e, 0x62, 0x25, 0x65, 0xa2, 0x60, 0xb1,
    0x3f, 0xaf, 0x1a, 0xad, 0xa6, 0x29, 0x42, 0xa6, 0xd9, 0x28, 0x28, 0xab, 0x46, 0xaf, 0xd5, 0xb0,
    0x07, 0xac, 0x36, 0xb3, 0xf8, 0x34, 0xa6, 0x2f, 0xe6, 0xac, 0xc7, 0x2c, 0xbd, 0x31, 0xb8, 0xad,
    0xa5, 0xaf, 0xad, 0x2e, 0x2a, 0xa8, 0x83, 0x2d, 0x4d, 0x1c, 0x06, 0x2e, 0xcb, 0xa9, 0x9c, 0xb4,
    0x2b, 0x30, 0x36, 0x30, 0xa7, 0xab, 0x2b, 0x29, 0x14, 0x25, 0x07, 0x2e, 0xce, 0xb3, 0xe1, 0x9f,
    0x75, 0xac, 0x72, 0x32, 0x4e, 0x35, 0x95, 0x28, 0x7c, 0x20, 0x75, 0x2c, 0x8c, 0x30, 0x48, 0x29,
    0x5c, 0xb1, 0xc3, 0xa7, 0x0b, 0x2c, 0xfb, 0x30, 0xf4, 0xa7, 0x15, 0xa9, 0x8b, 0xb1, 0x90, 0xac,
    0x4c, 0x96, 0x66, 0x27, 0xa6, 0xa0, 0x4b, 0x29, 0xbc, 0xb0, 0x31, 0x28, 0x20, 0xb3, 0x25, 0x35,
    0x64, 0x31, 0x13, 0x32, 0x12, 0x1d, 0x14, 0xb0, 0xca, 0x33, 0x27, 0xb1, 0x9b, 0xa5, 0x46, 0xb1,
    0x28, 0x26, 0x59, 0x30, 0xef, 0x24, 0x91, 0x27, 0x8b, 0xad, 0x9b, 0x2c, 0xe9, 0x2e, 0x55, 0x1e,
    0x94, 0xb1, 0x3d, 0x2d, 0x54, 0xb0, 0x7b, 0x2f, 0x8e, 0x2e, 0x2a, 0xb2, 0x64, 0x2c, 0x62, 0x26,
    0x00, 0x31, 0x57, 0x22, 0x9c, 0x1e, 0x00, 0x24, 0xf2, 0x2e, 0x0e, 0x2e, 0x4d, 0xa8, 0x71, 0x2c,
    0x38, 0xac, 0xf3, 0xac, 0xa0, 0x2d, 0x13, 0xb0, 0x47, 0x29, 0x24, 0x32, 0x0a, 0xb2, 0x51, 0x2e,
    0x66, 0xb2, 0x3b, 0x31, 0x7c, 0xab, 0xe7, 0x33, 0xb0, 0xa8, 0x5e, 0x26, 0x8d, 0x28, 0xa0, 0x23,
    0x97, 0x31, 0xcd, 0x2e, 0x0a, 0x34, 0x23, 0x30, 0x80, 0xac, 0x3b, 0xb1, 0x32, 0x30, 0x59, 0x18,
    0x2b, 0xad, 0xe7, 0xad, 0x56, 0x26, 0xdf, 0xa5, 0xa4, 0xa8, 0x96, 0x2f, 0x2e, 0x1b, 0x93, 0xb0,
    0xe5, 0x30, 0xd6, 0xa2, 0x61, 0x30, 0x35, 0x32, 0x49, 0x31, 0xfd, 0xb0, 0x0b, 0xb2, 0x1d, 0xb1,
    0x5c, 0xb4, 0x13, 0x2f, 0x5e, 0x2f, 0x9d, 0xab, 0x19, 0x30, 0xc1, 0x35, 0xab, 0x29, 0x86, 0xb1,
    0xc1, 0xac, 0x6b, 0xb3, 0x35, 0xb2, 0x6d, 0xaa, 0x66, 0xb2, 0x8c, 0xb0, 0x7c, 0x2c, 0x51, 0x2f,
    0x5b, 0xaa, 0x42, 0x32, 0x08, 0x28, 0xed, 0x1c, 0x89, 0x2e, 0x9e, 0x0d, 0xff, 0x28, 0xbe, 0x98,
    0x6a, 0xb3, 0x11, 0xa6, 0x78, 0x2e, 0xde, 0xab, 0x17, 0xa8, 0x85, 0x22, 0xce, 0x30, 0x4f, 0xa2,
    0x57, 0xad, 0xe9, 0xb4, 0x76, 0xad, 0x20, 0xab, 0x6e, 0x2f, 0xb7, 0xae, 0x47, 0x33, 0x49, 0xb2,
    0x50, 0x30, 0xe7, 0x33, 0xe6, 0xb4, 0x15, 0x30, 0x00, 0x23, 0x2a, 0xb2, 0x08, 0x35, 0xc6, 0xb0,
    0x6f, 0xb4, 0x4f, 0x30, 0xf2, 0xb1, 0x37, 0xac, 0x71, 0xa6, 0xa4, 0x2e, 0x65, 0x30, 0x66, 0x25,
    0xb6, 0x30, 0x6c, 0xad, 0x1d, 0x30, 0x1e, 0x2c, 0x8f, 0xae, 0x93, 0x90, 0x96, 0x30, 0x2e, 0x2f,
    0x78, 0xaf, 0xdb, 0xa4, 0xb8, 0x30, 0x90, 0x29, 0xdb, 0x2d, 0x4b, 0x2f, 0x0f, 0xa6, 0x8d, 0x2c,
    0xab, 0xb2, 0x3b, 0x31, 0x6e, 0x33, 0x15, 0x34, 0xd6, 0xa6, 0x6d, 0xb4, 0x1a, 0xac, 0x1e, 0x34,
    0xd6, 0x2e, 0x49, 0x2e, 0xf7, 0xa7, 0xe9, 0xb0, 0xd7, 0xad, 0x23, 0x2e, 0x53, 0xa8, 0x06, 0x21,
    0xd7, 0x2e, 0x3d, 0x34, 0x5a, 0xb1, 0x67, 0x31, 0x9e, 0x29, 0x0c, 0xac, 0xbe, 0xaa, 0xfd, 0xb0,
    0x76, 0xb3, 0x09, 0x32, 0x9c, 0x34, 0xb3, 0x33, 0x25, 0x33, 0x20, 0xb2, 0xf5, 0x2a, 0xf8, 0x28,
    0x43, 0x27, 0x63, 0x2f, 0x53, 0x16, 0x7c, 0x25, 0xe3, 0xb3, 0x83, 0x2e, 0x6d, 0x2f, 0xf1, 0x32,
    0xe2, 0x31, 0xc2, 0x1e, 0x7c, 0x1c, 0xf3, 0x2c, 0x88, 0x2a, 0x3c, 0x94, 0x39, 0x9c, 0x0b, 0x35,
    0x8c, 0xb7, 0x26, 0xa9, 0xa9, 0xb6, 0x48, 0xb5, 0x1e, 0x36, 0xd8, 0xb4, 0x39, 0xb3, 0xfb, 0x98,
    0x27, 0xb5, 0x17, 0x35, 0x0f, 0x29, 0x7a, 0x2a, 0x51, 0x2c, 0xff, 0xaa, 0x9b, 0x26, 0xf8, 0x31,
    0x0d, 0x34, 0x76, 0xac, 0x40, 0x33, 0x99, 0x9e, 0x18, 0xa7, 0x7c, 0xad, 0xc1, 0x30, 0xaa, 0x29,
    0x9b, 0xa9, 0x0e, 0xb5, 0xe9, 0xb0, 0xa8, 0xa3, 0x30, 0x2c, 0xc0, 0x28, 0xbb, 0xa1, 0xbd, 0x2a,
    0xde, 0xae, 0x3b, 0x2c, 0x0b, 0x2f, 0xc2, 0xb2, 0xda, 0x32, 0x3a, 0xae, 0x25, 0xb2, 0x9b, 0x2f,
    0x46, 0xb0, 0x58, 0xae, 0xe4, 0xb0, 0x9b, 0x2f, 0x52, 0x32, 0xec, 0x28, 0x4a, 0x34, 0xeb, 0xb0,
    0x28, 0xa8, 0x5c, 0x2e, 0x1c, 0x36, 0x0e, 0x2a, 0xfd, 0x29, 0x7a, 0x36, 0xbb, 0xb0, 0x36, 0xae,
    0xe8, 0xaf, 0x4d, 0xad, 0xbf, 0xa9, 0xb4, 0x2c, 0x33, 0xad, 0x64, 0xb3, 0x1b, 0x24, 0x94, 0x8d,
    0x3a, 0xad, 0x57, 0x2c, 0x36, 0x2c, 0x0e, 0xad, 0x23, 0x35, 0x11, 0xb5, 0x37, 0xa1, 0xd9, 0xb1,
    0x2c, 0xad, 0xcc, 0xa1, 0x27, 0x31, 0x39, 0x02, 0xff, 0x22, 0x75, 0x2a, 0x50, 0x2d, 0xc7, 0xb0,
    0x61, 0x34, 0xa4, 0x31, 0xde, 0xae, 0x53, 0x98, 0x6e, 0x36, 0x03, 0x37, 0x1e, 0xa8, 0xb1, 0xaa,
    0x03, 0xa9, 0x94, 0x31, 0x39, 0xa8, 0x5f, 0xa9, 0xa4, 0xae, 0x82, 0x2d, 0xf4, 0x24, 0x6c, 0xae,
    0x71, 0x2d, 0xfc, 0x33, 0x4f, 0xad, 0xf7, 0xa6, 0x77, 0x26, 0x39, 0xb0, 0x2c, 0xb0, 0x01, 0xad,
    0x31, 0xb2, 0x1f, 0xb4, 0x2c, 0xb0, 0x74, 0xb6, 0xfc, 0x21, 0xb8, 0x36, 0x1e, 0xa5, 0x73, 0x2e,
    0x57, 0x2d, 0xbd, 0xb7, 0x85, 0x25, 0xff, 0x29, 0xa3, 0x2e, 0x0d, 0xb1, 0x9a, 0x2d, 0x9a, 0xa1,
    0x95, 0x31, 0xe3, 0x1c, 0x93, 0xb4, 0x81, 0xae, 0x80, 0xb0, 0x93, 0x2b, 0x22, 0x2c, 0x5c, 0x32,
    0x63, 0x24, 0x78, 0x34, 0xfb, 0xaf, 0x51, 0x34, 0x00, 0x2c, 0xfc, 0xad, 0x6a, 0xa8, 0x3e, 0xad,
    0x5e, 0xa3, 0x28, 0x31, 0x20, 0x31, 0xcb, 0x2f, 0xbe, 0xac, 0x40, 0x2c, 0x17, 0xb2, 0xa4, 0x30,
    0x57, 0xad, 0x6a, 0x9e, 0x1c, 0x31, 0xab, 0x1c, 0x97, 0x31, 0x94, 0xa8, 0xd8, 0xa4, 0x27, 0xaa,
    0xb5, 0xb0, 0xbd, 0x29, 0x63, 0x1e, 0x0d, 0xac, 0x7c, 0xb1, 0xba, 0xb0, 0x43, 0xa3, 0x11, 0x32,
    0x1e, 0x2c, 0x63, 0x32, 0x4c, 0xa8, 0xe5, 0x31, 0xf8, 0xb0, 0x04, 0xab, 0x3b, 0x30, 0x04, 0xa3,
    0xa4, 0xaa, 0x0b, 0x36, 0xd0, 0x36, 0x5a, 0x2d, 0x99, 0x33, 0xad, 0x30, 0x05, 0xa4, 0xbc, 0xb4,
    0x65, 0xa8, 0x1b, 0xab, 0x9e, 0x2e, 0xc6, 0x25, 0xdb, 0xaa, 0xcb, 0x2e, 0xcd, 0x31, 0xdd, 0x2c,
    0xb8, 0xaf, 0x44, 0x2c, 0xaf, 0xb0, 0x6a, 0x2b, 0x32, 0xb0, 0x71, 0x28, 0xa0, 0xb4, 0xcd, 0x17,
    0x6f, 0x2d, 0x62, 0x2b, 0xcf, 0xae, 0xb8, 0x30, 0xc9, 0x31, 0xec, 0x1a, 0xc0, 0x29, 0x7f, 0x29,
    0xbd, 0xad, 0xed, 0x30, 0x99, 0x32, 0x45, 0x30, 0x7b, 0x31, 0x64, 0xb5, 0x87, 0xa1, 0xe2, 0x32,
    0x3f, 0xae, 0xe7, 0xa9, 0x57, 0x36, 0x92, 0xac, 0x98, 0xae, 0xb0, 0x2f, 0x84, 0xab, 0x7d, 0xa9,
    0x9f, 0x2b, 0xc4, 0xb4, 0xf1, 0xae, 0x21, 0xb1, 0xa4, 0xa8, 0x38, 0x2e, 0xea, 0xad, 0xed, 0x2b,
    0x82, 0x34, 0xd3, 0x31, 0x08, 0xac, 0x1a, 0x30, 0x52, 0x2c, 0xb2, 0x24, 0x04, 0x2e, 0x33, 0xac,
    0x72, 0x29, 0xba, 0x2a, 0x29, 0x34, 0xa8, 0x99, 0x88, 0x31, 0x13, 0x33, 0x31, 0x2e, 0x3f, 0x2b,
    0x8b, 0xb0, 0x96, 0xb3, 0x27, 0x30, 0xfd, 0xa7, 0x02, 0x2e, 0x50, 0x30, 0x5c, 0x30, 0xa1, 0xaf,
    0x48, 0xac, 0x11, 0x2c, 0x27, 0x2b, 0x23, 0x2e, 0xb6, 0xae, 0x6f, 0x2a, 0x87, 0xaf, 0x14, 0xac,
    0xb0, 0x9b, 0x01, 0xa1, 0x22, 0x9c, 0x14, 0xb4, 0xc0, 0x32, 0x5b, 0xac, 0x48, 0xae, 0x6e, 0x2f,
    0xde, 0xb1, 0x1a, 0xab, 0xb6, 0xa8, 0x2e, 0xa5, 0x71, 0xb1, 0xf3, 0xb1, 0x7f, 0x34, 0x6d, 0x9d,
    0xec, 0xa3, 0x11, 0x30, 0xcc, 0x32, 0x70, 0x28, 0x5f, 0x1f, 0xc1, 0x30, 0x24, 0xa4, 0x44, 0x25,
    0x13, 0xb3, 0xdb, 0x28, 0x92, 0xb0, 0xf6, 0xab, 0x69, 0xaa, 0xf5, 0xaf, 0x02, 0xab, 0x03, 0x28,
    0x2b, 0xb0, 0x3a, 0x2f, 0x10, 0xac, 0x42, 0xa4, 0x75, 0x2b, 0x52, 0xb0, 0xe9, 0xae, 0x1e, 0x31,
    0x61, 0xae, 0xde, 0x31, 0x5e, 0xad, 0x8e, 0x2e, 0x02, 0x2d, 0x76, 0x33, 0x17, 0x31, 0x17, 0xb6,
    0x97, 0xad, 0x88, 0xac, 0x83, 0xae, 0xc1, 0x2e, 0xaf, 0x1c, 0x9a, 0xa1, 0xa8, 0x33, 0xbe, 0x30,
    0x11, 0xb0, 0xd1, 0x2c, 0x19, 0x30, 0x51, 0xb3, 0xab, 0xb0, 0x66, 0x2d, 0x2c, 0xb2, 0x81, 0x31,
    0x88, 0x2f, 0x73, 0x32, 0xda, 0xae, 0xba, 0x30, 0xe9, 0xac, 0xbf, 0xb0, 0x44, 0x9e, 0x00, 0x2d,
    0x85, 0x1c, 0xdd, 0x33, 0x9e, 0x31, 0x71, 0xad, 0x45, 0xb0, 0x91, 0xb2, 0x67, 0x30, 0x8f, 0xb1,
    0xc5, 0x32, 0x3d, 0xae, 0xc4, 0xae, 0x30, 0xaf, 0x6d, 0x99, 0x5f, 0x2e, 0xdf, 0xae, 0x83, 0x2d,
    0xbb, 0x31, 0x33, 0xac, 0xc4, 0xad, 0x53, 0xb1, 0x37, 0x2b, 0x54, 0xad, 0x3e, 0x22, 0xb4, 0x2d,
    0x3e, 0x97, 0xe0, 0xb0, 0x30, 0x2d, 0x26, 0x33, 0x57, 0xb4, 0x4e, 0x30, 0x70, 0x33, 0x38, 0x31,
    0x30, 0x27, 0x63, 0xb4, 0x25, 0xb4, 0x73, 0x29, 0x80, 0xb3, 0xf4, 0x22, 0x12, 0xaf, 0x18, 0x32,
    0x16, 0xb4, 0xc3, 0xb5, 0x60, 0xb2, 0x7b, 0xb0, 0xbc, 0xa2, 0x9a, 0xb0, 0x29, 0xa9, 0x32, 0xb3,
    0x50, 0xb0, 0xc8, 0xab, 0x04, 0xaa, 0x6b, 0x25, 0x97, 0x92, 0x58, 0x34, 0x61, 0xac, 0x4a, 0x2e,
    0x7f, 0x2f, 0xa0, 0xb1, 0x17, 0x34, 0xdf, 0xaa, 0x2b, 0xb3, 0x46, 0x2c, 0xf0, 0xa8, 0xa1, 0x33,
    0x38, 0x19, 0x77, 0xae, 0x24, 0xb0, 0x73, 0xb0, 0xfa, 0xb0, 0xea, 0x30, 0x49, 0xb3, 0x4f, 0xb0,
    0x59, 0xb5, 0xb2, 0xaf, 0xe4, 0x20, 0x88, 0xa8, 0x65, 0x2a, 0xbf, 0x96, 0x94, 0x33, 0xa3, 0xa6,
    0xa7, 0xb0, 0x95, 0x2d, 0xfa, 0x30, 0x16, 0x29, 0x4e, 0x27, 0xff, 0x2f, 0xbe, 0xa1, 0x56, 0x33,
    0xc6, 0x34, 0x85, 0x34, 0x72, 0x21, 0xd6, 0xa0, 0x3b, 0x31, 0x7d, 0xae, 0x4d, 0x29, 0x31, 0xb4,
    0x41, 0xb0, 0x96, 0x35, 0x9d, 0x2c, 0x69, 0x31, 0xf2, 0x31, 0xd3, 0xb2, 0xa3, 0xad, 0x82, 0x33,
    0x51, 0xb4, 0x5f, 0x30, 0xae, 0xb0, 0x8f, 0xab, 0x14, 0x2e, 0x7d, 0xa8, 0x63, 0xb2, 0x7f, 0xa8,
    0xa5, 0xa8, 0xab, 0xac, 0x81, 0xa2, 0xcc, 0xaa, 0xf8, 0xaf, 0x1e, 0x2d, 0x5a, 0x27, 0xab, 0xa9,
    0xf8, 0x2c, 0xe4, 0x2d, 0x7a, 0xb1, 0x16, 0x34, 0xae, 0x34, 0x78, 0xa7, 0x6d, 0xa2, 0x09, 0xb0,
    0xbc, 0xad, 0x89, 0x30, 0xeb, 0x30, 0xb3, 0xb3, 0x1c, 0x30, 0xbb, 0xad, 0xb9, 0x1b, 0xe7, 0x2c,
    0x38, 0x2d, 0xe8, 0xb4, 0xc4, 0x2c, 0x0d, 0x2f, 0x78, 0xa0, 0x63, 0x33, 0xe6, 0x2d, 0xdb, 0xb4,
    0x88, 0x33, 0xce, 0x23, 0x96, 0x2a, 0xf8, 0xac, 0xe3, 0xaa, 0x1c, 0x2e, 0xc1, 0x30, 0x21, 0xad,
    0x18, 0xa6, 0x05, 0xab, 0xb9, 0xac, 0x33, 0xb0, 0xad, 0x32, 0x26, 0x30, 0xdc, 0xb1, 0x64, 0xa6,
    0x67, 0x23, 0x53, 0x24, 0x89, 0x31, 0xd2, 0xac, 0xf9, 0x31, 0x78, 0xae, 0xc5, 0x34, 0x1a, 0x34,
    0x1a, 0x2d, 0xec, 0x30, 0x53, 0xb4, 0xb1, 0x2a, 0x48, 0x9e, 0xb5, 0xb1, 0x1d, 0x2f, 0x30, 0xa5,
    0xc8, 0xae, 0xcf, 0x2e, 0x70, 0x31, 0x00, 0xad, 0x7c, 0xb2, 0xd5, 0xa5, 0x76, 0x30, 0x98, 0xaa,
    0x66, 0xad, 0xf6, 0x30, 0xd8, 0x35, 0x9c, 0x32, 0x0e, 0xb4, 0x64, 0x2b, 0x7f, 0x33, 0x78, 0x2c,
    0xb7, 0x31, 0x00, 0xad, 0x27, 0xae, 0x36, 0x2c, 0x93, 0xaf, 0x42, 0xb3, 0x39, 0x9c, 0x7d, 0x93,
    0x09, 0x33, 0x1c, 0xa4, 0x84, 0x35, 0x3d, 0xac, 0xa8, 0x2f, 0x13, 0x32, 0x21, 0xa8, 0x6b, 0x34,
    0xb2, 0x33, 0xd5, 0x1f, 0xdd, 0xa8, 0x35, 0x9f, 0xc2, 0x29, 0x04, 0x28, 0x52, 0x33, 0x5e, 0x2f,
    0xd7, 0x23, 0x3c, 0xa5, 0x70, 0xa8, 0x2f, 0xb2, 0x50, 0x27, 0x29, 0xb4, 0xc1, 0x2d, 0x62, 0xab,
    0x62, 0xb5, 0x8b, 0x32, 0x32, 0x2c, 0x8c, 0x2c, 0x34, 0x2f, 0x36, 0x31, 0x63, 0xb1, 0x28, 0xa2,
    0x0c, 0xaf, 0xb6, 0xb3, 0x17, 0x36, 0x6f, 0x2c, 0x08, 0x33, 0xd8, 0xb3, 0xfd, 0x31, 0xcf, 0xa8,
    0x89, 0x2f, 0x19, 0xa5, 0x43, 0xae, 0x07, 0x30, 0x12, 0x31, 0x68, 0x2d, 0x13, 0x2d, 0x6e, 0x29,
    0xf4, 0x33, 0x82, 0x2d, 0x35, 0x28, 0x97, 0x2b, 0x46, 0xb1, 0x5d, 0x30, 0xbf, 0xac, 0x27, 0xb0,
    0x53, 0xb4, 0x32, 0x35, 0xea, 0x27, 0x7a, 0x35, 0x38, 0xa5, 0xb0, 0xa6, 0x1d, 0x1f, 0x86, 0x28,
    0xb3, 0x10, 0x90, 0xa0, 0x61, 0x2b, 0x74, 0xb1, 0xe9, 0xa9, 0x56, 0xa9, 0x2f, 0x32, 0xb9, 0x25,
    0x61, 0xa7, 0x68, 0x9e, 0xab, 0xa1, 0xac, 0x2d, 0x27, 0xb0, 0xaf, 0xa3, 0xe5, 0x30, 0xa6, 0xab,
    0x02, 0xad, 0x04, 0x30, 0xce, 0x22, 0x72, 0xaa, 0xf2, 0xaf, 0x78, 0x30, 0xc3, 0xb0, 0xf8, 0x2d,
    0x05, 0xb6, 0xab, 0xa8, 0x87, 0x30, 0xc3, 0xb1, 0x1d, 0xb4, 0xd1, 0xac, 0xc4, 0xb1, 0x41, 0xb4,
    0xf3, 0xb3, 0x5c, 0xb4, 0xdc, 0x31, 0x9a, 0x31, 0x0c, 0x2c, 0x38, 0x32, 0xf9, 0xb0, 0x41, 0xb0,
    0x85, 0xb0, 0x77, 0xa9, 0xef, 0x30, 0x07, 0xb4, 0x89, 0xb1, 0xf8, 0x33, 0x47, 0x25, 0xcd, 0xa8,
    0x82, 0x32, 0x31, 0x2f, 0x8b, 0x22, 0x7c, 0xae, 0x9d, 0x2a, 0x89, 0xab, 0xb7, 0x24, 0xda, 0xaa,
    0xe7, 0xac, 0xe0, 0xb4, 0x36, 0x28, 0x67, 0xb2, 0xa8, 0xa2, 0x53, 0xa5, 0x17, 0xaa, 0x14, 0x2a,
    0x63, 0x2b, 0x80, 0xb1, 0xf0, 0xb0, 0x7a, 0xb2, 0xb9, 0xb0, 0x13, 0x1a, 0xcb, 0x27, 0x01, 0xad,
    0x86, 0x2f, 0x91, 0x31, 0xd9, 0x2f, 0x9f, 0x20, 0x1e, 0x32, 0x32, 0x2f, 0x13, 0xaf, 0xf4, 0x31,
    0x05, 0x2f, 0x22, 0x23, 0x5c, 0xb1, 0xc0, 0xb1, 0x68, 0xb0, 0xd5, 0x29, 0x0f, 0x31, 0x15, 0xa4,
    0x5a, 0xab, 0x96, 0x9c, 0xa6, 0xb0, 0x95, 0xb0, 0x72, 0xb1, 0x18, 0x35, 0xae, 0xb4, 0xd3, 0xac,
    0x14, 0x2c, 0x2f, 0xaa, 0xf6, 0x33, 0xea, 0xa5, 0xe5, 0x9e, 0x5b, 0xa8, 0x15, 0x2d, 0xdd, 0xac,
    0x2b, 0x23, 0xdd, 0xb2, 0xf9, 0xab, 0x9a, 0x2b, 0xb9, 0xa6, 0xbd, 0xa4, 0x7b, 0x98, 0x81, 0xaa,
    0x9c, 0x25, 0x31, 0x9b, 0xa0, 0x2f, 0xbd, 0xb1, 0x10, 0x29, 0x20, 0x2e, 0x35, 0xb3, 0x45, 0x2b,
    0x93, 0xac, 0x1e, 0xb5, 0xb9, 0xab, 0x52, 0xae, 0xab, 0xb4, 0x53, 0x31, 0x00, 0x9b, 0x69, 0x24,
    0x72, 0x1f, 0xbb, 0x32, 0x91, 0xb0, 0x14, 0xa3, 0x12, 0xb2, 0x94, 0x30, 0xce, 0xac, 0xed, 0xab,
    0x70, 0x2c, 0xd6, 0xb3, 0xa4, 0xa3, 0xec, 0xa4, 0x23, 0x19, 0x91, 0x30, 0x7d, 0x2c, 0x48, 0x33,
    0x41, 0x32, 0x46, 0xab, 0x8b, 0x32, 0x08, 0x96, 0x94, 0xb2, 0x24, 0xb4, 0xc9, 0x2b, 0xe3, 0xb0,
    0x82, 0xae, 0x23, 0x30, 0x0c, 0x29, 0xac, 0xaf, 0x6f, 0x2a, 0x26, 0xae, 0x6c, 0xb2, 0x21, 0xae,
    0x2e, 0x23, 0x29, 0xb3, 0xd3, 0x30, 0xe8, 0xae, 0x0c, 0x30, 0x0a, 0xae, 0x99, 0xb2, 0x36, 0x27,
    0x95, 0xad, 0x90, 0xab, 0x3b, 0x27, 0x40, 0x2d, 0xa1, 0x25, 0x63, 0xab, 0x02, 0x34, 0x1d, 0x22,
    0x9d, 0x31, 0xa9, 0x34, 0x33, 0x34, 0x8d, 0x2a, 0x82, 0xae, 0xed, 0xab, 0x6b, 0x30, 0x28, 0x30,
    0xe6, 0xac, 0x66, 0xae, 0xeb, 0x29, 0x5c, 0x9b, 0x7a, 0x2b, 0x34, 0x2d, 0x15, 0xa2, 0xca, 0x30,
    0x21, 0x28, 0x3b, 0xab, 0x99, 0x32, 0x9c, 0x2c, 0x62, 0x31, 0xfe, 0xae, 0x9e, 0x2f, 0xfa, 0x2e,
    0xe2, 0x28, 0x09, 0x28, 0x37, 0x29, 0xd0, 0x91, 0xcf, 0xb0, 0xac, 0xaa, 0x31, 0xa0, 0x0c, 0xaa,
    0x17, 0xaf, 0x32, 0x14, 0xb9, 0x2a, 0x6c, 0xa9, 0x83, 0x2f, 0xa1, 0x29, 0x88, 0xaf, 0x25, 0x2a,
    0xfa, 0xa7, 0xc9, 0xb1, 0x07, 0x30, 0x74, 0x34, 0x64, 0xa7, 0x8c, 0xb4, 0xe5, 0x2c, 0xc1, 0x30,
    0x35, 0xab, 0x86, 0x32, 0x1e, 0xad, 0x84, 0xa9, 0x9c, 0xad, 0x44, 0xa9, 0xdb, 0xb1, 0x1b, 0xa9,
    0xb9, 0x20, 0x19, 0x2d, 0x46, 0x30, 0xdb, 0xa1, 0x26, 0x1e, 0xe5, 0x30, 0x72, 0x22, 0x3f, 0xae,
    0x42, 0xa6, 0x08, 0x24, 0x77, 0xaa, 0x41, 0xa9, 0xed, 0x24, 0xf8, 0xaa, 0x1f, 0xab, 0x7e, 0xae,
    0xe6, 0xb3, 0xde, 0x25, 0xd5, 0xb2, 0x4d, 0x29, 0xa8, 0x26, 0x7f, 0xb2, 0x5e, 0x32, 0xba, 0xa9,
    0xff, 0xb0, 0xd5, 0x34, 0x04, 0xa7, 0x87, 0xa9, 0xcb, 0x9c, 0x15, 0x30, 0x12, 0xaa, 0x3b, 0x2f,
    0xc8, 0x30, 0x81, 0xa8, 0xa3, 0x1f, 0x00, 0xb2, 0x07, 0xad, 0x59, 0x2f, 0x6c, 0x2e, 0x22, 0xad,
    0x65, 0x2c, 0xdc, 0x24, 0x3f, 0xaf, 0xc1, 0x25, 0x57, 0x2c, 0x36, 0x31, 0x64, 0x28, 0xf4, 0xad,
    0xe0, 0xaa, 0x67, 0x34, 0x8f, 0xa3, 0xb2, 0xa4, 0x0c, 0x2a, 0xbe, 0x33, 0xca, 0xa8, 0xa2, 0xb2,
    0xe4, 0xac, 0x61, 0xab, 0x6c, 0x33, 0x42, 0xa6, 0x67, 0xa9, 0xf1, 0xa5, 0x31, 0xb0, 0x50, 0xa6,
    0xc5, 0xb1, 0x76, 0xb2, 0xa9, 0x2a, 0xf5, 0xa6, 0x06, 0xa9, 0x4e, 0xa3, 0x7a, 0x27, 0x8f, 0xaa,
    0xcf, 0xb2, 0xbc, 0x25, 0x79, 0x1e, 0x9f, 0xb4, 0xe3, 0xb0, 0x38, 0x32, 0xa3, 0xad, 0x36, 0x2c,
    0x3c, 0xb2, 0xb8, 0xb1, 0x00, 0x30, 0x61, 0x2e, 0xa4, 0x2a, 0x3c, 0xaa, 0x1a, 0x31, 0x92, 0xae,
    0x02, 0x32, 0x6a, 0x32, 0x41, 0x23, 0xc8, 0x32, 0x97, 0x30, 0x9b, 0xa8, 0x26, 0xa5, 0x22, 0xaa,
    0xdb, 0x2a, 0x92, 0x21, 0xa2, 0x2a, 0x80, 0x28, 0x0e, 0xa4, 0x71, 0x2e, 0xca, 0x2d, 0xb3, 0x28,
    0x54, 0xaf, 0x18, 0xad, 0x9c, 0xaa, 0xa0, 0x2f, 0x55, 0xa9, 0x90, 0xa6, 0xc4, 0xb0, 0x6b, 0x28,
    0x58, 0xb0, 0x8c, 0x33, 0x8b, 0xac, 0xb2, 0x9d, 0x41, 0xad, 0x97, 0x24, 0x8f, 0xa9, 0x6b, 0x2c,
    0xe7, 0xb0, 0x99, 0x21, 0x61, 0x34, 0x43, 0xaf, 0x90, 0xa7, 0xad, 0x25, 0xc3, 0x30, 0xe6, 0x2e,
    0x1a, 0x2e, 0x1d, 0x2e, 0x5e, 0x35, 0x5b, 0x89, 0xdf, 0xa8, 0x5d, 0xac, 0x1d, 0x30, 0x7d, 0xaf,
    0xfc, 0x30, 0xd2, 0x2e, 0x2d, 0x33, 0x0c, 0x33, 0xe4, 0x2d, 0xc1, 0x19, 0x51, 0x30, 0xab, 0xa5,
    0xea, 0x2d, 0x30, 0xa9, 0xce, 0xb0, 0x59, 0x2c, 0x39, 0xb4, 0xc6, 0x33, 0xe9, 0xad, 0x2f, 0xaf,
    0x56, 0xb4, 0xe7, 0xaf, 0x44, 0xa6, 0x5e, 0xa7, 0x50, 0x31, 0xcb, 0xaa, 0x24, 0x28, 0x5d, 0xac,
    0xbb, 0x31, 0x70, 0x21, 0x26, 0x26, 0x6c, 0xae, 0xe0, 0xa8, 0x54, 0x34, 0xdd, 0x2f, 0x95, 0x15,
    0xec, 0x2e, 0xf8, 0xa9, 0x35, 0xb2, 0xa2, 0x29, 0x8f, 0x2b, 0x80, 0xab, 0x61, 0x29, 0x73, 0x2b,
    0x39, 0xb3, 0xd6, 0x27, 0xc9, 0x25, 0xc1, 0x2c, 0xd9, 0x32, 0x61, 0x9e, 0xe5, 0x2d, 0x01, 0x30,
    0x0f, 0xb2, 0x69, 0xb4, 0xc3, 0x33, 0x57, 0x24, 0x03, 0x2d, 0xb0, 0x1f, 0x02, 0xb3, 0x1d, 0x2d,
    0x1d, 0xa7, 0x19, 0xac, 0x7b, 0x9e, 0xec, 0xad, 0x19, 0xac, 0xdf, 0xaa, 0x41, 0xac, 0x55, 0xb0,
    0xaa, 0x28, 0x26, 0x21, 0x95, 0xad, 0x26, 0xb2, 0x9b, 0x35, 0xdf, 0xab, 0x63, 0x2b, 0xdc, 0xb4,
    0x9a, 0xb2, 0x52, 0xaa, 0xaa, 0xa9, 0x90, 0xab, 0x2d, 0xa9, 0xf5, 0x31, 0x76, 0xab, 0x73, 0x34,
    0xb1, 0xac, 0xd1, 0xa7, 0xb2, 0x2f, 0xe8, 0x2b, 0x01, 0xae, 0x5c, 0xae, 0xbd, 0x2f, 0xad, 0x2f,
    0xc7, 0x31, 0x1e, 0x20, 0x5a, 0xa8, 0x3a, 0xac, 0x26, 0xb1, 0x83, 0x32, 0x18, 0x2d, 0xe0, 0x24,
    0xaf, 0x36, 0xe1, 0x32, 0x35, 0xa6, 0x2c, 0x2a, 0x16, 0xaa, 0x5b, 0xac, 0xc3, 0xac, 0xfe, 0xb1,
    0xbd, 0xb1, 0x2f, 0x33, 0xe6, 0x34, 0xcf, 0x2d, 0x5f, 0x32, 0x91, 0x2a, 0xee, 0xaf, 0x46, 0xa9,
    0xad, 0xa9, 0xc2, 0x2c, 0x50, 0xaa, 0xeb, 0x9c, 0xd6, 0xb0, 0xf8, 0x32, 0xf2, 0x21, 0x10, 0x29,
    0xae, 0xae, 0x9c, 0xae, 0xa0, 0x2d, 0xf8, 0x2d, 0x46, 0x2b, 0xf4, 0xa8, 0x06, 0x20, 0xe2, 0x29,
    0x73, 0xad, 0xcf, 0xb2, 0x0d, 0x2d, 0xb8, 0xb0, 0xe7, 0x21, 0x7d, 0x2d, 0xf6, 0xa1, 0x03, 0xa1,
    0x40, 0x30, 0xc4, 0x23, 0x50, 0x27, 0xc5, 0x2c, 0x35, 0x21, 0x58, 0x25, 0x96, 0x2c, 0x96, 0x33,
    0xda, 0x21, 0x1d, 0x34, 0x5e, 0xb5, 0x20, 0x29, 0x29, 0x30, 0xc5, 0xad, 0xd9, 0xb1, 0x27, 0x26,
    0x5b, 0xab, 0x6e, 0x9c, 0x65, 0xb0, 0x79, 0x29, 0xa2, 0x31, 0x70, 0xa9, 0x6f, 0xa9, 0x7e, 0xa1,
    0x39, 0xae, 0x36, 0xb1, 0x20, 0xae, 0xb5, 0xb3, 0x0a, 0x38, 0xef, 0xb2, 0x23, 0xb8, 0x07, 0xb5,
    0x6e, 0xac, 0x47, 0xb6, 0x23, 0xae, 0x69, 0x2d, 0x02, 0xa9, 0x33, 0x32, 0xc8, 0x32, 0x6d, 0xb0,
    0x5b, 0x9f, 0x1d, 0xa5, 0x80, 0x2c, 0x37, 0xad, 0x5b, 0x31, 0x2c, 0xa6, 0x7f, 0xb3, 0x66, 0xb1,
    0xf3, 0xad, 0x2d, 0x2e, 0x3f, 0x2e, 0x39, 0x2e, 0x07, 0x32, 0x24, 0xb1, 0xe8, 0x2c, 0x18, 0xad,
    0x4a, 0x28, 0x59, 0x2e, 0xd4, 0x27, 0x37, 0x31, 0x13, 0xab, 0xae, 0x20, 0xb5, 0x32, 0x8d, 0x96,
    0x3f, 0x30, 0x73, 0x28, 0x86, 0xad, 0x0f, 0x32, 0x05, 0x33, 0xa3, 0xb4, 0x67, 0x12, 0x87, 0x2b,
    0x34, 0x2e, 0x97, 0x2d, 0x1e, 0x32, 0xf1, 0xa9, 0x84, 0x29, 0x58, 0xae, 0x77, 0xad, 0xcb, 0xb0,
    0xca, 0x30, 0x3f, 0x2e, 0xb0, 0x2f, 0x65, 0xa9, 0x65, 0x33, 0x6f, 0x31, 0x25, 0x2e, 0xe2, 0xae,
    0x2c, 0x24, 0x2e, 0x2c, 0xa1, 0xa7, 0x5c, 0x2e, 0x2d, 0xb4, 0x4e, 0x30, 0x54, 0xb1, 0x8b, 0x2a,
    0x9e, 0xac, 0xb4, 0xa1, 0xdb, 0xaf, 0x1c, 0x30, 0x0f, 0x2d, 0xa1, 0x22, 0xcc, 0x30, 0xf6, 0x31,
    0x68, 0x30, 0x3d, 0xb2, 0xc8, 0x32, 0x04, 0x32, 0xbd, 0x2f, 0xe5, 0x2f, 0x3b, 0xab, 0xac, 0xb0,
    0xb9, 0xb2, 0x19, 0x29, 0xf1, 0xa9, 0xf3, 0xaa, 0xf4, 0x2d, 0x92, 0xad, 0x30, 0xaa, 0x0f, 0xaa,
    0x6f, 0xb1, 0x3b, 0xb1, 0x92, 0x2e, 0xf2, 0xb1, 0x32, 0x2d, 0x55, 0x2d, 0x6d, 0xaf, 0x03, 0xb0,
    0xb5, 0xa9, 0x82, 0xb1, 0xe2, 0xb0, 0x1d, 0xa3, 0x54, 0xa8, 0xe1, 0x33, 0xf8, 0xb3, 0x4f, 0x2e,
    0x0c, 0x30, 0x31, 0xa2, 0x46, 0x29, 0x68, 0x2a, 0x09, 0x29, 0x48, 0x32, 0xa2, 0xaf, 0x0f, 0x27,
    0x32, 0xae, 0x7c, 0x32, 0xaa, 0x30, 0xe7, 0xaf, 0x3b, 0x34, 0x6c, 0xb1, 0x92, 0xad, 0x48, 0x2a,
    0x3f, 0x23, 0x18, 0xae, 0x07, 0xb2, 0xc2, 0xb0, 0x85, 0xa4, 0x8c, 0x30, 0x58, 0x30, 0x77, 0xa6,
    0xfa, 0x2e, 0x92, 0x21, 0x99, 0x2c, 0xaa, 0xad, 0xef, 0x29, 0x64, 0x2e, 0xd0, 0x31, 0xe6, 0x95,
    0x9f, 0x30, 0x2a, 0xb2, 0x5e, 0xb1, 0xfe, 0x2b, 0xc0, 0xb0, 0x4f, 0xaf, 0x34, 0x1d, 0x04, 0xb4,
    0x6b, 0x2b, 0xe5, 0xb0, 0xd1, 0x22, 0x87, 0xab, 0x79, 0xa4, 0x9a, 0xa5, 0xd9, 0xaa, 0xb5, 0xb0,
    0xa3, 0x32, 0x24, 0x33, 0x89, 0xae, 0xb7, 0x26, 0x9f, 0x30, 0x9f, 0xa2, 0xb0, 0x2f, 0xe1, 0x24,
    0x38, 0xb1, 0x40, 0x35, 0x15, 0x31, 0x7e, 0x2c, 0x56, 0x30, 0x03, 0x2b, 0x65, 0xb0, 0x15, 0x30,
    0x85, 0xaf, 0x4a, 0xb0, 0xbb, 0x32, 0xa3, 0xaf, 0x8b, 0xb2, 0x2c, 0x2a, 0xa6, 0xa4, 0xeb, 0x2e,
    0x3b, 0xac, 0x95, 0xa6, 0x2c, 0x32, 0xbc, 0x2d, 0x82, 0xa9, 0x81, 0xaf, 0x12, 0x24, 0xcf, 0x2e,
    0x89, 0x31, 0xb8, 0x9f, 0x7c, 0x30, 0x5d, 0x31, 0x6a, 0xaf, 0x26, 0xb0, 0x59, 0x30, 0x88, 0xae,
    0x15, 0xa8, 0x4f, 0x32, 0x09, 0xaa, 0x8e, 0xa9, 0x4f, 0xb1, 0x4a, 0xa9, 0xdc, 0xb0, 0xe2, 0x31,
    0x18, 0xb7, 0x8a, 0xb2, 0x7f, 0x2e, 0x40, 0xab, 0x95, 0x2c, 0xc3, 0xb0, 0xe4, 0x34, 0x0b, 0x2d,
    0xe1, 0xa2, 0x66, 0x34, 0x0d, 0x2f, 0x41, 0x31, 0x5e, 0xa8, 0xe3, 0xac, 0x7e, 0x29, 0xf4, 0xb0,
    0x00, 0x00, 0x00, 0x00, 0x00, 0x00, 0x00, 0x00, 0x00, 0x00, 0x00, 0x00, 0x00, 0x00, 0x00, 0x00,
    0x00, 0x00, 0x00, 0x00, 0x00, 0x00, 0x00, 0x00, 0x00, 0x00, 0x00, 0x00, 0x00, 0x00, 0x00, 0x00,
    0x00, 0x00, 0x00, 0x00, 0x00, 0x00, 0x00, 0x00, 0x00, 0x00, 0x00, 0x00, 0x00, 0x00, 0x00, 0x00,
    0x00, 0x00, 0x00, 0x00, 0x00, 0x00, 0x00, 0x00, 0x00, 0x00, 0x00, 0x00, 0x00, 0x00, 0x00, 0x00,
    0x00, 0x00, 0x00, 0x00, 0x00, 0x00, 0x00, 0x00, 0x00, 0x00, 0x00, 0x00, 0x00, 0x00, 0x00, 0x00,
    0x00, 0x00, 0x00, 0x00, 0x00, 0x00, 0x00, 0x00, 0x00, 0x00, 0x00, 0x00, 0x00, 0x00, 0x00, 0x00,
    0x00, 0x00, 0x00, 0x00, 0x00, 0x00, 0x00, 0x00, 0x00, 0x00, 0x00, 0x00, 0x00, 0x00, 0x00, 0x00,
    0x00, 0x00, 0x00, 0x00, 0x00, 0x00, 0x00, 0x00, 0x00, 0x00, 0x00, 0x00, 0x00, 0x00, 0x00, 0x00,
    0x00, 0x00, 0x00, 0x00, 0x00, 0x00, 0x00, 0x00, 0x00, 0x00, 0x00, 0x00, 0x00, 0x00, 0x00, 0x00,
    0x00, 0x00, 0x00, 0x00, 0x00, 0x00, 0x00, 0x00, 0x00, 0x00, 0x00, 0x00, 0x00, 0x00, 0x00, 0x00,
    0x00, 0x00, 0x00, 0x00, 0x00, 0x00, 0x00, 0x00, 0x00, 0x00, 0x00, 0x00, 0x00, 0x00, 0x00, 0x00,
    0x00, 0x00, 0x00, 0x00, 0x00, 0x00, 0x00, 0x00, 0x00, 0x00, 0x00, 0x00, 0x00, 0x00, 0x00, 0x00,
    0x00, 0x00, 0x00, 0x00, 0x00, 0x00, 0x00, 0x00, 0x00, 0x00, 0x00, 0x00, 0x00, 0x00, 0x00, 0x00,
    0x00, 0x00, 0x00, 0x00, 0x00, 0x00, 0x00, 0x00, 0x00, 0x00, 0x00, 0x00, 0x00, 0x00, 0x00, 0x00,
    0x00, 0x00, 0x00, 0x00, 0x00, 0x00, 0x00, 0x00, 0x00, 0x00, 0x00, 0x00, 0x00, 0x00, 0x00, 0x00,
    0x00, 0x00, 0x00, 0x00, 0x00, 0x00, 0x00, 0x00, 0x00, 0x00, 0x00, 0x00, 0x00, 0x00, 0x00, 0x00,
    0xc4, 0x31, 0x61, 0x2d, 0x56, 0x9e, 0xae, 0x2e, 0x1a, 0x41, 0xe9, 0xac, 0xc6, 0x21, 0xb0, 0xac,
    0x4a, 0xaf, 0x6a, 0x34, 0x32, 0x30, 0xcf, 0x2d, 0x5f, 0x2f, 0x07, 0x41, 0x31, 0xad, 0x7c, 0x2e,
    0xf4, 0xae, 0x67, 0xad, 0x0a, 0xbb, 0x2f, 0x1b, 0x00, 0x00, 0x00, 0x00, 0x00, 0x00, 0x00, 0x00,
    0x00, 0x00, 0x00, 0x00, 0x00, 0x00, 0x00, 0x00, 0x00, 0x00, 0x00, 0x00, 0x00, 0x00, 0x00, 0x00
};

} // namespace upways
