#usda 1.0
(
    defaultPrim = "root"
    metersPerUnit = 1
    upAxis = "Z"
)

def Xform "root"
{
    def Xform "Car" (
        prepend references = @usd/buick rivera-ANKA3DCITY_.usdc@
    )
    {
        over "_materials"
        {
            over "kream"
            {
                over "Principled_BSDF"
                {
                    float inputs:clearcoat = 1
                    float inputs:clearcoatRoughness = 0.03
                    color3f inputs:diffuseColor = (0.74, 0.67, 0.45)
                    float inputs:roughness = 0.15
                }
            }

            over "fiber_carbo"
            {
                over "Principled_BSDF"
                {
                    color3f inputs:diffuseColor = (0.04, 0.04, 0.04)
                    float inputs:roughness = 0.45
                }
            }

            over "G4"
            {
                over "Principled_BSDF"
                {
                    color3f inputs:diffuseColor = (1, 1, 1)
                    float inputs:ior = 1.5
                    float inputs:roughness = 0
                }
            }

            over "wood"
            {
                over "Principled_BSDF"
                {
                    float inputs:clearcoat = 1
                    float inputs:clearcoatRoughness = 0.04
                }
            }
        }
    }

    def Scope "Materials"
    {
        def Material "StudioFloor"
        {
            token outputs:surface.connect = </root/Materials/StudioFloor/PbrShader.outputs:surface>

            def Shader "PbrShader"
            {
                uniform token info:id = "UsdPreviewSurface"
                color3f inputs:diffuseColor = (0.14, 0.14, 0.14)
                float inputs:metallic = 0
                float inputs:roughness = 0.32
                token outputs:surface
            }
        }

        def Material "SoftboxKeyMat"
        {
            token outputs:surface.connect = </root/Materials/SoftboxKeyMat/PbrShader.outputs:surface>

            def Shader "PbrShader"
            {
                uniform token info:id = "UsdPreviewSurface"
                color3f inputs:diffuseColor = (0, 0, 0)
                color3f inputs:emissiveColor = (3, 3, 3)
                token outputs:surface
            }
        }

        def Material "SoftboxRimMat"
        {
            token outputs:surface.connect = </root/Materials/SoftboxRimMat/PbrShader.outputs:surface>

            def Shader "PbrShader"
            {
                uniform token info:id = "UsdPreviewSurface"
                color3f inputs:diffuseColor = (0, 0, 0)
                color3f inputs:emissiveColor = (2.5, 2.5, 2.5)
                token outputs:surface
            }
        }

        def Material "SoftboxTopMat"
        {
            token outputs:surface.connect = </root/Materials/SoftboxTopMat/PbrShader.outputs:surface>

            def Shader "PbrShader"
            {
                uniform token info:id = "UsdPreviewSurface"
                color3f inputs:diffuseColor = (0, 0, 0)
                color3f inputs:emissiveColor = (2, 2, 2)
                token outputs:surface
            }
        }
    }

    def Mesh "StudioCyclorama" (
        prepend apiSchemas = ["MaterialBindingAPI"]
    )
    {
        int[] faceVertexCounts = [4, 4, 4, 4, 4, 4, 4, 4, 4, 4, 4, 4, 4, 4, 4, 4, 4, 4, 4, 4, 4, 4, 4, 4, 4, 4, 4, 4, 4, 4, 4, 4, 4, 4, 4, 4, 4, 4, 4, 4, 4, 4, 4, 4, 4, 4, 4, 4, 4, 4, 4, 4, 4, 4, 4, 4, 4, 4, 4, 4, 4, 4, 4, 4, 4, 4, 4, 4, 4, 4, 4, 4, 4, 4, 4, 4, 4, 4, 4, 4, 4, 4, 4, 4, 4, 4, 4, 4, 4, 4, 4, 4, 4, 4, 4, 4, 4, 4, 4, 4, 4, 4, 4, 4, 4, 4, 4, 4, 4, 4, 4, 4, 4, 4, 4, 4, 4, 4, 4, 4, 4, 4, 4, 4, 4, 4, 4, 4, 4, 4, 4, 4, 4, 4, 4, 4, 4, 4, 4, 4, 4, 4, 4, 4, 4, 4, 4, 4, 4, 4, 4, 4, 4, 4, 4, 4, 4, 4, 4, 4, 4, 4, 4, 4, 4, 4, 4, 4, 4, 4, 4, 4, 4, 4, 4, 4, 4, 4, 4, 4, 4, 4, 4, 4, 4, 4, 4, 4, 4, 4, 4, 4, 4, 4, 4, 4, 4, 4, 4, 4, 4, 4, 4, 4, 4, 4, 4, 4, 4, 4, 4, 4, 4, 4, 4, 4, 4, 4, 4, 4, 4, 4, 4, 4, 4, 4, 4, 4, 4, 4, 4, 4, 4, 4, 4, 4, 4, 4, 4, 4, 4, 4, 4, 4, 4, 4, 4, 4, 4, 4, 4, 4, 4, 4, 4, 4, 4, 4, 4, 4, 4, 4, 4, 4, 4, 4, 4, 4, 4, 4, 4, 4, 4, 4, 4, 4, 4, 4, 4, 4, 4, 4, 4, 4, 4, 4, 4, 4, 4, 4, 4, 4, 4, 4, 4, 4, 4, 4, 4, 4, 4, 4, 4, 4, 4, 4, 4, 4, 4, 4, 4, 4, 4, 4, 4, 4, 4, 4, 4, 4, 4, 4, 4, 4, 4, 4, 4, 4, 4, 4, 4, 4, 4, 4, 4, 4, 4, 4, 4, 4, 4, 4, 4, 4, 4, 4, 4, 4, 4, 4, 4, 4, 4, 4, 4, 4, 4, 4, 4, 4, 4, 4, 4, 4, 4, 4, 4, 4, 4, 4, 4, 4, 4, 4, 4, 4, 4, 4, 4, 4, 4, 4, 4, 4, 4, 4, 4, 4, 4, 4, 4, 4, 4, 4, 4, 4, 4, 4, 4, 4, 4, 4, 4, 4, 4, 4, 4, 4, 4, 4, 4, 4, 4, 4, 4, 4, 4, 4, 4, 4, 4, 4, 4, 4, 4, 4, 4, 4, 4, 4, 4, 4, 4, 4, 4, 4, 4, 4, 4, 4, 4, 4, 4, 4, 4, 4, 4, 4, 4, 4, 4, 4, 4, 4, 4, 4, 4, 4, 4, 4, 4, 4, 4, 4, 4, 4, 4, 4, 4, 4, 4, 4, 4, 4, 4, 4, 4, 4, 4, 4, 4, 4, 4, 4, 4, 4, 4, 4, 4, 4, 4, 4, 4, 4, 4, 4, 4, 4, 4, 4, 4, 4, 4, 4, 4, 4, 4, 4, 4, 4, 4, 4, 4, 4, 4, 4, 4, 4, 4, 4, 4, 4, 4, 4, 4, 4, 4, 4, 4, 4, 4, 4, 4, 4, 4, 4, 4, 4, 4, 4, 4, 4, 4, 4, 4, 4, 4, 4, 4, 4, 4, 4, 4, 4, 4, 4, 4, 4, 4, 4, 4, 4, 4, 4, 4, 4, 4, 4, 4, 4, 4, 4, 4, 4, 4, 4, 4, 4, 4, 4, 4, 4, 4, 4, 4, 4, 4, 4, 4, 4, 4, 4, 4, 4, 4, 4, 4, 4, 4, 4, 4, 4, 4, 4, 4, 4, 4, 4, 4, 4, 4, 4, 4, 4, 4, 4, 4, 4, 4, 4, 4, 4, 4, 4, 4, 4, 4, 4, 4, 4, 4, 4, 4, 4, 4, 4, 4, 4, 4, 4, 4, 4, 4, 4, 4, 4, 4, 4, 4, 4, 4, 4, 4, 4, 4, 4, 4, 4, 4, 4, 4, 4, 4, 4, 4, 4, 4, 4, 4, 4, 4, 4, 4, 4, 4, 4, 4, 4, 4, 4, 4, 4, 4, 4, 4, 4, 4, 4, 4, 4, 4, 4, 4, 4, 4, 4, 4, 4, 4, 4, 4, 4, 4, 4, 4, 4, 4, 4, 4, 4, 4, 4, 4, 4, 4, 4, 4, 4, 4, 4, 4, 4, 4, 4, 4, 4, 4, 4, 4, 4, 4, 4, 4, 4, 4, 4, 4, 4, 4, 4, 4, 4, 4, 4, 4, 4, 4, 4, 4, 4, 4, 4, 4, 4, 4, 4, 4, 4, 4, 4, 4, 4, 4, 4, 4, 4, 4, 4, 4, 4, 4, 4, 4, 4, 4, 4, 4, 4, 4, 4, 4, 4, 4, 4, 4, 4, 4, 4, 4, 4, 4, 4, 4, 4, 4, 4, 4, 4, 4, 4, 4, 4, 4, 4, 4, 4, 4, 4, 4, 4, 4, 4, 4, 4, 4, 4, 4, 4, 4, 4, 4, 4, 4, 4, 4, 4, 4, 4, 4, 4, 4, 4, 4, 4, 4, 4, 4, 4, 4, 4, 4, 4, 4, 4, 4, 4, 4, 4, 4, 4, 4, 4, 4, 4, 4, 4, 4, 4, 4, 4, 4, 4, 4, 4, 4, 4, 4, 4, 4, 4, 4, 4, 4, 4, 4, 4, 4, 4, 4, 4, 4, 4, 4, 4, 4, 4, 4, 4, 4, 4, 4, 4, 4, 4, 4, 4, 4, 4, 4, 4, 4, 4, 4, 4, 4, 4, 4, 4, 4, 4, 4, 4, 4, 4, 4, 4, 4, 4, 4, 4, 4, 4, 4, 4, 4, 4, 4, 4, 4, 4, 4, 4, 4, 4, 4, 4, 4, 4, 4, 4, 4, 4, 4, 4, 4, 4, 4, 4, 4, 4, 4, 4, 4, 4, 4, 4, 4, 4, 4, 4, 4, 4, 4, 4, 4, 4, 4, 4, 4, 4, 4, 4, 4, 4, 4, 4, 4, 4, 4, 4, 4, 4, 4, 4, 4, 4, 4, 4, 4, 4, 4, 4, 4, 4, 4, 4, 4, 4, 4, 4, 4, 4, 4, 4, 4, 4, 4, 4, 4, 4, 4, 4, 4, 4, 4, 4, 4, 4, 4, 4, 4, 4, 4, 4, 4, 4, 4, 4, 4, 4, 4, 4, 4, 4, 4, 4, 4, 4, 4, 4, 4, 4, 4, 4, 4, 4, 4, 4, 4, 4, 4, 4, 4, 4, 4, 4, 4, 4, 4, 4, 4, 4, 4, 4, 4, 4, 4, 4, 4, 4, 4, 4, 4, 4, 4, 4, 4, 4, 4, 4, 4, 4, 4, 4, 4, 4, 4, 4, 4, 4, 4, 4, 4, 4, 4, 4, 4, 4, 4, 4, 4, 4, 4, 4, 4, 4, 4, 4, 4, 4, 4, 4, 4, 4, 4, 4, 4, 4, 4, 4, 4, 4, 4, 4, 4, 4, 4, 4, 4, 4, 4, 4, 4, 4, 4, 4, 4, 4, 4, 4, 4, 4, 4, 4, 4, 4, 4, 4, 4, 4, 4, 4, 4, 4, 4, 4, 4, 4, 4, 4, 4, 4, 4, 4, 4, 4, 4, 4, 4, 4, 4, 4, 4, 4, 4, 4, 4, 4, 4, 4, 4, 4, 4, 4, 4, 4, 4, 4, 4, 4, 4, 4, 4, 4, 4, 4, 4, 4, 4, 4, 4, 4, 4, 4, 4, 4, 4, 4, 4, 4, 4, 4, 4, 4, 4, 4, 4, 4, 4, 4, 4, 4, 4, 4, 4, 4, 4, 4, 4, 4, 4, 4, 4, 4, 4, 4, 4, 4, 4, 4, 4, 4, 4, 4, 4, 4, 4, 4, 4, 4, 4, 4, 4, 4, 4, 4, 4, 4, 4, 4, 4, 4, 4, 4, 4, 4, 4, 4, 4, 4, 4, 4, 4, 4, 4, 4, 4, 4, 4, 4, 4, 4, 4, 4, 4, 4, 4, 4, 4, 4, 4, 4, 4, 4, 4, 4, 4, 4, 4, 4, 4, 4, 4, 4, 4, 4, 4, 4, 4, 4, 4, 4, 4, 4, 4, 4, 4, 4, 4, 4, 4, 4, 4, 4, 4, 4, 4, 4, 4, 4, 4, 4, 4, 4, 4, 4, 4, 4, 4, 4, 4, 4, 4, 4, 4, 4, 4, 4, 4, 4, 4, 4, 4, 4, 4, 4, 4, 4, 4, 4, 4, 4, 4, 4, 4, 4, 4, 4, 4, 4, 4, 4, 4, 4, 4, 4, 4, 4, 4, 4, 4, 4, 4, 4, 4, 4, 4, 4, 4, 4, 4, 4, 4, 4, 4, 4, 4, 4, 4, 4, 4, 4, 4, 4, 4, 4, 4, 4, 4, 4, 4, 4, 4, 4, 4, 4, 4, 4, 4, 4, 4, 4, 4, 4, 4, 4, 4, 4, 4, 4, 4, 4, 4, 4, 4, 4, 4, 4, 4, 4, 4, 4, 4, 4, 4, 4, 4, 4, 4, 4, 4, 4, 4, 4, 4, 4, 4, 4, 4, 4, 4, 4, 4, 4, 4, 4, 4, 4, 4, 4, 4, 4, 4, 4, 4, 4, 4, 4, 4, 4, 4, 4, 4, 4, 4, 4, 4, 4, 4, 4, 4, 4, 4, 4, 4, 4, 4, 4, 4, 4, 4, 4, 4, 4, 4, 4, 4, 4, 4, 4, 4, 4, 4, 4, 4, 4, 4, 4, 4, 4, 4, 4, 4, 4, 4, 4, 4, 4, 4, 4, 4, 4, 4, 4, 4, 4, 4, 4, 4, 4, 4, 4, 4, 4, 4, 4, 4, 4, 4, 4, 4, 4, 4, 4, 4, 4, 4, 4, 4, 4, 4, 4, 4, 4, 4, 4, 4, 4, 4, 4, 4, 4, 4, 4, 4, 4, 4, 4, 4, 4, 4, 4, 4, 4, 4, 4, 4, 4, 4, 4, 4, 4, 4, 4, 4, 4, 4, 4, 4, 4, 4, 4, 4, 4, 4, 4, 4, 4, 4, 4, 4, 4, 4, 4, 4, 4, 4, 4, 4, 4, 4, 4, 4, 4, 4, 4, 4, 4, 4, 4, 4, 4, 4, 4, 4, 4, 4, 4, 4, 4, 4, 4, 4, 4, 4, 4, 4, 4, 4, 4, 4, 4, 4, 4, 4, 4, 4, 4, 4, 4, 4, 4, 4, 4, 4, 4, 4, 4, 4, 4, 4, 4, 4, 4, 4, 4, 4, 4, 4, 4, 4, 4, 4, 4, 4, 4, 4, 4, 4, 4, 4, 4, 4, 4, 4, 4, 4, 4, 4, 4, 4, 4, 4, 4, 4, 4, 4, 4, 4, 4, 4, 4, 4, 4, 4, 4, 4, 4, 4, 4, 4, 4, 4, 4, 4, 4, 4, 4, 4, 4, 4, 4, 4, 4, 4, 4, 4, 4, 4, 4, 4, 4, 4, 4, 4, 4, 4, 4, 4, 4, 4, 4, 4, 4, 4, 4, 4, 4, 4, 4, 4, 4, 4, 4, 4, 4, 4, 4, 4, 4, 4, 4, 4, 4, 4, 4, 4, 4, 4, 4, 4, 4, 4, 4, 4, 4, 4, 4, 4, 4, 4, 4, 4, 4, 4, 4, 4, 4, 4, 4, 4, 4, 4, 4, 4, 4, 4, 4, 4, 4, 4, 4, 4, 4, 4, 4, 4, 4, 4, 4, 4, 4, 4, 4, 4, 4, 4, 4, 4, 4, 4, 4, 4, 4, 4, 4, 4, 4, 4, 4, 4, 4, 4, 4, 4, 4, 4, 4, 4, 4, 4, 4, 4, 4, 4, 4, 4, 4, 4, 4, 4, 4, 4, 4, 4, 4, 4, 4, 4, 4, 4, 4, 4, 4, 4, 4, 4, 4, 4, 4, 4, 4, 4, 4, 4, 4, 4, 4, 4, 4, 4, 4, 4, 4, 4, 4, 4, 4, 4, 4, 4, 4, 4, 4, 4, 4, 4, 4, 4, 4, 4, 4, 4, 4, 4, 4, 4, 4, 4, 4, 4, 4, 4, 4, 4, 4, 4, 4, 4, 4, 4, 4, 4, 4, 4, 4, 4, 4, 4, 4, 4, 4, 4, 4, 4, 4, 4, 4, 4, 4, 4, 4, 4, 4, 4, 4, 4, 4, 4, 4, 4, 4, 4, 4, 4, 4, 4, 4, 4, 4, 4, 4, 4, 4, 4, 4, 4, 4, 4, 4, 4, 4, 4, 4, 4, 4, 4, 4, 4, 4, 4, 4, 4, 4, 4, 4, 4, 4, 4, 4, 4, 4, 4, 4, 4, 4, 4, 4, 4, 4, 4, 4, 4, 4, 4, 4, 4, 4, 4, 4, 4, 4, 4, 4, 4, 4, 4, 4, 4, 4, 4, 4, 4, 4, 4, 4, 4, 4, 4, 4, 4, 4, 4, 4, 4, 4, 4, 4, 4, 4, 4, 4, 4, 4, 4, 4, 4, 4, 4, 4, 4, 4, 4, 4, 4, 4, 4, 4, 4, 4, 4, 4, 4, 4, 4, 4, 4, 4, 4, 4, 4, 4, 4, 4, 4, 4, 4, 4, 4, 4, 4, 4, 4, 4, 4, 4, 4, 4, 4, 4, 4, 4, 4, 4, 4, 4, 4, 4, 4, 4, 4, 4, 4, 4, 4, 4, 4, 4, 4, 4, 4, 4, 4, 4, 4, 4, 4, 4, 4, 4, 4, 4, 4, 4, 4, 4, 4, 4, 4, 4, 4, 4, 4, 4, 4, 4, 4, 4, 4, 4, 4, 4, 4, 4, 4, 4, 4, 4, 4, 4, 4, 4, 4, 4, 4, 4, 4, 4, 4, 4, 4, 4, 4, 4, 4, 4, 4, 4, 4, 4, 4, 4, 4, 4, 4, 4, 4, 4, 4, 4, 4, 4, 4, 4, 4, 4, 4, 4, 4, 4, 4, 4, 4, 4, 4, 4, 4, 4, 4, 4, 4, 4, 4, 4, 4, 4, 4, 4, 4, 4, 4, 4, 4, 4, 4, 4, 4, 4, 4, 4, 4, 4, 4, 4, 4, 4, 4, 4, 4, 4, 4, 4, 4, 4, 4, 4, 4, 4, 4, 4, 4, 4, 4, 4, 4, 4, 4, 4, 4, 4, 4, 4, 4, 4, 4, 4, 4, 4, 4, 4, 4, 4, 4, 4, 4, 4, 4, 4, 4, 4, 4, 4, 4, 4, 4, 4, 4, 4, 4, 4, 4, 4, 4, 4, 4, 4, 4, 4, 4, 4, 4, 4, 4, 4, 4, 4, 4, 4, 4, 4, 4, 4, 4, 4, 4, 4, 4, 4, 4, 4, 4, 4, 4, 4, 4, 4, 4, 4, 4, 4, 4, 4, 4, 4, 4, 4, 4, 4, 4, 4, 4, 4, 4, 4, 4, 4, 4, 4, 4, 4, 4, 4, 4, 4, 4, 4, 4, 4, 4, 4, 4, 4, 4, 4, 4, 4, 4, 4, 4, 4, 4, 4, 4, 4, 4, 4, 4, 4, 4, 4, 4, 4, 4, 4, 4, 4, 4, 4, 4, 4, 4, 4, 4, 4, 4, 4, 4, 4, 4, 4, 4, 4, 4, 4, 4, 4, 4, 4, 4, 4, 4, 4, 4, 4, 4, 4, 4, 4, 4, 4, 4, 4, 4, 4, 4, 4, 4, 4, 4, 4, 4, 4, 4, 4, 4, 4, 4, 4, 4, 4, 4, 4, 4, 4, 4, 4, 4, 4, 4, 4, 4, 4, 4, 4, 4, 4, 4, 4, 4, 4, 4, 4, 4, 4, 4, 4, 4, 4, 4, 4, 4, 4, 4, 4, 4, 4, 4, 4, 4, 4, 4, 4, 4, 4, 4, 4, 4, 4, 4, 4, 4, 4, 4, 4, 4, 4, 4, 4, 4, 4, 4, 4, 4, 4, 4, 4, 4, 4, 4, 4, 4, 4, 4, 4, 4, 4, 4, 4, 4, 4, 4, 4, 4, 4, 4, 4, 4, 4, 4, 4, 4, 4, 4, 4, 4, 4, 4, 4, 4, 4, 4, 4, 4, 4, 4, 4, 4, 4, 4, 4, 4, 4, 4, 4, 4, 4, 4, 4, 4, 4, 4, 4, 4, 4, 4, 4, 4, 4, 4, 4, 4, 4, 4, 4, 4, 4, 4, 4, 4, 4, 4, 4, 4, 4, 4, 4, 4, 4, 4, 4, 4, 4, 4, 4, 4, 4, 4, 4, 4, 4, 4, 4, 4, 4, 4, 4, 4, 4, 4, 4, 4, 4, 4, 4, 4, 4, 4, 4, 4, 4, 4, 4, 4, 4, 4, 4, 4, 4, 4, 4, 4, 4, 4, 4, 4, 4, 4, 4, 4, 4, 4, 4, 4, 4, 4, 4, 4, 4, 4, 4, 4, 4, 4, 4, 4, 4, 4, 4, 4, 4, 4, 4, 4, 4, 4, 4, 4, 4, 4, 4, 4, 4, 4, 4, 4, 4, 4, 4, 4, 4, 4, 4, 4, 4, 4, 4, 4, 4, 4, 4, 4, 4, 4, 4, 4, 4, 4, 4, 4, 4, 4, 4, 4, 4, 4, 4, 4, 4, 4, 4, 4, 4, 4, 4, 4, 4, 4, 4, 4, 4, 4, 4, 4, 4, 4, 4, 4, 4, 4, 4, 4, 4, 4, 4, 4, 4, 4, 4, 4, 4, 4, 4, 4, 4, 4, 4, 4, 4, 4, 4, 4, 4, 4, 4, 4, 4, 4, 4, 4, 4, 4, 4, 4, 4, 4, 4, 4, 4, 4, 4, 4, 4, 4, 4, 4, 4, 4, 4, 4, 4, 4, 4, 4, 4, 4, 4, 4, 4, 4, 4, 4, 4, 4, 4, 4, 4, 4, 4, 4, 4, 4, 4, 4, 4, 4, 4, 4, 4, 4, 4, 4, 4, 4, 4, 4, 4, 4, 4, 4, 4, 4, 4, 4, 4, 4, 4, 4, 4, 4, 4, 4, 4, 4, 4, 4, 4, 4, 4, 4, 4, 4, 4, 4, 4, 4, 4, 4, 4, 4, 4, 4, 4, 4, 4, 4, 4, 4, 4, 4, 4, 4, 4, 4, 4, 4, 4, 4, 4, 4, 4, 4, 4, 4, 4, 4, 4, 4, 4, 4, 4, 4, 4, 4, 4, 4, 4, 4, 4, 4, 4, 4, 4, 4, 4, 4, 4, 4, 4, 4, 4, 4, 4, 4, 4, 4, 4, 4, 4, 4, 4, 4, 4, 4, 4, 4, 4, 4, 4, 4, 4, 4, 4, 4, 4, 4, 4, 4, 4, 4, 4, 4, 4, 4, 4, 4, 4, 4, 4, 4, 4, 4, 4, 4, 4, 4, 4, 4, 4, 4, 4, 4, 4, 4, 4, 4, 4, 4, 4, 4, 4, 4, 4, 4, 4, 4, 4, 4, 4, 4, 4, 4, 4, 4, 4, 4, 4, 4, 4, 4, 4, 4, 4, 4, 4, 4, 4, 4, 4, 4, 4, 4, 4, 4, 4, 4, 4, 4, 4, 4, 4, 4, 4, 4, 4, 4, 4, 4, 4, 4, 4, 4, 4, 4, 4, 4, 4, 4, 4, 4, 4, 4, 4, 4, 4, 4, 4, 4, 4, 4, 4, 4, 4, 4, 4, 4, 4]
        int[] faceVertexIndices = [0, 1, 46, 45, 1, 2, 47, 46, 2, 3, 48, 47, 3, 4, 49, 48, 4, 5, 50, 49, 5, 6, 51, 50, 6, 7, 52, 51, 7, 8, 53, 52, 8, 9, 54, 53, 9, 10, 55, 54, 10, 11, 56, 55, 11, 12, 57, 56, 12, 13, 58, 57, 13, 14, 59, 58, 14, 15, 60, 59, 15, 16, 61, 60, 16, 17, 62, 61, 17, 18, 63, 62, 18, 19, 64, 63, 19, 20, 65, 64, 20, 21, 66, 65, 21, 22, 67, 66, 22, 23, 68, 67, 23, 24, 69, 68, 24, 25, 70, 69, 25, 26, 71, 70, 26, 27, 72, 71, 27, 28, 73, 72, 28, 29, 74, 73, 29, 30, 75, 74, 30, 31, 76, 75, 31, 32, 77, 76, 32, 33, 78, 77, 33, 34, 79, 78, 34, 35, 80, 79, 35, 36, 81, 80, 36, 37, 82, 81, 37, 38, 83, 82, 38, 39, 84, 83, 39, 40, 85, 84, 40, 41, 86, 85, 41, 42, 87, 86, 42, 43, 88, 87, 43, 44, 89, 88, 45, 46, 91, 90, 46, 47, 92, 91, 47, 48, 93, 92, 48, 49, 94, 93, 49, 50, 95, 94, 50, 51, 96, 95, 51, 52, 97, 96, 52, 53, 98, 97, 53, 54, 99, 98, 54, 55, 100, 99, 55, 56, 101, 100, 56, 57, 102, 101, 57, 58, 103, 102, 58, 59, 104, 103, 59, 60, 105, 104, 60, 61, 106, 105, 61, 62, 107, 106, 62, 63, 108, 107, 63, 64, 109, 108, 64, 65, 110, 109, 65, 66, 111, 110, 66, 67, 112, 111, 67, 68, 113, 112, 68, 69, 114, 113, 69, 70, 115, 114, 70, 71, 116, 115, 71, 72, 117, 116, 72, 73, 118, 117, 73, 74, 119, 118, 74, 75, 120, 119, 75, 76, 121, 120, 76, 77, 122, 121, 77, 78, 123, 122, 78, 79, 124, 123, 79, 80, 125, 124, 80, 81, 126, 125, 81, 82, 127, 126, 82, 83, 128, 127, 83, 84, 129, 128, 84, 85, 130, 129, 85, 86, 131, 130, 86, 87, 132, 131, 87, 88, 133, 132, 88, 89, 134, 133, 90, 91, 136, 135, 91, 92, 137, 136, 92, 93, 138, 137, 93, 94, 139, 138, 94, 95, 140, 139, 95, 96, 141, 140, 96, 97, 142, 141, 97, 98, 143, 142, 98, 99, 144, 143, 99, 100, 145, 144, 100, 101, 146, 145, 101, 102, 147, 146, 102, 103, 148, 147, 103, 104, 149, 148, 104, 105, 150, 149, 105, 106, 151, 150, 106, 107, 152, 151, 107, 108, 153, 152, 108, 109, 154, 153, 109, 110, 155, 154, 110, 111, 156, 155, 111, 112, 157, 156, 112, 113, 158, 157, 113, 114, 159, 158, 114, 115, 160, 159, 115, 116, 161, 160, 116, 117, 162, 161, 117, 118, 163, 162, 118, 119, 164, 163, 119, 120, 165, 164, 120, 121, 166, 165, 121, 122, 167, 166, 122, 123, 168, 167, 123, 124, 169, 168, 124, 125, 170, 169, 125, 126, 171, 170, 126, 127, 172, 171, 127, 128, 173, 172, 128, 129, 174, 173, 129, 130, 175, 174, 130, 131, 176, 175, 131, 132, 177, 176, 132, 133, 178, 177, 133, 134, 179, 178, 135, 136, 181, 180, 136, 137, 182, 181, 137, 138, 183, 182, 138, 139, 184, 183, 139, 140, 185, 184, 140, 141, 186, 185, 141, 142, 187, 186, 142, 143, 188, 187, 143, 144, 189, 188, 144, 145, 190, 189, 145, 146, 191, 190, 146, 147, 192, 191, 147, 148, 193, 192, 148, 149, 194, 193, 149, 150, 195, 194, 150, 151, 196, 195, 151, 152, 197, 196, 152, 153, 198, 197, 153, 154, 199, 198, 154, 155, 200, 199, 155, 156, 201, 200, 156, 157, 202, 201, 157, 158, 203, 202, 158, 159, 204, 203, 159, 160, 205, 204, 160, 161, 206, 205, 161, 162, 207, 206, 162, 163, 208, 207, 163, 164, 209, 208, 164, 165, 210, 209, 165, 166, 211, 210, 166, 167, 212, 211, 167, 168, 213, 212, 168, 169, 214, 213, 169, 170, 215, 214, 170, 171, 216, 215, 171, 172, 217, 216, 172, 173, 218, 217, 173, 174, 219, 218, 174, 175, 220, 219, 175, 176, 221, 220, 176, 177, 222, 221, 177, 178, 223, 222, 178, 179, 224, 223, 180, 181, 226, 225, 181, 182, 227, 226, 182, 183, 228, 227, 183, 184, 229, 228, 184, 185, 230, 229, 185, 186, 231, 230, 186, 187, 232, 231, 187, 188, 233, 232, 188, 189, 234, 233, 189, 190, 235, 234, 190, 191, 236, 235, 191, 192, 237, 236, 192, 193, 238, 237, 193, 194, 239, 238, 194, 195, 240, 239, 195, 196, 241, 240, 196, 197, 242, 241, 197, 198, 243, 242, 198, 199, 244, 243, 199, 200, 245, 244, 200, 201, 246, 245, 201, 202, 247, 246, 202, 203, 248, 247, 203, 204, 249, 248, 204, 205, 250, 249, 205, 206, 251, 250, 206, 207, 252, 251, 207, 208, 253, 252, 208, 209, 254, 253, 209, 210, 255, 254, 210, 211, 256, 255, 211, 212, 257, 256, 212, 213, 258, 257, 213, 214, 259, 258, 214, 215, 260, 259, 215, 216, 261, 260, 216, 217, 262, 261, 217, 218, 263, 262, 218, 219, 264, 263, 219, 220, 265, 264, 220, 221, 266, 265, 221, 222, 267, 266, 222, 223, 268, 267, 223, 224, 269, 268, 225, 226, 271, 270, 226, 227, 272, 271, 227, 228, 273, 272, 228, 229, 274, 273, 229, 230, 275, 274, 230, 231, 276, 275, 231, 232, 277, 276, 232, 233, 278, 277, 233, 234, 279, 278, 234, 235, 280, 279, 235, 236, 281, 280, 236, 237, 282, 281, 237, 238, 283, 282, 238, 239, 284, 283, 239, 240, 285, 284, 240, 241, 286, 285, 241, 242, 287, 286, 242, 243, 288, 287, 243, 244, 289, 288, 244, 245, 290, 289, 245, 246, 291, 290, 246, 247, 292, 291, 247, 248, 293, 292, 248, 249, 294, 293, 249, 250, 295, 294, 250, 251, 296, 295, 251, 252, 297, 296, 252, 253, 298, 297, 253, 254, 299, 298, 254, 255, 300, 299, 255, 256, 301, 300, 256, 257, 302, 301, 257, 258, 303, 302, 258, 259, 304, 303, 259, 260, 305, 304, 260, 261, 306, 305, 261, 262, 307, 306, 262, 263, 308, 307, 263, 264, 309, 308, 264, 265, 310, 309, 265, 266, 311, 310, 266, 267, 312, 311, 267, 268, 313, 312, 268, 269, 314, 313, 270, 271, 316, 315, 271, 272, 317, 316, 272, 273, 318, 317, 273, 274, 319, 318, 274, 275, 320, 319, 275, 276, 321, 320, 276, 277, 322, 321, 277, 278, 323, 322, 278, 279, 324, 323, 279, 280, 325, 324, 280, 281, 326, 325, 281, 282, 327, 326, 282, 283, 328, 327, 283, 284, 329, 328, 284, 285, 330, 329, 285, 286, 331, 330, 286, 287, 332, 331, 287, 288, 333, 332, 288, 289, 334, 333, 289, 290, 335, 334, 290, 291, 336, 335, 291, 292, 337, 336, 292, 293, 338, 337, 293, 294, 339, 338, 294, 295, 340, 339, 295, 296, 341, 340, 296, 297, 342, 341, 297, 298, 343, 342, 298, 299, 344, 343, 299, 300, 345, 344, 300, 301, 346, 345, 301, 302, 347, 346, 302, 303, 348, 347, 303, 304, 349, 348, 304, 305, 350, 349, 305, 306, 351, 350, 306, 307, 352, 351, 307, 308, 353, 352, 308, 309, 354, 353, 309, 310, 355, 354, 310, 311, 356, 355, 311, 312, 357, 356, 312, 313, 358, 357, 313, 314, 359, 358, 315, 316, 361, 360, 316, 317, 362, 361, 317, 318, 363, 362, 318, 319, 364, 363, 319, 320, 365, 364, 320, 321, 366, 365, 321, 322, 367, 366, 322, 323, 368, 367, 323, 324, 369, 368, 324, 325, 370, 369, 325, 326, 371, 370, 326, 327, 372, 371, 327, 328, 373, 372, 328, 329, 374, 373, 329, 330, 375, 374, 330, 331, 376, 375, 331, 332, 377, 376, 332, 333, 378, 377, 333, 334, 379, 378, 334, 335, 380, 379, 335, 336, 381, 380, 336, 337, 382, 381, 337, 338, 383, 382, 338, 339, 384, 383, 339, 340, 385, 384, 340, 341, 386, 385, 341, 342, 387, 386, 342, 343, 388, 387, 343, 344, 389, 388, 344, 345, 390, 389, 345, 346, 391, 390, 346, 347, 392, 391, 347, 348, 393, 392, 348, 349, 394, 393, 349, 350, 395, 394, 350, 351, 396, 395, 351, 352, 397, 396, 352, 353, 398, 397, 353, 354, 399, 398, 354, 355, 400, 399, 355, 356, 401, 400, 356, 357, 402, 401, 357, 358, 403, 402, 358, 359, 404, 403, 360, 361, 406, 405, 361, 362, 407, 406, 362, 363, 408, 407, 363, 364, 409, 408, 364, 365, 410, 409, 365, 366, 411, 410, 366, 367, 412, 411, 367, 368, 413, 412, 368, 369, 414, 413, 369, 370, 415, 414, 370, 371, 416, 415, 371, 372, 417, 416, 372, 373, 418, 417, 373, 374, 419, 418, 374, 375, 420, 419, 375, 376, 421, 420, 376, 377, 422, 421, 377, 378, 423, 422, 378, 379, 424, 423, 379, 380, 425, 424, 380, 381, 426, 425, 381, 382, 427, 426, 382, 383, 428, 427, 383, 384, 429, 428, 384, 385, 430, 429, 385, 386, 431, 430, 386, 387, 432, 431, 387, 388, 433, 432, 388, 389, 434, 433, 389, 390, 435, 434, 390, 391, 436, 435, 391, 392, 437, 436, 392, 393, 438, 437, 393, 394, 439, 438, 394, 395, 440, 439, 395, 396, 441, 440, 396, 397, 442, 441, 397, 398, 443, 442, 398, 399, 444, 443, 399, 400, 445, 444, 400, 401, 446, 445, 401, 402, 447, 446, 402, 403, 448, 447, 403, 404, 449, 448, 405, 406, 451, 450, 406, 407, 452, 451, 407, 408, 453, 452, 408, 409, 454, 453, 409, 410, 455, 454, 410, 411, 456, 455, 411, 412, 457, 456, 412, 413, 458, 457, 413, 414, 459, 458, 414, 415, 460, 459, 415, 416, 461, 460, 416, 417, 462, 461, 417, 418, 463, 462, 418, 419, 464, 463, 419, 420, 465, 464, 420, 421, 466, 465, 421, 422, 467, 466, 422, 423, 468, 467, 423, 424, 469, 468, 424, 425, 470, 469, 425, 426, 471, 470, 426, 427, 472, 471, 427, 428, 473, 472, 428, 429, 474, 473, 429, 430, 475, 474, 430, 431, 476, 475, 431, 432, 477, 476, 432, 433, 478, 477, 433, 434, 479, 478, 434, 435, 480, 479, 435, 436, 481, 480, 436, 437, 482, 481, 437, 438, 483, 482, 438, 439, 484, 483, 439, 440, 485, 484, 440, 441, 486, 485, 441, 442, 487, 486, 442, 443, 488, 487, 443, 444, 489, 488, 444, 445, 490, 489, 445, 446, 491, 490, 446, 447, 492, 491, 447, 448, 493, 492, 448, 449, 494, 493, 450, 451, 496, 495, 451, 452, 497, 496, 452, 453, 498, 497, 453, 454, 499, 498, 454, 455, 500, 499, 455, 456, 501, 500, 456, 457, 502, 501, 457, 458, 503, 502, 458, 459, 504, 503, 459, 460, 505, 504, 460, 461, 506, 505, 461, 462, 507, 506, 462, 463, 508, 507, 463, 464, 509, 508, 464, 465, 510, 509, 465, 466, 511, 510, 466, 467, 512, 511, 467, 468, 513, 512, 468, 469, 514, 513, 469, 470, 515, 514, 470, 471, 516, 515, 471, 472, 517, 516, 472, 473, 518, 517, 473, 474, 519, 518, 474, 475, 520, 519, 475, 476, 521, 520, 476, 477, 522, 521, 477, 478, 523, 522, 478, 479, 524, 523, 479, 480, 525, 524, 480, 481, 526, 525, 481, 482, 527, 526, 482, 483, 528, 527, 483, 484, 529, 528, 484, 485, 530, 529, 485, 486, 531, 530, 486, 487, 532, 531, 487, 488, 533, 532, 488, 489, 534, 533, 489, 490, 535, 534, 490, 491, 536, 535, 491, 492, 537, 536, 492, 493, 538, 537, 493, 494, 539, 538, 495, 496, 541, 540, 496, 497, 542, 541, 497, 498, 543, 542, 498, 499, 544, 543, 499, 500, 545, 544, 500, 501, 546, 545, 501, 502, 547, 546, 502, 503, 548, 547, 503, 504, 549, 548, 504, 505, 550, 549, 505, 506, 551, 550, 506, 507, 552, 551, 507, 508, 553, 552, 508, 509, 554, 553, 509, 510, 555, 554, 510, 511, 556, 555, 511, 512, 557, 556, 512, 513, 558, 557, 513, 514, 559, 558, 514, 515, 560, 559, 515, 516, 561, 560, 516, 517, 562, 561, 517, 518, 563, 562, 518, 519, 564, 563, 519, 520, 565, 564, 520, 521, 566, 565, 521, 522, 567, 566, 522, 523, 568, 567, 523, 524, 569, 568, 524, 525, 570, 569, 525, 526, 571, 570, 526, 527, 572, 571, 527, 528, 573, 572, 528, 529, 574, 573, 529, 530, 575, 574, 530, 531, 576, 575, 531, 532, 577, 576, 532, 533, 578, 577, 533, 534, 579, 578, 534, 535, 580, 579, 535, 536, 581, 580, 536, 537, 582, 581, 537, 538, 583, 582, 538, 539, 584, 583, 540, 541, 586, 585, 541, 542, 587, 586, 542, 543, 588, 587, 543, 544, 589, 588, 544, 545, 590, 589, 545, 546, 591, 590, 546, 547, 592, 591, 547, 548, 593, 592, 548, 549, 594, 593, 549, 550, 595, 594, 550, 551, 596, 595, 551, 552, 597, 596, 552, 553, 598, 597, 553, 554, 599, 598, 554, 555, 600, 599, 555, 556, 601, 600, 556, 557, 602, 601, 557, 558, 603, 602, 558, 559, 604, 603, 559, 560, 605, 604, 560, 561, 606, 605, 561, 562, 607, 606, 562, 563, 608, 607, 563, 564, 609, 608, 564, 565, 610, 609, 565, 566, 611, 610, 566, 567, 612, 611, 567, 568, 613, 612, 568, 569, 614, 613, 569, 570, 615, 614, 570, 571, 616, 615, 571, 572, 617, 616, 572, 573, 618, 617, 573, 574, 619, 618, 574, 575, 620, 619, 575, 576, 621, 620, 576, 577, 622, 621, 577, 578, 623, 622, 578, 579, 624, 623, 579, 580, 625, 624, 580, 581, 626, 625, 581, 582, 627, 626, 582, 583, 628, 627, 583, 584, 629, 628, 585, 586, 631, 630, 586, 587, 632, 631, 587, 588, 633, 632, 588, 589, 634, 633, 589, 590, 635, 634, 590, 591, 636, 635, 591, 592, 637, 636, 592, 593, 638, 637, 593, 594, 639, 638, 594, 595, 640, 639, 595, 596, 641, 640, 596, 597, 642, 641, 597, 598, 643, 642, 598, 599, 644, 643, 599, 600, 645, 644, 600, 601, 646, 645, 601, 602, 647, 646, 602, 603, 648, 647, 603, 604, 649, 648, 604, 605, 650, 649, 605, 606, 651, 650, 606, 607, 652, 651, 607, 608, 653, 652, 608, 609, 654, 653, 609, 610, 655, 654, 610, 611, 656, 655, 611, 612, 657, 656, 612, 613, 658, 657, 613, 614, 659, 658, 614, 615, 660, 659, 615, 616, 661, 660, 616, 617, 662, 661, 617, 618, 663, 662, 618, 619, 664, 663, 619, 620, 665, 664, 620, 621, 666, 665, 621, 622, 667, 666, 622, 623, 668, 667, 623, 624, 669, 668, 624, 625, 670, 669, 625, 626, 671, 670, 626, 627, 672, 671, 627, 628, 673, 672, 628, 629, 674, 673, 630, 631, 676, 675, 631, 632, 677, 676, 632, 633, 678, 677, 633, 634, 679, 678, 634, 635, 680, 679, 635, 636, 681, 680, 636, 637, 682, 681, 637, 638, 683, 682, 638, 639, 684, 683, 639, 640, 685, 684, 640, 641, 686, 685, 641, 642, 687, 686, 642, 643, 688, 687, 643, 644, 689, 688, 644, 645, 690, 689, 645, 646, 691, 690, 646, 647, 692, 691, 647, 648, 693, 692, 648, 649, 694, 693, 649, 650, 695, 694, 650, 651, 696, 695, 651, 652, 697, 696, 652, 653, 698, 697, 653, 654, 699, 698, 654, 655, 700, 699, 655, 656, 701, 700, 656, 657, 702, 701, 657, 658, 703, 702, 658, 659, 704, 703, 659, 660, 705, 704, 660, 661, 706, 705, 661, 662, 707, 706, 662, 663, 708, 707, 663, 664, 709, 708, 664, 665, 710, 709, 665, 666, 711, 710, 666, 667, 712, 711, 667, 668, 713, 712, 668, 669, 714, 713, 669, 670, 715, 714, 670, 671, 716, 715, 671, 672, 717, 716, 672, 673, 718, 717, 673, 674, 719, 718, 675, 676, 721, 720, 676, 677, 722, 721, 677, 678, 723, 722, 678, 679, 724, 723, 679, 680, 725, 724, 680, 681, 726, 725, 681, 682, 727, 726, 682, 683, 728, 727, 683, 684, 729, 728, 684, 685, 730, 729, 685, 686, 731, 730, 686, 687, 732, 731, 687, 688, 733, 732, 688, 689, 734, 733, 689, 690, 735, 734, 690, 691, 736, 735, 691, 692, 737, 736, 692, 693, 738, 737, 693, 694, 739, 738, 694, 695, 740, 739, 695, 696, 741, 740, 696, 697, 742, 741, 697, 698, 743, 742, 698, 699, 744, 743, 699, 700, 745, 744, 700, 701, 746, 745, 701, 702, 747, 746, 702, 703, 748, 747, 703, 704, 749, 748, 704, 705, 750, 749, 705, 706, 751, 750, 706, 707, 752, 751, 707, 708, 753, 752, 708, 709, 754, 753, 709, 710, 755, 754, 710, 711, 756, 755, 711, 712, 757, 756, 712, 713, 758, 757, 713, 714, 759, 758, 714, 715, 760, 759, 715, 716, 761, 760, 716, 717, 762, 761, 717, 718, 763, 762, 718, 719, 764, 763, 720, 721, 766, 765, 721, 722, 767, 766, 722, 723, 768, 767, 723, 724, 769, 768, 724, 725, 770, 769, 725, 726, 771, 770, 726, 727, 772, 771, 727, 728, 773, 772, 728, 729, 774, 773, 729, 730, 775, 774, 730, 731, 776, 775, 731, 732, 777, 776, 732, 733, 778, 777, 733, 734, 779, 778, 734, 735, 780, 779, 735, 736, 781, 780, 736, 737, 782, 781, 737, 738, 783, 782, 738, 739, 784, 783, 739, 740, 785, 784, 740, 741, 786, 785, 741, 742, 787, 786, 742, 743, 788, 787, 743, 744, 789, 788, 744, 745, 790, 789, 745, 746, 791, 790, 746, 747, 792, 791, 747, 748, 793, 792, 748, 749, 794, 793, 749, 750, 795, 794, 750, 751, 796, 795, 751, 752, 797, 796, 752, 753, 798, 797, 753, 754, 799, 798, 754, 755, 800, 799, 755, 756, 801, 800, 756, 757, 802, 801, 757, 758, 803, 802, 758, 759, 804, 803, 759, 760, 805, 804, 760, 761, 806, 805, 761, 762, 807, 806, 762, 763, 808, 807, 763, 764, 809, 808, 765, 766, 811, 810, 766, 767, 812, 811, 767, 768, 813, 812, 768, 769, 814, 813, 769, 770, 815, 814, 770, 771, 816, 815, 771, 772, 817, 816, 772, 773, 818, 817, 773, 774, 819, 818, 774, 775, 820, 819, 775, 776, 821, 820, 776, 777, 822, 821, 777, 778, 823, 822, 778, 779, 824, 823, 779, 780, 825, 824, 780, 781, 826, 825, 781, 782, 827, 826, 782, 783, 828, 827, 783, 784, 829, 828, 784, 785, 830, 829, 785, 786, 831, 830, 786, 787, 832, 831, 787, 788, 833, 832, 788, 789, 834, 833, 789, 790, 835, 834, 790, 791, 836, 835, 791, 792, 837, 836, 792, 793, 838, 837, 793, 794, 839, 838, 794, 795, 840, 839, 795, 796, 841, 840, 796, 797, 842, 841, 797, 798, 843, 842, 798, 799, 844, 843, 799, 800, 845, 844, 800, 801, 846, 845, 801, 802, 847, 846, 802, 803, 848, 847, 803, 804, 849, 848, 804, 805, 850, 849, 805, 806, 851, 850, 806, 807, 852, 851, 807, 808, 853, 852, 808, 809, 854, 853, 810, 811, 856, 855, 811, 812, 857, 856, 812, 813, 858, 857, 813, 814, 859, 858, 814, 815, 860, 859, 815, 816, 861, 860, 816, 817, 862, 861, 817, 818, 863, 862, 818, 819, 864, 863, 819, 820, 865, 864, 820, 821, 866, 865, 821, 822, 867, 866, 822, 823, 868, 867, 823, 824, 869, 868, 824, 825, 870, 869, 825, 826, 871, 870, 826, 827, 872, 871, 827, 828, 873, 872, 828, 829, 874, 873, 829, 830, 875, 874, 830, 831, 876, 875, 831, 832, 877, 876, 832, 833, 878, 877, 833, 834, 879, 878, 834, 835, 880, 879, 835, 836, 881, 880, 836, 837, 882, 881, 837, 838, 883, 882, 838, 839, 884, 883, 839, 840, 885, 884, 840, 841, 886, 885, 841, 842, 887, 886, 842, 843, 888, 887, 843, 844, 889, 888, 844, 845, 890, 889, 845, 846, 891, 890, 846, 847, 892, 891, 847, 848, 893, 892, 848, 849, 894, 893, 849, 850, 895, 894, 850, 851, 896, 895, 851, 852, 897, 896, 852, 853, 898, 897, 853, 854, 899, 898, 855, 856, 901, 900, 856, 857, 902, 901, 857, 858, 903, 902, 858, 859, 904, 903, 859, 860, 905, 904, 860, 861, 906, 905, 861, 862, 907, 906, 862, 863, 908, 907, 863, 864, 909, 908, 864, 865, 910, 909, 865, 866, 911, 910, 866, 867, 912, 911, 867, 868, 913, 912, 868, 869, 914, 913, 869, 870, 915, 914, 870, 871, 916, 915, 871, 872, 917, 916, 872, 873, 918, 917, 873, 874, 919, 918, 874, 875, 920, 919, 875, 876, 921, 920, 876, 877, 922, 921, 877, 878, 923, 922, 878, 879, 924, 923, 879, 880, 925, 924, 880, 881, 926, 925, 881, 882, 927, 926, 882, 883, 928, 927, 883, 884, 929, 928, 884, 885, 930, 929, 885, 886, 931, 930, 886, 887, 932, 931, 887, 888, 933, 932, 888, 889, 934, 933, 889, 890, 935, 934, 890, 891, 936, 935, 891, 892, 937, 936, 892, 893, 938, 937, 893, 894, 939, 938, 894, 895, 940, 939, 895, 896, 941, 940, 896, 897, 942, 941, 897, 898, 943, 942, 898, 899, 944, 943, 900, 901, 946, 945, 901, 902, 947, 946, 902, 903, 948, 947, 903, 904, 949, 948, 904, 905, 950, 949, 905, 906, 951, 950, 906, 907, 952, 951, 907, 908, 953, 952, 908, 909, 954, 953, 909, 910, 955, 954, 910, 911, 956, 955, 911, 912, 957, 956, 912, 913, 958, 957, 913, 914, 959, 958, 914, 915, 960, 959, 915, 916, 961, 960, 916, 917, 962, 961, 917, 918, 963, 962, 918, 919, 964, 963, 919, 920, 965, 964, 920, 921, 966, 965, 921, 922, 967, 966, 922, 923, 968, 967, 923, 924, 969, 968, 924, 925, 970, 969, 925, 926, 971, 970, 926, 927, 972, 971, 927, 928, 973, 972, 928, 929, 974, 973, 929, 930, 975, 974, 930, 931, 976, 975, 931, 932, 977, 976, 932, 933, 978, 977, 933, 934, 979, 978, 934, 935, 980, 979, 935, 936, 981, 980, 936, 937, 982, 981, 937, 938, 983, 982, 938, 939, 984, 983, 939, 940, 985, 984, 940, 941, 986, 985, 941, 942, 987, 986, 942, 943, 988, 987, 943, 944, 989, 988, 945, 946, 991, 990, 946, 947, 992, 991, 947, 948, 993, 992, 948, 949, 994, 993, 949, 950, 995, 994, 950, 951, 996, 995, 951, 952, 997, 996, 952, 953, 998, 997, 953, 954, 999, 998, 954, 955, 1000, 999, 955, 956, 1001, 1000, 956, 957, 1002, 1001, 957, 958, 1003, 1002, 958, 959, 1004, 1003, 959, 960, 1005, 1004, 960, 961, 1006, 1005, 961, 962, 1007, 1006, 962, 963, 1008, 1007, 963, 964, 1009, 1008, 964, 965, 1010, 1009, 965, 966, 1011, 1010, 966, 967, 1012, 1011, 967, 968, 1013, 1012, 968, 969, 1014, 1013, 969, 970, 1015, 1014, 970, 971, 1016, 1015, 971, 972, 1017, 1016, 972, 973, 1018, 1017, 973, 974, 1019, 1018, 974, 975, 1020, 1019, 975, 976, 1021, 1020, 976, 977, 1022, 1021, 977, 978, 1023, 1022, 978, 979, 1024, 1023, 979, 980, 1025, 1024, 980, 981, 1026, 1025, 981, 982, 1027, 1026, 982, 983, 1028, 1027, 983, 984, 1029, 1028, 984, 985, 1030, 1029, 985, 986, 1031, 1030, 986, 987, 1032, 1031, 987, 988, 1033, 1032, 988, 989, 1034, 1033, 990, 991, 1036, 1035, 991, 992, 1037, 1036, 992, 993, 1038, 1037, 993, 994, 1039, 1038, 994, 995, 1040, 1039, 995, 996, 1041, 1040, 996, 997, 1042, 1041, 997, 998, 1043, 1042, 998, 999, 1044, 1043, 999, 1000, 1045, 1044, 1000, 1001, 1046, 1045, 1001, 1002, 1047, 1046, 1002, 1003, 1048, 1047, 1003, 1004, 1049, 1048, 1004, 1005, 1050, 1049, 1005, 1006, 1051, 1050, 1006, 1007, 1052, 1051, 1007, 1008, 1053, 1052, 1008, 1009, 1054, 1053, 1009, 1010, 1055, 1054, 1010, 1011, 1056, 1055, 1011, 1012, 1057, 1056, 1012, 1013, 1058, 1057, 1013, 1014, 1059, 1058, 1014, 1015, 1060, 1059, 1015, 1016, 1061, 1060, 1016, 1017, 1062, 1061, 1017, 1018, 1063, 1062, 1018, 1019, 1064, 1063, 1019, 1020, 1065, 1064, 1020, 1021, 1066, 1065, 1021, 1022, 1067, 1066, 1022, 1023, 1068, 1067, 1023, 1024, 1069, 1068, 1024, 1025, 1070, 1069, 1025, 1026, 1071, 1070, 1026, 1027, 1072, 1071, 1027, 1028, 1073, 1072, 1028, 1029, 1074, 1073, 1029, 1030, 1075, 1074, 1030, 1031, 1076, 1075, 1031, 1032, 1077, 1076, 1032, 1033, 1078, 1077, 1033, 1034, 1079, 1078, 1035, 1036, 1081, 1080, 1036, 1037, 1082, 1081, 1037, 1038, 1083, 1082, 1038, 1039, 1084, 1083, 1039, 1040, 1085, 1084, 1040, 1041, 1086, 1085, 1041, 1042, 1087, 1086, 1042, 1043, 1088, 1087, 1043, 1044, 1089, 1088, 1044, 1045, 1090, 1089, 1045, 1046, 1091, 1090, 1046, 1047, 1092, 1091, 1047, 1048, 1093, 1092, 1048, 1049, 1094, 1093, 1049, 1050, 1095, 1094, 1050, 1051, 1096, 1095, 1051, 1052, 1097, 1096, 1052, 1053, 1098, 1097, 1053, 1054, 1099, 1098, 1054, 1055, 1100, 1099, 1055, 1056, 1101, 1100, 1056, 1057, 1102, 1101, 1057, 1058, 1103, 1102, 1058, 1059, 1104, 1103, 1059, 1060, 1105, 1104, 1060, 1061, 1106, 1105, 1061, 1062, 1107, 1106, 1062, 1063, 1108, 1107, 1063, 1064, 1109, 1108, 1064, 1065, 1110, 1109, 1065, 1066, 1111, 1110, 1066, 1067, 1112, 1111, 1067, 1068, 1113, 1112, 1068, 1069, 1114, 1113, 1069, 1070, 1115, 1114, 1070, 1071, 1116, 1115, 1071, 1072, 1117, 1116, 1072, 1073, 1118, 1117, 1073, 1074, 1119, 1118, 1074, 1075, 1120, 1119, 1075, 1076, 1121, 1120, 1076, 1077, 1122, 1121, 1077, 1078, 1123, 1122, 1078, 1079, 1124, 1123, 1080, 1081, 1126, 1125, 1081, 1082, 1127, 1126, 1082, 1083, 1128, 1127, 1083, 1084, 1129, 1128, 1084, 1085, 1130, 1129, 1085, 1086, 1131, 1130, 1086, 1087, 1132, 1131, 1087, 1088, 1133, 1132, 1088, 1089, 1134, 1133, 1089, 1090, 1135, 1134, 1090, 1091, 1136, 1135, 1091, 1092, 1137, 1136, 1092, 1093, 1138, 1137, 1093, 1094, 1139, 1138, 1094, 1095, 1140, 1139, 1095, 1096, 1141, 1140, 1096, 1097, 1142, 1141, 1097, 1098, 1143, 1142, 1098, 1099, 1144, 1143, 1099, 1100, 1145, 1144, 1100, 1101, 1146, 1145, 1101, 1102, 1147, 1146, 1102, 1103, 1148, 1147, 1103, 1104, 1149, 1148, 1104, 1105, 1150, 1149, 1105, 1106, 1151, 1150, 1106, 1107, 1152, 1151, 1107, 1108, 1153, 1152, 1108, 1109, 1154, 1153, 1109, 1110, 1155, 1154, 1110, 1111, 1156, 1155, 1111, 1112, 1157, 1156, 1112, 1113, 1158, 1157, 1113, 1114, 1159, 1158, 1114, 1115, 1160, 1159, 1115, 1116, 1161, 1160, 1116, 1117, 1162, 1161, 1117, 1118, 1163, 1162, 1118, 1119, 1164, 1163, 1119, 1120, 1165, 1164, 1120, 1121, 1166, 1165, 1121, 1122, 1167, 1166, 1122, 1123, 1168, 1167, 1123, 1124, 1169, 1168, 1125, 1126, 1171, 1170, 1126, 1127, 1172, 1171, 1127, 1128, 1173, 1172, 1128, 1129, 1174, 1173, 1129, 1130, 1175, 1174, 1130, 1131, 1176, 1175, 1131, 1132, 1177, 1176, 1132, 1133, 1178, 1177, 1133, 1134, 1179, 1178, 1134, 1135, 1180, 1179, 1135, 1136, 1181, 1180, 1136, 1137, 1182, 1181, 1137, 1138, 1183, 1182, 1138, 1139, 1184, 1183, 1139, 1140, 1185, 1184, 1140, 1141, 1186, 1185, 1141, 1142, 1187, 1186, 1142, 1143, 1188, 1187, 1143, 1144, 1189, 1188, 1144, 1145, 1190, 1189, 1145, 1146, 1191, 1190, 1146, 1147, 1192, 1191, 1147, 1148, 1193, 1192, 1148, 1149, 1194, 1193, 1149, 1150, 1195, 1194, 1150, 1151, 1196, 1195, 1151, 1152, 1197, 1196, 1152, 1153, 1198, 1197, 1153, 1154, 1199, 1198, 1154, 1155, 1200, 1199, 1155, 1156, 1201, 1200, 1156, 1157, 1202, 1201, 1157, 1158, 1203, 1202, 1158, 1159, 1204, 1203, 1159, 1160, 1205, 1204, 1160, 1161, 1206, 1205, 1161, 1162, 1207, 1206, 1162, 1163, 1208, 1207, 1163, 1164, 1209, 1208, 1164, 1165, 1210, 1209, 1165, 1166, 1211, 1210, 1166, 1167, 1212, 1211, 1167, 1168, 1213, 1212, 1168, 1169, 1214, 1213, 1170, 1171, 1216, 1215, 1171, 1172, 1217, 1216, 1172, 1173, 1218, 1217, 1173, 1174, 1219, 1218, 1174, 1175, 1220, 1219, 1175, 1176, 1221, 1220, 1176, 1177, 1222, 1221, 1177, 1178, 1223, 1222, 1178, 1179, 1224, 1223, 1179, 1180, 1225, 1224, 1180, 1181, 1226, 1225, 1181, 1182, 1227, 1226, 1182, 1183, 1228, 1227, 1183, 1184, 1229, 1228, 1184, 1185, 1230, 1229, 1185, 1186, 1231, 1230, 1186, 1187, 1232, 1231, 1187, 1188, 1233, 1232, 1188, 1189, 1234, 1233, 1189, 1190, 1235, 1234, 1190, 1191, 1236, 1235, 1191, 1192, 1237, 1236, 1192, 1193, 1238, 1237, 1193, 1194, 1239, 1238, 1194, 1195, 1240, 1239, 1195, 1196, 1241, 1240, 1196, 1197, 1242, 1241, 1197, 1198, 1243, 1242, 1198, 1199, 1244, 1243, 1199, 1200, 1245, 1244, 1200, 1201, 1246, 1245, 1201, 1202, 1247, 1246, 1202, 1203, 1248, 1247, 1203, 1204, 1249, 1248, 1204, 1205, 1250, 1249, 1205, 1206, 1251, 1250, 1206, 1207, 1252, 1251, 1207, 1208, 1253, 1252, 1208, 1209, 1254, 1253, 1209, 1210, 1255, 1254, 1210, 1211, 1256, 1255, 1211, 1212, 1257, 1256, 1212, 1213, 1258, 1257, 1213, 1214, 1259, 1258, 1215, 1216, 1261, 1260, 1216, 1217, 1262, 1261, 1217, 1218, 1263, 1262, 1218, 1219, 1264, 1263, 1219, 1220, 1265, 1264, 1220, 1221, 1266, 1265, 1221, 1222, 1267, 1266, 1222, 1223, 1268, 1267, 1223, 1224, 1269, 1268, 1224, 1225, 1270, 1269, 1225, 1226, 1271, 1270, 1226, 1227, 1272, 1271, 1227, 1228, 1273, 1272, 1228, 1229, 1274, 1273, 1229, 1230, 1275, 1274, 1230, 1231, 1276, 1275, 1231, 1232, 1277, 1276, 1232, 1233, 1278, 1277, 1233, 1234, 1279, 1278, 1234, 1235, 1280, 1279, 1235, 1236, 1281, 1280, 1236, 1237, 1282, 1281, 1237, 1238, 1283, 1282, 1238, 1239, 1284, 1283, 1239, 1240, 1285, 1284, 1240, 1241, 1286, 1285, 1241, 1242, 1287, 1286, 1242, 1243, 1288, 1287, 1243, 1244, 1289, 1288, 1244, 1245, 1290, 1289, 1245, 1246, 1291, 1290, 1246, 1247, 1292, 1291, 1247, 1248, 1293, 1292, 1248, 1249, 1294, 1293, 1249, 1250, 1295, 1294, 1250, 1251, 1296, 1295, 1251, 1252, 1297, 1296, 1252, 1253, 1298, 1297, 1253, 1254, 1299, 1298, 1254, 1255, 1300, 1299, 1255, 1256, 1301, 1300, 1256, 1257, 1302, 1301, 1257, 1258, 1303, 1302, 1258, 1259, 1304, 1303, 1260, 1261, 1306, 1305, 1261, 1262, 1307, 1306, 1262, 1263, 1308, 1307, 1263, 1264, 1309, 1308, 1264, 1265, 1310, 1309, 1265, 1266, 1311, 1310, 1266, 1267, 1312, 1311, 1267, 1268, 1313, 1312, 1268, 1269, 1314, 1313, 1269, 1270, 1315, 1314, 1270, 1271, 1316, 1315, 1271, 1272, 1317, 1316, 1272, 1273, 1318, 1317, 1273, 1274, 1319, 1318, 1274, 1275, 1320, 1319, 1275, 1276, 1321, 1320, 1276, 1277, 1322, 1321, 1277, 1278, 1323, 1322, 1278, 1279, 1324, 1323, 1279, 1280, 1325, 1324, 1280, 1281, 1326, 1325, 1281, 1282, 1327, 1326, 1282, 1283, 1328, 1327, 1283, 1284, 1329, 1328, 1284, 1285, 1330, 1329, 1285, 1286, 1331, 1330, 1286, 1287, 1332, 1331, 1287, 1288, 1333, 1332, 1288, 1289, 1334, 1333, 1289, 1290, 1335, 1334, 1290, 1291, 1336, 1335, 1291, 1292, 1337, 1336, 1292, 1293, 1338, 1337, 1293, 1294, 1339, 1338, 1294, 1295, 1340, 1339, 1295, 1296, 1341, 1340, 1296, 1297, 1342, 1341, 1297, 1298, 1343, 1342, 1298, 1299, 1344, 1343, 1299, 1300, 1345, 1344, 1300, 1301, 1346, 1345, 1301, 1302, 1347, 1346, 1302, 1303, 1348, 1347, 1303, 1304, 1349, 1348, 1305, 1306, 1351, 1350, 1306, 1307, 1352, 1351, 1307, 1308, 1353, 1352, 1308, 1309, 1354, 1353, 1309, 1310, 1355, 1354, 1310, 1311, 1356, 1355, 1311, 1312, 1357, 1356, 1312, 1313, 1358, 1357, 1313, 1314, 1359, 1358, 1314, 1315, 1360, 1359, 1315, 1316, 1361, 1360, 1316, 1317, 1362, 1361, 1317, 1318, 1363, 1362, 1318, 1319, 1364, 1363, 1319, 1320, 1365, 1364, 1320, 1321, 1366, 1365, 1321, 1322, 1367, 1366, 1322, 1323, 1368, 1367, 1323, 1324, 1369, 1368, 1324, 1325, 1370, 1369, 1325, 1326, 1371, 1370, 1326, 1327, 1372, 1371, 1327, 1328, 1373, 1372, 1328, 1329, 1374, 1373, 1329, 1330, 1375, 1374, 1330, 1331, 1376, 1375, 1331, 1332, 1377, 1376, 1332, 1333, 1378, 1377, 1333, 1334, 1379, 1378, 1334, 1335, 1380, 1379, 1335, 1336, 1381, 1380, 1336, 1337, 1382, 1381, 1337, 1338, 1383, 1382, 1338, 1339, 1384, 1383, 1339, 1340, 1385, 1384, 1340, 1341, 1386, 1385, 1341, 1342, 1387, 1386, 1342, 1343, 1388, 1387, 1343, 1344, 1389, 1388, 1344, 1345, 1390, 1389, 1345, 1346, 1391, 1390, 1346, 1347, 1392, 1391, 1347, 1348, 1393, 1392, 1348, 1349, 1394, 1393, 1350, 1351, 1396, 1395, 1351, 1352, 1397, 1396, 1352, 1353, 1398, 1397, 1353, 1354, 1399, 1398, 1354, 1355, 1400, 1399, 1355, 1356, 1401, 1400, 1356, 1357, 1402, 1401, 1357, 1358, 1403, 1402, 1358, 1359, 1404, 1403, 1359, 1360, 1405, 1404, 1360, 1361, 1406, 1405, 1361, 1362, 1407, 1406, 1362, 1363, 1408, 1407, 1363, 1364, 1409, 1408, 1364, 1365, 1410, 1409, 1365, 1366, 1411, 1410, 1366, 1367, 1412, 1411, 1367, 1368, 1413, 1412, 1368, 1369, 1414, 1413, 1369, 1370, 1415, 1414, 1370, 1371, 1416, 1415, 1371, 1372, 1417, 1416, 1372, 1373, 1418, 1417, 1373, 1374, 1419, 1418, 1374, 1375, 1420, 1419, 1375, 1376, 1421, 1420, 1376, 1377, 1422, 1421, 1377, 1378, 1423, 1422, 1378, 1379, 1424, 1423, 1379, 1380, 1425, 1424, 1380, 1381, 1426, 1425, 1381, 1382, 1427, 1426, 1382, 1383, 1428, 1427, 1383, 1384, 1429, 1428, 1384, 1385, 1430, 1429, 1385, 1386, 1431, 1430, 1386, 1387, 1432, 1431, 1387, 1388, 1433, 1432, 1388, 1389, 1434, 1433, 1389, 1390, 1435, 1434, 1390, 1391, 1436, 1435, 1391, 1392, 1437, 1436, 1392, 1393, 1438, 1437, 1393, 1394, 1439, 1438, 1395, 1396, 1441, 1440, 1396, 1397, 1442, 1441, 1397, 1398, 1443, 1442, 1398, 1399, 1444, 1443, 1399, 1400, 1445, 1444, 1400, 1401, 1446, 1445, 1401, 1402, 1447, 1446, 1402, 1403, 1448, 1447, 1403, 1404, 1449, 1448, 1404, 1405, 1450, 1449, 1405, 1406, 1451, 1450, 1406, 1407, 1452, 1451, 1407, 1408, 1453, 1452, 1408, 1409, 1454, 1453, 1409, 1410, 1455, 1454, 1410, 1411, 1456, 1455, 1411, 1412, 1457, 1456, 1412, 1413, 1458, 1457, 1413, 1414, 1459, 1458, 1414, 1415, 1460, 1459, 1415, 1416, 1461, 1460, 1416, 1417, 1462, 1461, 1417, 1418, 1463, 1462, 1418, 1419, 1464, 1463, 1419, 1420, 1465, 1464, 1420, 1421, 1466, 1465, 1421, 1422, 1467, 1466, 1422, 1423, 1468, 1467, 1423, 1424, 1469, 1468, 1424, 1425, 1470, 1469, 1425, 1426, 1471, 1470, 1426, 1427, 1472, 1471, 1427, 1428, 1473, 1472, 1428, 1429, 1474, 1473, 1429, 1430, 1475, 1474, 1430, 1431, 1476, 1475, 1431, 1432, 1477, 1476, 1432, 1433, 1478, 1477, 1433, 1434, 1479, 1478, 1434, 1435, 1480, 1479, 1435, 1436, 1481, 1480, 1436, 1437, 1482, 1481, 1437, 1438, 1483, 1482, 1438, 1439, 1484, 1483, 1440, 1441, 1486, 1485, 1441, 1442, 1487, 1486, 1442, 1443, 1488, 1487, 1443, 1444, 1489, 1488, 1444, 1445, 1490, 1489, 1445, 1446, 1491, 1490, 1446, 1447, 1492, 1491, 1447, 1448, 1493, 1492, 1448, 1449, 1494, 1493, 1449, 1450, 1495, 1494, 1450, 1451, 1496, 1495, 1451, 1452, 1497, 1496, 1452, 1453, 1498, 1497, 1453, 1454, 1499, 1498, 1454, 1455, 1500, 1499, 1455, 1456, 1501, 1500, 1456, 1457, 1502, 1501, 1457, 1458, 1503, 1502, 1458, 1459, 1504, 1503, 1459, 1460, 1505, 1504, 1460, 1461, 1506, 1505, 1461, 1462, 1507, 1506, 1462, 1463, 1508, 1507, 1463, 1464, 1509, 1508, 1464, 1465, 1510, 1509, 1465, 1466, 1511, 1510, 1466, 1467, 1512, 1511, 1467, 1468, 1513, 1512, 1468, 1469, 1514, 1513, 1469, 1470, 1515, 1514, 1470, 1471, 1516, 1515, 1471, 1472, 1517, 1516, 1472, 1473, 1518, 1517, 1473, 1474, 1519, 1518, 1474, 1475, 1520, 1519, 1475, 1476, 1521, 1520, 1476, 1477, 1522, 1521, 1477, 1478, 1523, 1522, 1478, 1479, 1524, 1523, 1479, 1480, 1525, 1524, 1480, 1481, 1526, 1525, 1481, 1482, 1527, 1526, 1482, 1483, 1528, 1527, 1483, 1484, 1529, 1528, 1485, 1486, 1531, 1530, 1486, 1487, 1532, 1531, 1487, 1488, 1533, 1532, 1488, 1489, 1534, 1533, 1489, 1490, 1535, 1534, 1490, 1491, 1536, 1535, 1491, 1492, 1537, 1536, 1492, 1493, 1538, 1537, 1493, 1494, 1539, 1538, 1494, 1495, 1540, 1539, 1495, 1496, 1541, 1540, 1496, 1497, 1542, 1541, 1497, 1498, 1543, 1542, 1498, 1499, 1544, 1543, 1499, 1500, 1545, 1544, 1500, 1501, 1546, 1545, 1501, 1502, 1547, 1546, 1502, 1503, 1548, 1547, 1503, 1504, 1549, 1548, 1504, 1505, 1550, 1549, 1505, 1506, 1551, 1550, 1506, 1507, 1552, 1551, 1507, 1508, 1553, 1552, 1508, 1509, 1554, 1553, 1509, 1510, 1555, 1554, 1510, 1511, 1556, 1555, 1511, 1512, 1557, 1556, 1512, 1513, 1558, 1557, 1513, 1514, 1559, 1558, 1514, 1515, 1560, 1559, 1515, 1516, 1561, 1560, 1516, 1517, 1562, 1561, 1517, 1518, 1563, 1562, 1518, 1519, 1564, 1563, 1519, 1520, 1565, 1564, 1520, 1521, 1566, 1565, 1521, 1522, 1567, 1566, 1522, 1523, 1568, 1567, 1523, 1524, 1569, 1568, 1524, 1525, 1570, 1569, 1525, 1526, 1571, 1570, 1526, 1527, 1572, 1571, 1527, 1528, 1573, 1572, 1528, 1529, 1574, 1573, 1530, 1531, 1576, 1575, 1531, 1532, 1577, 1576, 1532, 1533, 1578, 1577, 1533, 1534, 1579, 1578, 1534, 1535, 1580, 1579, 1535, 1536, 1581, 1580, 1536, 1537, 1582, 1581, 1537, 1538, 1583, 1582, 1538, 1539, 1584, 1583, 1539, 1540, 1585, 1584, 1540, 1541, 1586, 1585, 1541, 1542, 1587, 1586, 1542, 1543, 1588, 1587, 1543, 1544, 1589, 1588, 1544, 1545, 1590, 1589, 1545, 1546, 1591, 1590, 1546, 1547, 1592, 1591, 1547, 1548, 1593, 1592, 1548, 1549, 1594, 1593, 1549, 1550, 1595, 1594, 1550, 1551, 1596, 1595, 1551, 1552, 1597, 1596, 1552, 1553, 1598, 1597, 1553, 1554, 1599, 1598, 1554, 1555, 1600, 1599, 1555, 1556, 1601, 1600, 1556, 1557, 1602, 1601, 1557, 1558, 1603, 1602, 1558, 1559, 1604, 1603, 1559, 1560, 1605, 1604, 1560, 1561, 1606, 1605, 1561, 1562, 1607, 1606, 1562, 1563, 1608, 1607, 1563, 1564, 1609, 1608, 1564, 1565, 1610, 1609, 1565, 1566, 1611, 1610, 1566, 1567, 1612, 1611, 1567, 1568, 1613, 1612, 1568, 1569, 1614, 1613, 1569, 1570, 1615, 1614, 1570, 1571, 1616, 1615, 1571, 1572, 1617, 1616, 1572, 1573, 1618, 1617, 1573, 1574, 1619, 1618, 1575, 1576, 1621, 1620, 1576, 1577, 1622, 1621, 1577, 1578, 1623, 1622, 1578, 1579, 1624, 1623, 1579, 1580, 1625, 1624, 1580, 1581, 1626, 1625, 1581, 1582, 1627, 1626, 1582, 1583, 1628, 1627, 1583, 1584, 1629, 1628, 1584, 1585, 1630, 1629, 1585, 1586, 1631, 1630, 1586, 1587, 1632, 1631, 1587, 1588, 1633, 1632, 1588, 1589, 1634, 1633, 1589, 1590, 1635, 1634, 1590, 1591, 1636, 1635, 1591, 1592, 1637, 1636, 1592, 1593, 1638, 1637, 1593, 1594, 1639, 1638, 1594, 1595, 1640, 1639, 1595, 1596, 1641, 1640, 1596, 1597, 1642, 1641, 1597, 1598, 1643, 1642, 1598, 1599, 1644, 1643, 1599, 1600, 1645, 1644, 1600, 1601, 1646, 1645, 1601, 1602, 1647, 1646, 1602, 1603, 1648, 1647, 1603, 1604, 1649, 1648, 1604, 1605, 1650, 1649, 1605, 1606, 1651, 1650, 1606, 1607, 1652, 1651, 1607, 1608, 1653, 1652, 1608, 1609, 1654, 1653, 1609, 1610, 1655, 1654, 1610, 1611, 1656, 1655, 1611, 1612, 1657, 1656, 1612, 1613, 1658, 1657, 1613, 1614, 1659, 1658, 1614, 1615, 1660, 1659, 1615, 1616, 1661, 1660, 1616, 1617, 1662, 1661, 1617, 1618, 1663, 1662, 1618, 1619, 1664, 1663, 1620, 1621, 1666, 1665, 1621, 1622, 1667, 1666, 1622, 1623, 1668, 1667, 1623, 1624, 1669, 1668, 1624, 1625, 1670, 1669, 1625, 1626, 1671, 1670, 1626, 1627, 1672, 1671, 1627, 1628, 1673, 1672, 1628, 1629, 1674, 1673, 1629, 1630, 1675, 1674, 1630, 1631, 1676, 1675, 1631, 1632, 1677, 1676, 1632, 1633, 1678, 1677, 1633, 1634, 1679, 1678, 1634, 1635, 1680, 1679, 1635, 1636, 1681, 1680, 1636, 1637, 1682, 1681, 1637, 1638, 1683, 1682, 1638, 1639, 1684, 1683, 1639, 1640, 1685, 1684, 1640, 1641, 1686, 1685, 1641, 1642, 1687, 1686, 1642, 1643, 1688, 1687, 1643, 1644, 1689, 1688, 1644, 1645, 1690, 1689, 1645, 1646, 1691, 1690, 1646, 1647, 1692, 1691, 1647, 1648, 1693, 1692, 1648, 1649, 1694, 1693, 1649, 1650, 1695, 1694, 1650, 1651, 1696, 1695, 1651, 1652, 1697, 1696, 1652, 1653, 1698, 1697, 1653, 1654, 1699, 1698, 1654, 1655, 1700, 1699, 1655, 1656, 1701, 1700, 1656, 1657, 1702, 1701, 1657, 1658, 1703, 1702, 1658, 1659, 1704, 1703, 1659, 1660, 1705, 1704, 1660, 1661, 1706, 1705, 1661, 1662, 1707, 1706, 1662, 1663, 1708, 1707, 1663, 1664, 1709, 1708, 1665, 1666, 1711, 1710, 1666, 1667, 1712, 1711, 1667, 1668, 1713, 1712, 1668, 1669, 1714, 1713, 1669, 1670, 1715, 1714, 1670, 1671, 1716, 1715, 1671, 1672, 1717, 1716, 1672, 1673, 1718, 1717, 1673, 1674, 1719, 1718, 1674, 1675, 1720, 1719, 1675, 1676, 1721, 1720, 1676, 1677, 1722, 1721, 1677, 1678, 1723, 1722, 1678, 1679, 1724, 1723, 1679, 1680, 1725, 1724, 1680, 1681, 1726, 1725, 1681, 1682, 1727, 1726, 1682, 1683, 1728, 1727, 1683, 1684, 1729, 1728, 1684, 1685, 1730, 1729, 1685, 1686, 1731, 1730, 1686, 1687, 1732, 1731, 1687, 1688, 1733, 1732, 1688, 1689, 1734, 1733, 1689, 1690, 1735, 1734, 1690, 1691, 1736, 1735, 1691, 1692, 1737, 1736, 1692, 1693, 1738, 1737, 1693, 1694, 1739, 1738, 1694, 1695, 1740, 1739, 1695, 1696, 1741, 1740, 1696, 1697, 1742, 1741, 1697, 1698, 1743, 1742, 1698, 1699, 1744, 1743, 1699, 1700, 1745, 1744, 1700, 1701, 1746, 1745, 1701, 1702, 1747, 1746, 1702, 1703, 1748, 1747, 1703, 1704, 1749, 1748, 1704, 1705, 1750, 1749, 1705, 1706, 1751, 1750, 1706, 1707, 1752, 1751, 1707, 1708, 1753, 1752, 1708, 1709, 1754, 1753, 1710, 1711, 1756, 1755, 1711, 1712, 1757, 1756, 1712, 1713, 1758, 1757, 1713, 1714, 1759, 1758, 1714, 1715, 1760, 1759, 1715, 1716, 1761, 1760, 1716, 1717, 1762, 1761, 1717, 1718, 1763, 1762, 1718, 1719, 1764, 1763, 1719, 1720, 1765, 1764, 1720, 1721, 1766, 1765, 1721, 1722, 1767, 1766, 1722, 1723, 1768, 1767, 1723, 1724, 1769, 1768, 1724, 1725, 1770, 1769, 1725, 1726, 1771, 1770, 1726, 1727, 1772, 1771, 1727, 1728, 1773, 1772, 1728, 1729, 1774, 1773, 1729, 1730, 1775, 1774, 1730, 1731, 1776, 1775, 1731, 1732, 1777, 1776, 1732, 1733, 1778, 1777, 1733, 1734, 1779, 1778, 1734, 1735, 1780, 1779, 1735, 1736, 1781, 1780, 1736, 1737, 1782, 1781, 1737, 1738, 1783, 1782, 1738, 1739, 1784, 1783, 1739, 1740, 1785, 1784, 1740, 1741, 1786, 1785, 1741, 1742, 1787, 1786, 1742, 1743, 1788, 1787, 1743, 1744, 1789, 1788, 1744, 1745, 1790, 1789, 1745, 1746, 1791, 1790, 1746, 1747, 1792, 1791, 1747, 1748, 1793, 1792, 1748, 1749, 1794, 1793, 1749, 1750, 1795, 1794, 1750, 1751, 1796, 1795, 1751, 1752, 1797, 1796, 1752, 1753, 1798, 1797, 1753, 1754, 1799, 1798, 1755, 1756, 1801, 1800, 1756, 1757, 1802, 1801, 1757, 1758, 1803, 1802, 1758, 1759, 1804, 1803, 1759, 1760, 1805, 1804, 1760, 1761, 1806, 1805, 1761, 1762, 1807, 1806, 1762, 1763, 1808, 1807, 1763, 1764, 1809, 1808, 1764, 1765, 1810, 1809, 1765, 1766, 1811, 1810, 1766, 1767, 1812, 1811, 1767, 1768, 1813, 1812, 1768, 1769, 1814, 1813, 1769, 1770, 1815, 1814, 1770, 1771, 1816, 1815, 1771, 1772, 1817, 1816, 1772, 1773, 1818, 1817, 1773, 1774, 1819, 1818, 1774, 1775, 1820, 1819, 1775, 1776, 1821, 1820, 1776, 1777, 1822, 1821, 1777, 1778, 1823, 1822, 1778, 1779, 1824, 1823, 1779, 1780, 1825, 1824, 1780, 1781, 1826, 1825, 1781, 1782, 1827, 1826, 1782, 1783, 1828, 1827, 1783, 1784, 1829, 1828, 1784, 1785, 1830, 1829, 1785, 1786, 1831, 1830, 1786, 1787, 1832, 1831, 1787, 1788, 1833, 1832, 1788, 1789, 1834, 1833, 1789, 1790, 1835, 1834, 1790, 1791, 1836, 1835, 1791, 1792, 1837, 1836, 1792, 1793, 1838, 1837, 1793, 1794, 1839, 1838, 1794, 1795, 1840, 1839, 1795, 1796, 1841, 1840, 1796, 1797, 1842, 1841, 1797, 1798, 1843, 1842, 1798, 1799, 1844, 1843, 1800, 1801, 1846, 1845, 1801, 1802, 1847, 1846, 1802, 1803, 1848, 1847, 1803, 1804, 1849, 1848, 1804, 1805, 1850, 1849, 1805, 1806, 1851, 1850, 1806, 1807, 1852, 1851, 1807, 1808, 1853, 1852, 1808, 1809, 1854, 1853, 1809, 1810, 1855, 1854, 1810, 1811, 1856, 1855, 1811, 1812, 1857, 1856, 1812, 1813, 1858, 1857, 1813, 1814, 1859, 1858, 1814, 1815, 1860, 1859, 1815, 1816, 1861, 1860, 1816, 1817, 1862, 1861, 1817, 1818, 1863, 1862, 1818, 1819, 1864, 1863, 1819, 1820, 1865, 1864, 1820, 1821, 1866, 1865, 1821, 1822, 1867, 1866, 1822, 1823, 1868, 1867, 1823, 1824, 1869, 1868, 1824, 1825, 1870, 1869, 1825, 1826, 1871, 1870, 1826, 1827, 1872, 1871, 1827, 1828, 1873, 1872, 1828, 1829, 1874, 1873, 1829, 1830, 1875, 1874, 1830, 1831, 1876, 1875, 1831, 1832, 1877, 1876, 1832, 1833, 1878, 1877, 1833, 1834, 1879, 1878, 1834, 1835, 1880, 1879, 1835, 1836, 1881, 1880, 1836, 1837, 1882, 1881, 1837, 1838, 1883, 1882, 1838, 1839, 1884, 1883, 1839, 1840, 1885, 1884, 1840, 1841, 1886, 1885, 1841, 1842, 1887, 1886, 1842, 1843, 1888, 1887, 1843, 1844, 1889, 1888, 1845, 1846, 1891, 1890, 1846, 1847, 1892, 1891, 1847, 1848, 1893, 1892, 1848, 1849, 1894, 1893, 1849, 1850, 1895, 1894, 1850, 1851, 1896, 1895, 1851, 1852, 1897, 1896, 1852, 1853, 1898, 1897, 1853, 1854, 1899, 1898, 1854, 1855, 1900, 1899, 1855, 1856, 1901, 1900, 1856, 1857, 1902, 1901, 1857, 1858, 1903, 1902, 1858, 1859, 1904, 1903, 1859, 1860, 1905, 1904, 1860, 1861, 1906, 1905, 1861, 1862, 1907, 1906, 1862, 1863, 1908, 1907, 1863, 1864, 1909, 1908, 1864, 1865, 1910, 1909, 1865, 1866, 1911, 1910, 1866, 1867, 1912, 1911, 1867, 1868, 1913, 1912, 1868, 1869, 1914, 1913, 1869, 1870, 1915, 1914, 1870, 1871, 1916, 1915, 1871, 1872, 1917, 1916, 1872, 1873, 1918, 1917, 1873, 1874, 1919, 1918, 1874, 1875, 1920, 1919, 1875, 1876, 1921, 1920, 1876, 1877, 1922, 1921, 1877, 1878, 1923, 1922, 1878, 1879, 1924, 1923, 1879, 1880, 1925, 1924, 1880, 1881, 1926, 1925, 1881, 1882, 1927, 1926, 1882, 1883, 1928, 1927, 1883, 1884, 1929, 1928, 1884, 1885, 1930, 1929, 1885, 1886, 1931, 1930, 1886, 1887, 1932, 1931, 1887, 1888, 1933, 1932, 1888, 1889, 1934, 1933, 1890, 1891, 1936, 1935, 1891, 1892, 1937, 1936, 1892, 1893, 1938, 1937, 1893, 1894, 1939, 1938, 1894, 1895, 1940, 1939, 1895, 1896, 1941, 1940, 1896, 1897, 1942, 1941, 1897, 1898, 1943, 1942, 1898, 1899, 1944, 1943, 1899, 1900, 1945, 1944, 1900, 1901, 1946, 1945, 1901, 1902, 1947, 1946, 1902, 1903, 1948, 1947, 1903, 1904, 1949, 1948, 1904, 1905, 1950, 1949, 1905, 1906, 1951, 1950, 1906, 1907, 1952, 1951, 1907, 1908, 1953, 1952, 1908, 1909, 1954, 1953, 1909, 1910, 1955, 1954, 1910, 1911, 1956, 1955, 1911, 1912, 1957, 1956, 1912, 1913, 1958, 1957, 1913, 1914, 1959, 1958, 1914, 1915, 1960, 1959, 1915, 1916, 1961, 1960, 1916, 1917, 1962, 1961, 1917, 1918, 1963, 1962, 1918, 1919, 1964, 1963, 1919, 1920, 1965, 1964, 1920, 1921, 1966, 1965, 1921, 1922, 1967, 1966, 1922, 1923, 1968, 1967, 1923, 1924, 1969, 1968, 1924, 1925, 1970, 1969, 1925, 1926, 1971, 1970, 1926, 1927, 1972, 1971, 1927, 1928, 1973, 1972, 1928, 1929, 1974, 1973, 1929, 1930, 1975, 1974, 1930, 1931, 1976, 1975, 1931, 1932, 1977, 1976, 1932, 1933, 1978, 1977, 1933, 1934, 1979, 1978, 1935, 1936, 1981, 1980, 1936, 1937, 1982, 1981, 1937, 1938, 1983, 1982, 1938, 1939, 1984, 1983, 1939, 1940, 1985, 1984, 1940, 1941, 1986, 1985, 1941, 1942, 1987, 1986, 1942, 1943, 1988, 1987, 1943, 1944, 1989, 1988, 1944, 1945, 1990, 1989, 1945, 1946, 1991, 1990, 1946, 1947, 1992, 1991, 1947, 1948, 1993, 1992, 1948, 1949, 1994, 1993, 1949, 1950, 1995, 1994, 1950, 1951, 1996, 1995, 1951, 1952, 1997, 1996, 1952, 1953, 1998, 1997, 1953, 1954, 1999, 1998, 1954, 1955, 2000, 1999, 1955, 1956, 2001, 2000, 1956, 1957, 2002, 2001, 1957, 1958, 2003, 2002, 1958, 1959, 2004, 2003, 1959, 1960, 2005, 2004, 1960, 1961, 2006, 2005, 1961, 1962, 2007, 2006, 1962, 1963, 2008, 2007, 1963, 1964, 2009, 2008, 1964, 1965, 2010, 2009, 1965, 1966, 2011, 2010, 1966, 1967, 2012, 2011, 1967, 1968, 2013, 2012, 1968, 1969, 2014, 2013, 1969, 1970, 2015, 2014, 1970, 1971, 2016, 2015, 1971, 1972, 2017, 2016, 1972, 1973, 2018, 2017, 1973, 1974, 2019, 2018, 1974, 1975, 2020, 2019, 1975, 1976, 2021, 2020, 1976, 1977, 2022, 2021, 1977, 1978, 2023, 2022, 1978, 1979, 2024, 2023, 1980, 1981, 2026, 2025, 1981, 1982, 2027, 2026, 1982, 1983, 2028, 2027, 1983, 1984, 2029, 2028, 1984, 1985, 2030, 2029, 1985, 1986, 2031, 2030, 1986, 1987, 2032, 2031, 1987, 1988, 2033, 2032, 1988, 1989, 2034, 2033, 1989, 1990, 2035, 2034, 1990, 1991, 2036, 2035, 1991, 1992, 2037, 2036, 1992, 1993, 2038, 2037, 1993, 1994, 2039, 2038, 1994, 1995, 2040, 2039, 1995, 1996, 2041, 2040, 1996, 1997, 2042, 2041, 1997, 1998, 2043, 2042, 1998, 1999, 2044, 2043, 1999, 2000, 2045, 2044, 2000, 2001, 2046, 2045, 2001, 2002, 2047, 2046, 2002, 2003, 2048, 2047, 2003, 2004, 2049, 2048, 2004, 2005, 2050, 2049, 2005, 2006, 2051, 2050, 2006, 2007, 2052, 2051, 2007, 2008, 2053, 2052, 2008, 2009, 2054, 2053, 2009, 2010, 2055, 2054, 2010, 2011, 2056, 2055, 2011, 2012, 2057, 2056, 2012, 2013, 2058, 2057, 2013, 2014, 2059, 2058, 2014, 2015, 2060, 2059, 2015, 2016, 2061, 2060, 2016, 2017, 2062, 2061, 2017, 2018, 2063, 2062, 2018, 2019, 2064, 2063, 2019, 2020, 2065, 2064, 2020, 2021, 2066, 2065, 2021, 2022, 2067, 2066, 2022, 2023, 2068, 2067, 2023, 2024, 2069, 2068, 2025, 2026, 2071, 2070, 2026, 2027, 2072, 2071, 2027, 2028, 2073, 2072, 2028, 2029, 2074, 2073, 2029, 2030, 2075, 2074, 2030, 2031, 2076, 2075, 2031, 2032, 2077, 2076, 2032, 2033, 2078, 2077, 2033, 2034, 2079, 2078, 2034, 2035, 2080, 2079, 2035, 2036, 2081, 2080, 2036, 2037, 2082, 2081, 2037, 2038, 2083, 2082, 2038, 2039, 2084, 2083, 2039, 2040, 2085, 2084, 2040, 2041, 2086, 2085, 2041, 2042, 2087, 2086, 2042, 2043, 2088, 2087, 2043, 2044, 2089, 2088, 2044, 2045, 2090, 2089, 2045, 2046, 2091, 2090, 2046, 2047, 2092, 2091, 2047, 2048, 2093, 2092, 2048, 2049, 2094, 2093, 2049, 2050, 2095, 2094, 2050, 2051, 2096, 2095, 2051, 2052, 2097, 2096, 2052, 2053, 2098, 2097, 2053, 2054, 2099, 2098, 2054, 2055, 2100, 2099, 2055, 2056, 2101, 2100, 2056, 2057, 2102, 2101, 2057, 2058, 2103, 2102, 2058, 2059, 2104, 2103, 2059, 2060, 2105, 2104, 2060, 2061, 2106, 2105, 2061, 2062, 2107, 2106, 2062, 2063, 2108, 2107, 2063, 2064, 2109, 2108, 2064, 2065, 2110, 2109, 2065, 2066, 2111, 2110, 2066, 2067, 2112, 2111, 2067, 2068, 2113, 2112, 2068, 2069, 2114, 2113, 2070, 2071, 2116, 2115, 2071, 2072, 2117, 2116, 2072, 2073, 2118, 2117, 2073, 2074, 2119, 2118, 2074, 2075, 2120, 2119, 2075, 2076, 2121, 2120, 2076, 2077, 2122, 2121, 2077, 2078, 2123, 2122, 2078, 2079, 2124, 2123, 2079, 2080, 2125, 2124, 2080, 2081, 2126, 2125, 2081, 2082, 2127, 2126, 2082, 2083, 2128, 2127, 2083, 2084, 2129, 2128, 2084, 2085, 2130, 2129, 2085, 2086, 2131, 2130, 2086, 2087, 2132, 2131, 2087, 2088, 2133, 2132, 2088, 2089, 2134, 2133, 2089, 2090, 2135, 2134, 2090, 2091, 2136, 2135, 2091, 2092, 2137, 2136, 2092, 2093, 2138, 2137, 2093, 2094, 2139, 2138, 2094, 2095, 2140, 2139, 2095, 2096, 2141, 2140, 2096, 2097, 2142, 2141, 2097, 2098, 2143, 2142, 2098, 2099, 2144, 2143, 2099, 2100, 2145, 2144, 2100, 2101, 2146, 2145, 2101, 2102, 2147, 2146, 2102, 2103, 2148, 2147, 2103, 2104, 2149, 2148, 2104, 2105, 2150, 2149, 2105, 2106, 2151, 2150, 2106, 2107, 2152, 2151, 2107, 2108, 2153, 2152, 2108, 2109, 2154, 2153, 2109, 2110, 2155, 2154, 2110, 2111, 2156, 2155, 2111, 2112, 2157, 2156, 2112, 2113, 2158, 2157, 2113, 2114, 2159, 2158, 2115, 2116, 2161, 2160, 2116, 2117, 2162, 2161, 2117, 2118, 2163, 2162, 2118, 2119, 2164, 2163, 2119, 2120, 2165, 2164, 2120, 2121, 2166, 2165, 2121, 2122, 2167, 2166, 2122, 2123, 2168, 2167, 2123, 2124, 2169, 2168, 2124, 2125, 2170, 2169, 2125, 2126, 2171, 2170, 2126, 2127, 2172, 2171, 2127, 2128, 2173, 2172, 2128, 2129, 2174, 2173, 2129, 2130, 2175, 2174, 2130, 2131, 2176, 2175, 2131, 2132, 2177, 2176, 2132, 2133, 2178, 2177, 2133, 2134, 2179, 2178, 2134, 2135, 2180, 2179, 2135, 2136, 2181, 2180, 2136, 2137, 2182, 2181, 2137, 2138, 2183, 2182, 2138, 2139, 2184, 2183, 2139, 2140, 2185, 2184, 2140, 2141, 2186, 2185, 2141, 2142, 2187, 2186, 2142, 2143, 2188, 2187, 2143, 2144, 2189, 2188, 2144, 2145, 2190, 2189, 2145, 2146, 2191, 2190, 2146, 2147, 2192, 2191, 2147, 2148, 2193, 2192, 2148, 2149, 2194, 2193, 2149, 2150, 2195, 2194, 2150, 2151, 2196, 2195, 2151, 2152, 2197, 2196, 2152, 2153, 2198, 2197, 2153, 2154, 2199, 2198, 2154, 2155, 2200, 2199, 2155, 2156, 2201, 2200, 2156, 2157, 2202, 2201, 2157, 2158, 2203, 2202, 2158, 2159, 2204, 2203, 2160, 2161, 2206, 2205, 2161, 2162, 2207, 2206, 2162, 2163, 2208, 2207, 2163, 2164, 2209, 2208, 2164, 2165, 2210, 2209, 2165, 2166, 2211, 2210, 2166, 2167, 2212, 2211, 2167, 2168, 2213, 2212, 2168, 2169, 2214, 2213, 2169, 2170, 2215, 2214, 2170, 2171, 2216, 2215, 2171, 2172, 2217, 2216, 2172, 2173, 2218, 2217, 2173, 2174, 2219, 2218, 2174, 2175, 2220, 2219, 2175, 2176, 2221, 2220, 2176, 2177, 2222, 2221, 2177, 2178, 2223, 2222, 2178, 2179, 2224, 2223, 2179, 2180, 2225, 2224, 2180, 2181, 2226, 2225, 2181, 2182, 2227, 2226, 2182, 2183, 2228, 2227, 2183, 2184, 2229, 2228, 2184, 2185, 2230, 2229, 2185, 2186, 2231, 2230, 2186, 2187, 2232, 2231, 2187, 2188, 2233, 2232, 2188, 2189, 2234, 2233, 2189, 2190, 2235, 2234, 2190, 2191, 2236, 2235, 2191, 2192, 2237, 2236, 2192, 2193, 2238, 2237, 2193, 2194, 2239, 2238, 2194, 2195, 2240, 2239, 2195, 2196, 2241, 2240, 2196, 2197, 2242, 2241, 2197, 2198, 2243, 2242, 2198, 2199, 2244, 2243, 2199, 2200, 2245, 2244, 2200, 2201, 2246, 2245, 2201, 2202, 2247, 2246, 2202, 2203, 2248, 2247, 2203, 2204, 2249, 2248, 2205, 2206, 2251, 2250, 2206, 2207, 2252, 2251, 2207, 2208, 2253, 2252, 2208, 2209, 2254, 2253, 2209, 2210, 2255, 2254, 2210, 2211, 2256, 2255, 2211, 2212, 2257, 2256, 2212, 2213, 2258, 2257, 2213, 2214, 2259, 2258, 2214, 2215, 2260, 2259, 2215, 2216, 2261, 2260, 2216, 2217, 2262, 2261, 2217, 2218, 2263, 2262, 2218, 2219, 2264, 2263, 2219, 2220, 2265, 2264, 2220, 2221, 2266, 2265, 2221, 2222, 2267, 2266, 2222, 2223, 2268, 2267, 2223, 2224, 2269, 2268, 2224, 2225, 2270, 2269, 2225, 2226, 2271, 2270, 2226, 2227, 2272, 2271, 2227, 2228, 2273, 2272, 2228, 2229, 2274, 2273, 2229, 2230, 2275, 2274, 2230, 2231, 2276, 2275, 2231, 2232, 2277, 2276, 2232, 2233, 2278, 2277, 2233, 2234, 2279, 2278, 2234, 2235, 2280, 2279, 2235, 2236, 2281, 2280, 2236, 2237, 2282, 2281, 2237, 2238, 2283, 2282, 2238, 2239, 2284, 2283, 2239, 2240, 2285, 2284, 2240, 2241, 2286, 2285, 2241, 2242, 2287, 2286, 2242, 2243, 2288, 2287, 2243, 2244, 2289, 2288, 2244, 2245, 2290, 2289, 2245, 2246, 2291, 2290, 2246, 2247, 2292, 2291, 2247, 2248, 2293, 2292, 2248, 2249, 2294, 2293, 2250, 2251, 2296, 2295, 2251, 2252, 2297, 2296, 2252, 2253, 2298, 2297, 2253, 2254, 2299, 2298, 2254, 2255, 2300, 2299, 2255, 2256, 2301, 2300, 2256, 2257, 2302, 2301, 2257, 2258, 2303, 2302, 2258, 2259, 2304, 2303, 2259, 2260, 2305, 2304, 2260, 2261, 2306, 2305, 2261, 2262, 2307, 2306, 2262, 2263, 2308, 2307, 2263, 2264, 2309, 2308, 2264, 2265, 2310, 2309, 2265, 2266, 2311, 2310, 2266, 2267, 2312, 2311, 2267, 2268, 2313, 2312, 2268, 2269, 2314, 2313, 2269, 2270, 2315, 2314, 2270, 2271, 2316, 2315, 2271, 2272, 2317, 2316, 2272, 2273, 2318, 2317, 2273, 2274, 2319, 2318, 2274, 2275, 2320, 2319, 2275, 2276, 2321, 2320, 2276, 2277, 2322, 2321, 2277, 2278, 2323, 2322, 2278, 2279, 2324, 2323, 2279, 2280, 2325, 2324, 2280, 2281, 2326, 2325, 2281, 2282, 2327, 2326, 2282, 2283, 2328, 2327, 2283, 2284, 2329, 2328, 2284, 2285, 2330, 2329, 2285, 2286, 2331, 2330, 2286, 2287, 2332, 2331, 2287, 2288, 2333, 2332, 2288, 2289, 2334, 2333, 2289, 2290, 2335, 2334, 2290, 2291, 2336, 2335, 2291, 2292, 2337, 2336, 2292, 2293, 2338, 2337, 2293, 2294, 2339, 2338, 2295, 2296, 2341, 2340, 2296, 2297, 2342, 2341, 2297, 2298, 2343, 2342, 2298, 2299, 2344, 2343, 2299, 2300, 2345, 2344, 2300, 2301, 2346, 2345, 2301, 2302, 2347, 2346, 2302, 2303, 2348, 2347, 2303, 2304, 2349, 2348, 2304, 2305, 2350, 2349, 2305, 2306, 2351, 2350, 2306, 2307, 2352, 2351, 2307, 2308, 2353, 2352, 2308, 2309, 2354, 2353, 2309, 2310, 2355, 2354, 2310, 2311, 2356, 2355, 2311, 2312, 2357, 2356, 2312, 2313, 2358, 2357, 2313, 2314, 2359, 2358, 2314, 2315, 2360, 2359, 2315, 2316, 2361, 2360, 2316, 2317, 2362, 2361, 2317, 2318, 2363, 2362, 2318, 2319, 2364, 2363, 2319, 2320, 2365, 2364, 2320, 2321, 2366, 2365, 2321, 2322, 2367, 2366, 2322, 2323, 2368, 2367, 2323, 2324, 2369, 2368, 2324, 2325, 2370, 2369, 2325, 2326, 2371, 2370, 2326, 2327, 2372, 2371, 2327, 2328, 2373, 2372, 2328, 2329, 2374, 2373, 2329, 2330, 2375, 2374, 2330, 2331, 2376, 2375, 2331, 2332, 2377, 2376, 2332, 2333, 2378, 2377, 2333, 2334, 2379, 2378, 2334, 2335, 2380, 2379, 2335, 2336, 2381, 2380, 2336, 2337, 2382, 2381, 2337, 2338, 2383, 2382, 2338, 2339, 2384, 2383, 2340, 2341, 2386, 2385, 2341, 2342, 2387, 2386, 2342, 2343, 2388, 2387, 2343, 2344, 2389, 2388, 2344, 2345, 2390, 2389, 2345, 2346, 2391, 2390, 2346, 2347, 2392, 2391, 2347, 2348, 2393, 2392, 2348, 2349, 2394, 2393, 2349, 2350, 2395, 2394, 2350, 2351, 2396, 2395, 2351, 2352, 2397, 2396, 2352, 2353, 2398, 2397, 2353, 2354, 2399, 2398, 2354, 2355, 2400, 2399, 2355, 2356, 2401, 2400, 2356, 2357, 2402, 2401, 2357, 2358, 2403, 2402, 2358, 2359, 2404, 2403, 2359, 2360, 2405, 2404, 2360, 2361, 2406, 2405, 2361, 2362, 2407, 2406, 2362, 2363, 2408, 2407, 2363, 2364, 2409, 2408, 2364, 2365, 2410, 2409, 2365, 2366, 2411, 2410, 2366, 2367, 2412, 2411, 2367, 2368, 2413, 2412, 2368, 2369, 2414, 2413, 2369, 2370, 2415, 2414, 2370, 2371, 2416, 2415, 2371, 2372, 2417, 2416, 2372, 2373, 2418, 2417, 2373, 2374, 2419, 2418, 2374, 2375, 2420, 2419, 2375, 2376, 2421, 2420, 2376, 2377, 2422, 2421, 2377, 2378, 2423, 2422, 2378, 2379, 2424, 2423, 2379, 2380, 2425, 2424, 2380, 2381, 2426, 2425, 2381, 2382, 2427, 2426, 2382, 2383, 2428, 2427, 2383, 2384, 2429, 2428, 2385, 2386, 2431, 2430, 2386, 2387, 2432, 2431, 2387, 2388, 2433, 2432, 2388, 2389, 2434, 2433, 2389, 2390, 2435, 2434, 2390, 2391, 2436, 2435, 2391, 2392, 2437, 2436, 2392, 2393, 2438, 2437, 2393, 2394, 2439, 2438, 2394, 2395, 2440, 2439, 2395, 2396, 2441, 2440, 2396, 2397, 2442, 2441, 2397, 2398, 2443, 2442, 2398, 2399, 2444, 2443, 2399, 2400, 2445, 2444, 2400, 2401, 2446, 2445, 2401, 2402, 2447, 2446, 2402, 2403, 2448, 2447, 2403, 2404, 2449, 2448, 2404, 2405, 2450, 2449, 2405, 2406, 2451, 2450, 2406, 2407, 2452, 2451, 2407, 2408, 2453, 2452, 2408, 2409, 2454, 2453, 2409, 2410, 2455, 2454, 2410, 2411, 2456, 2455, 2411, 2412, 2457, 2456, 2412, 2413, 2458, 2457, 2413, 2414, 2459, 2458, 2414, 2415, 2460, 2459, 2415, 2416, 2461, 2460, 2416, 2417, 2462, 2461, 2417, 2418, 2463, 2462, 2418, 2419, 2464, 2463, 2419, 2420, 2465, 2464, 2420, 2421, 2466, 2465, 2421, 2422, 2467, 2466, 2422, 2423, 2468, 2467, 2423, 2424, 2469, 2468, 2424, 2425, 2470, 2469, 2425, 2426, 2471, 2470, 2426, 2427, 2472, 2471, 2427, 2428, 2473, 2472, 2428, 2429, 2474, 2473, 2430, 2431, 2476, 2475, 2431, 2432, 2477, 2476, 2432, 2433, 2478, 2477, 2433, 2434, 2479, 2478, 2434, 2435, 2480, 2479, 2435, 2436, 2481, 2480, 2436, 2437, 2482, 2481, 2437, 2438, 2483, 2482, 2438, 2439, 2484, 2483, 2439, 2440, 2485, 2484, 2440, 2441, 2486, 2485, 2441, 2442, 2487, 2486, 2442, 2443, 2488, 2487, 2443, 2444, 2489, 2488, 2444, 2445, 2490, 2489, 2445, 2446, 2491, 2490, 2446, 2447, 2492, 2491, 2447, 2448, 2493, 2492, 2448, 2449, 2494, 2493, 2449, 2450, 2495, 2494, 2450, 2451, 2496, 2495, 2451, 2452, 2497, 2496, 2452, 2453, 2498, 2497, 2453, 2454, 2499, 2498, 2454, 2455, 2500, 2499, 2455, 2456, 2501, 2500, 2456, 2457, 2502, 2501, 2457, 2458, 2503, 2502, 2458, 2459, 2504, 2503, 2459, 2460, 2505, 2504, 2460, 2461, 2506, 2505, 2461, 2462, 2507, 2506, 2462, 2463, 2508, 2507, 2463, 2464, 2509, 2508, 2464, 2465, 2510, 2509, 2465, 2466, 2511, 2510, 2466, 2467, 2512, 2511, 2467, 2468, 2513, 2512, 2468, 2469, 2514, 2513, 2469, 2470, 2515, 2514, 2470, 2471, 2516, 2515, 2471, 2472, 2517, 2516, 2472, 2473, 2518, 2517, 2473, 2474, 2519, 2518, 2475, 2476, 2521, 2520, 2476, 2477, 2522, 2521, 2477, 2478, 2523, 2522, 2478, 2479, 2524, 2523, 2479, 2480, 2525, 2524, 2480, 2481, 2526, 2525, 2481, 2482, 2527, 2526, 2482, 2483, 2528, 2527, 2483, 2484, 2529, 2528, 2484, 2485, 2530, 2529, 2485, 2486, 2531, 2530, 2486, 2487, 2532, 2531, 2487, 2488, 2533, 2532, 2488, 2489, 2534, 2533, 2489, 2490, 2535, 2534, 2490, 2491, 2536, 2535, 2491, 2492, 2537, 2536, 2492, 2493, 2538, 2537, 2493, 2494, 2539, 2538, 2494, 2495, 2540, 2539, 2495, 2496, 2541, 2540, 2496, 2497, 2542, 2541, 2497, 2498, 2543, 2542, 2498, 2499, 2544, 2543, 2499, 2500, 2545, 2544, 2500, 2501, 2546, 2545, 2501, 2502, 2547, 2546, 2502, 2503, 2548, 2547, 2503, 2504, 2549, 2548, 2504, 2505, 2550, 2549, 2505, 2506, 2551, 2550, 2506, 2507, 2552, 2551, 2507, 2508, 2553, 2552, 2508, 2509, 2554, 2553, 2509, 2510, 2555, 2554, 2510, 2511, 2556, 2555, 2511, 2512, 2557, 2556, 2512, 2513, 2558, 2557, 2513, 2514, 2559, 2558, 2514, 2515, 2560, 2559, 2515, 2516, 2561, 2560, 2516, 2517, 2562, 2561, 2517, 2518, 2563, 2562, 2518, 2519, 2564, 2563, 2520, 2521, 2566, 2565, 2521, 2522, 2567, 2566, 2522, 2523, 2568, 2567, 2523, 2524, 2569, 2568, 2524, 2525, 2570, 2569, 2525, 2526, 2571, 2570, 2526, 2527, 2572, 2571, 2527, 2528, 2573, 2572, 2528, 2529, 2574, 2573, 2529, 2530, 2575, 2574, 2530, 2531, 2576, 2575, 2531, 2532, 2577, 2576, 2532, 2533, 2578, 2577, 2533, 2534, 2579, 2578, 2534, 2535, 2580, 2579, 2535, 2536, 2581, 2580, 2536, 2537, 2582, 2581, 2537, 2538, 2583, 2582, 2538, 2539, 2584, 2583, 2539, 2540, 2585, 2584, 2540, 2541, 2586, 2585, 2541, 2542, 2587, 2586, 2542, 2543, 2588, 2587, 2543, 2544, 2589, 2588, 2544, 2545, 2590, 2589, 2545, 2546, 2591, 2590, 2546, 2547, 2592, 2591, 2547, 2548, 2593, 2592, 2548, 2549, 2594, 2593, 2549, 2550, 2595, 2594, 2550, 2551, 2596, 2595, 2551, 2552, 2597, 2596, 2552, 2553, 2598, 2597, 2553, 2554, 2599, 2598, 2554, 2555, 2600, 2599, 2555, 2556, 2601, 2600, 2556, 2557, 2602, 2601, 2557, 2558, 2603, 2602, 2558, 2559, 2604, 2603, 2559, 2560, 2605, 2604, 2560, 2561, 2606, 2605, 2561, 2562, 2607, 2606, 2562, 2563, 2608, 2607, 2563, 2564, 2609, 2608, 2565, 2566, 2611, 2610, 2566, 2567, 2612, 2611, 2567, 2568, 2613, 2612, 2568, 2569, 2614, 2613, 2569, 2570, 2615, 2614, 2570, 2571, 2616, 2615, 2571, 2572, 2617, 2616, 2572, 2573, 2618, 2617, 2573, 2574, 2619, 2618, 2574, 2575, 2620, 2619, 2575, 2576, 2621, 2620, 2576, 2577, 2622, 2621, 2577, 2578, 2623, 2622, 2578, 2579, 2624, 2623, 2579, 2580, 2625, 2624, 2580, 2581, 2626, 2625, 2581, 2582, 2627, 2626, 2582, 2583, 2628, 2627, 2583, 2584, 2629, 2628, 2584, 2585, 2630, 2629, 2585, 2586, 2631, 2630, 2586, 2587, 2632, 2631, 2587, 2588, 2633, 2632, 2588, 2589, 2634, 2633, 2589, 2590, 2635, 2634, 2590, 2591, 2636, 2635, 2591, 2592, 2637, 2636, 2592, 2593, 2638, 2637, 2593, 2594, 2639, 2638, 2594, 2595, 2640, 2639, 2595, 2596, 2641, 2640, 2596, 2597, 2642, 2641, 2597, 2598, 2643, 2642, 2598, 2599, 2644, 2643, 2599, 2600, 2645, 2644, 2600, 2601, 2646, 2645, 2601, 2602, 2647, 2646, 2602, 2603, 2648, 2647, 2603, 2604, 2649, 2648, 2604, 2605, 2650, 2649, 2605, 2606, 2651, 2650, 2606, 2607, 2652, 2651, 2607, 2608, 2653, 2652, 2608, 2609, 2654, 2653, 2610, 2611, 2656, 2655, 2611, 2612, 2657, 2656, 2612, 2613, 2658, 2657, 2613, 2614, 2659, 2658, 2614, 2615, 2660, 2659, 2615, 2616, 2661, 2660, 2616, 2617, 2662, 2661, 2617, 2618, 2663, 2662, 2618, 2619, 2664, 2663, 2619, 2620, 2665, 2664, 2620, 2621, 2666, 2665, 2621, 2622, 2667, 2666, 2622, 2623, 2668, 2667, 2623, 2624, 2669, 2668, 2624, 2625, 2670, 2669, 2625, 2626, 2671, 2670, 2626, 2627, 2672, 2671, 2627, 2628, 2673, 2672, 2628, 2629, 2674, 2673, 2629, 2630, 2675, 2674, 2630, 2631, 2676, 2675, 2631, 2632, 2677, 2676, 2632, 2633, 2678, 2677, 2633, 2634, 2679, 2678, 2634, 2635, 2680, 2679, 2635, 2636, 2681, 2680, 2636, 2637, 2682, 2681, 2637, 2638, 2683, 2682, 2638, 2639, 2684, 2683, 2639, 2640, 2685, 2684, 2640, 2641, 2686, 2685, 2641, 2642, 2687, 2686, 2642, 2643, 2688, 2687, 2643, 2644, 2689, 2688, 2644, 2645, 2690, 2689, 2645, 2646, 2691, 2690, 2646, 2647, 2692, 2691, 2647, 2648, 2693, 2692, 2648, 2649, 2694, 2693, 2649, 2650, 2695, 2694, 2650, 2651, 2696, 2695, 2651, 2652, 2697, 2696, 2652, 2653, 2698, 2697, 2653, 2654, 2699, 2698, 2655, 2656, 2701, 2700, 2656, 2657, 2702, 2701, 2657, 2658, 2703, 2702, 2658, 2659, 2704, 2703, 2659, 2660, 2705, 2704, 2660, 2661, 2706, 2705, 2661, 2662, 2707, 2706, 2662, 2663, 2708, 2707, 2663, 2664, 2709, 2708, 2664, 2665, 2710, 2709, 2665, 2666, 2711, 2710, 2666, 2667, 2712, 2711, 2667, 2668, 2713, 2712, 2668, 2669, 2714, 2713, 2669, 2670, 2715, 2714, 2670, 2671, 2716, 2715, 2671, 2672, 2717, 2716, 2672, 2673, 2718, 2717, 2673, 2674, 2719, 2718, 2674, 2675, 2720, 2719, 2675, 2676, 2721, 2720, 2676, 2677, 2722, 2721, 2677, 2678, 2723, 2722, 2678, 2679, 2724, 2723, 2679, 2680, 2725, 2724, 2680, 2681, 2726, 2725, 2681, 2682, 2727, 2726, 2682, 2683, 2728, 2727, 2683, 2684, 2729, 2728, 2684, 2685, 2730, 2729, 2685, 2686, 2731, 2730, 2686, 2687, 2732, 2731, 2687, 2688, 2733, 2732, 2688, 2689, 2734, 2733, 2689, 2690, 2735, 2734, 2690, 2691, 2736, 2735, 2691, 2692, 2737, 2736, 2692, 2693, 2738, 2737, 2693, 2694, 2739, 2738, 2694, 2695, 2740, 2739, 2695, 2696, 2741, 2740, 2696, 2697, 2742, 2741, 2697, 2698, 2743, 2742, 2698, 2699, 2744, 2743, 2700, 2701, 2746, 2745, 2701, 2702, 2747, 2746, 2702, 2703, 2748, 2747, 2703, 2704, 2749, 2748, 2704, 2705, 2750, 2749, 2705, 2706, 2751, 2750, 2706, 2707, 2752, 2751, 2707, 2708, 2753, 2752, 2708, 2709, 2754, 2753, 2709, 2710, 2755, 2754, 2710, 2711, 2756, 2755, 2711, 2712, 2757, 2756, 2712, 2713, 2758, 2757, 2713, 2714, 2759, 2758, 2714, 2715, 2760, 2759, 2715, 2716, 2761, 2760, 2716, 2717, 2762, 2761, 2717, 2718, 2763, 2762, 2718, 2719, 2764, 2763, 2719, 2720, 2765, 2764, 2720, 2721, 2766, 2765, 2721, 2722, 2767, 2766, 2722, 2723, 2768, 2767, 2723, 2724, 2769, 2768, 2724, 2725, 2770, 2769, 2725, 2726, 2771, 2770, 2726, 2727, 2772, 2771, 2727, 2728, 2773, 2772, 2728, 2729, 2774, 2773, 2729, 2730, 2775, 2774, 2730, 2731, 2776, 2775, 2731, 2732, 2777, 2776, 2732, 2733, 2778, 2777, 2733, 2734, 2779, 2778, 2734, 2735, 2780, 2779, 2735, 2736, 2781, 2780, 2736, 2737, 2782, 2781, 2737, 2738, 2783, 2782, 2738, 2739, 2784, 2783, 2739, 2740, 2785, 2784, 2740, 2741, 2786, 2785, 2741, 2742, 2787, 2786, 2742, 2743, 2788, 2787, 2743, 2744, 2789, 2788, 2745, 2746, 2791, 2790, 2746, 2747, 2792, 2791, 2747, 2748, 2793, 2792, 2748, 2749, 2794, 2793, 2749, 2750, 2795, 2794, 2750, 2751, 2796, 2795, 2751, 2752, 2797, 2796, 2752, 2753, 2798, 2797, 2753, 2754, 2799, 2798, 2754, 2755, 2800, 2799, 2755, 2756, 2801, 2800, 2756, 2757, 2802, 2801, 2757, 2758, 2803, 2802, 2758, 2759, 2804, 2803, 2759, 2760, 2805, 2804, 2760, 2761, 2806, 2805, 2761, 2762, 2807, 2806, 2762, 2763, 2808, 2807, 2763, 2764, 2809, 2808, 2764, 2765, 2810, 2809, 2765, 2766, 2811, 2810, 2766, 2767, 2812, 2811, 2767, 2768, 2813, 2812, 2768, 2769, 2814, 2813, 2769, 2770, 2815, 2814, 2770, 2771, 2816, 2815, 2771, 2772, 2817, 2816, 2772, 2773, 2818, 2817, 2773, 2774, 2819, 2818, 2774, 2775, 2820, 2819, 2775, 2776, 2821, 2820, 2776, 2777, 2822, 2821, 2777, 2778, 2823, 2822, 2778, 2779, 2824, 2823, 2779, 2780, 2825, 2824, 2780, 2781, 2826, 2825, 2781, 2782, 2827, 2826, 2782, 2783, 2828, 2827, 2783, 2784, 2829, 2828, 2784, 2785, 2830, 2829, 2785, 2786, 2831, 2830, 2786, 2787, 2832, 2831, 2787, 2788, 2833, 2832, 2788, 2789, 2834, 2833, 2790, 2791, 2836, 2835, 2791, 2792, 2837, 2836, 2792, 2793, 2838, 2837, 2793, 2794, 2839, 2838, 2794, 2795, 2840, 2839, 2795, 2796, 2841, 2840, 2796, 2797, 2842, 2841, 2797, 2798, 2843, 2842, 2798, 2799, 2844, 2843, 2799, 2800, 2845, 2844, 2800, 2801, 2846, 2845, 2801, 2802, 2847, 2846, 2802, 2803, 2848, 2847, 2803, 2804, 2849, 2848, 2804, 2805, 2850, 2849, 2805, 2806, 2851, 2850, 2806, 2807, 2852, 2851, 2807, 2808, 2853, 2852, 2808, 2809, 2854, 2853, 2809, 2810, 2855, 2854, 2810, 2811, 2856, 2855, 2811, 2812, 2857, 2856, 2812, 2813, 2858, 2857, 2813, 2814, 2859, 2858, 2814, 2815, 2860, 2859, 2815, 2816, 2861, 2860, 2816, 2817, 2862, 2861, 2817, 2818, 2863, 2862, 2818, 2819, 2864, 2863, 2819, 2820, 2865, 2864, 2820, 2821, 2866, 2865, 2821, 2822, 2867, 2866, 2822, 2823, 2868, 2867, 2823, 2824, 2869, 2868, 2824, 2825, 2870, 2869, 2825, 2826, 2871, 2870, 2826, 2827, 2872, 2871, 2827, 2828, 2873, 2872, 2828, 2829, 2874, 2873, 2829, 2830, 2875, 2874, 2830, 2831, 2876, 2875, 2831, 2832, 2877, 2876, 2832, 2833, 2878, 2877, 2833, 2834, 2879, 2878, 2835, 2836, 2881, 2880, 2836, 2837, 2882, 2881, 2837, 2838, 2883, 2882, 2838, 2839, 2884, 2883, 2839, 2840, 2885, 2884, 2840, 2841, 2886, 2885, 2841, 2842, 2887, 2886, 2842, 2843, 2888, 2887, 2843, 2844, 2889, 2888, 2844, 2845, 2890, 2889, 2845, 2846, 2891, 2890, 2846, 2847, 2892, 2891, 2847, 2848, 2893, 2892, 2848, 2849, 2894, 2893, 2849, 2850, 2895, 2894, 2850, 2851, 2896, 2895, 2851, 2852, 2897, 2896, 2852, 2853, 2898, 2897, 2853, 2854, 2899, 2898, 2854, 2855, 2900, 2899, 2855, 2856, 2901, 2900, 2856, 2857, 2902, 2901, 2857, 2858, 2903, 2902, 2858, 2859, 2904, 2903, 2859, 2860, 2905, 2904, 2860, 2861, 2906, 2905, 2861, 2862, 2907, 2906, 2862, 2863, 2908, 2907, 2863, 2864, 2909, 2908, 2864, 2865, 2910, 2909, 2865, 2866, 2911, 2910, 2866, 2867, 2912, 2911, 2867, 2868, 2913, 2912, 2868, 2869, 2914, 2913, 2869, 2870, 2915, 2914, 2870, 2871, 2916, 2915, 2871, 2872, 2917, 2916, 2872, 2873, 2918, 2917, 2873, 2874, 2919, 2918, 2874, 2875, 2920, 2919, 2875, 2876, 2921, 2920, 2876, 2877, 2922, 2921, 2877, 2878, 2923, 2922, 2878, 2879, 2924, 2923, 2880, 2881, 2926, 2925, 2881, 2882, 2927, 2926, 2882, 2883, 2928, 2927, 2883, 2884, 2929, 2928, 2884, 2885, 2930, 2929, 2885, 2886, 2931, 2930, 2886, 2887, 2932, 2931, 2887, 2888, 2933, 2932, 2888, 2889, 2934, 2933, 2889, 2890, 2935, 2934, 2890, 2891, 2936, 2935, 2891, 2892, 2937, 2936, 2892, 2893, 2938, 2937, 2893, 2894, 2939, 2938, 2894, 2895, 2940, 2939, 2895, 2896, 2941, 2940, 2896, 2897, 2942, 2941, 2897, 2898, 2943, 2942, 2898, 2899, 2944, 2943, 2899, 2900, 2945, 2944, 2900, 2901, 2946, 2945, 2901, 2902, 2947, 2946, 2902, 2903, 2948, 2947, 2903, 2904, 2949, 2948, 2904, 2905, 2950, 2949, 2905, 2906, 2951, 2950, 2906, 2907, 2952, 2951, 2907, 2908, 2953, 2952, 2908, 2909, 2954, 2953, 2909, 2910, 2955, 2954, 2910, 2911, 2956, 2955, 2911, 2912, 2957, 2956, 2912, 2913, 2958, 2957, 2913, 2914, 2959, 2958, 2914, 2915, 2960, 2959, 2915, 2916, 2961, 2960, 2916, 2917, 2962, 2961, 2917, 2918, 2963, 2962, 2918, 2919, 2964, 2963, 2919, 2920, 2965, 2964, 2920, 2921, 2966, 2965, 2921, 2922, 2967, 2966, 2922, 2923, 2968, 2967, 2923, 2924, 2969, 2968, 2925, 2926, 2971, 2970, 2926, 2927, 2972, 2971, 2927, 2928, 2973, 2972, 2928, 2929, 2974, 2973, 2929, 2930, 2975, 2974, 2930, 2931, 2976, 2975, 2931, 2932, 2977, 2976, 2932, 2933, 2978, 2977, 2933, 2934, 2979, 2978, 2934, 2935, 2980, 2979, 2935, 2936, 2981, 2980, 2936, 2937, 2982, 2981, 2937, 2938, 2983, 2982, 2938, 2939, 2984, 2983, 2939, 2940, 2985, 2984, 2940, 2941, 2986, 2985, 2941, 2942, 2987, 2986, 2942, 2943, 2988, 2987, 2943, 2944, 2989, 2988, 2944, 2945, 2990, 2989, 2945, 2946, 2991, 2990, 2946, 2947, 2992, 2991, 2947, 2948, 2993, 2992, 2948, 2949, 2994, 2993, 2949, 2950, 2995, 2994, 2950, 2951, 2996, 2995, 2951, 2952, 2997, 2996, 2952, 2953, 2998, 2997, 2953, 2954, 2999, 2998, 2954, 2955, 3000, 2999, 2955, 2956, 3001, 3000, 2956, 2957, 3002, 3001, 2957, 2958, 3003, 3002, 2958, 2959, 3004, 3003, 2959, 2960, 3005, 3004, 2960, 2961, 3006, 3005, 2961, 2962, 3007, 3006, 2962, 2963, 3008, 3007, 2963, 2964, 3009, 3008, 2964, 2965, 3010, 3009, 2965, 2966, 3011, 3010, 2966, 2967, 3012, 3011, 2967, 2968, 3013, 3012, 2968, 2969, 3014, 3013, 2970, 2971, 3016, 3015, 2971, 2972, 3017, 3016, 2972, 2973, 3018, 3017, 2973, 2974, 3019, 3018, 2974, 2975, 3020, 3019, 2975, 2976, 3021, 3020, 2976, 2977, 3022, 3021, 2977, 2978, 3023, 3022, 2978, 2979, 3024, 3023, 2979, 2980, 3025, 3024, 2980, 2981, 3026, 3025, 2981, 2982, 3027, 3026, 2982, 2983, 3028, 3027, 2983, 2984, 3029, 3028, 2984, 2985, 3030, 3029, 2985, 2986, 3031, 3030, 2986, 2987, 3032, 3031, 2987, 2988, 3033, 3032, 2988, 2989, 3034, 3033, 2989, 2990, 3035, 3034, 2990, 2991, 3036, 3035, 2991, 2992, 3037, 3036, 2992, 2993, 3038, 3037, 2993, 2994, 3039, 3038, 2994, 2995, 3040, 3039, 2995, 2996, 3041, 3040, 2996, 2997, 3042, 3041, 2997, 2998, 3043, 3042, 2998, 2999, 3044, 3043, 2999, 3000, 3045, 3044, 3000, 3001, 3046, 3045, 3001, 3002, 3047, 3046, 3002, 3003, 3048, 3047, 3003, 3004, 3049, 3048, 3004, 3005, 3050, 3049, 3005, 3006, 3051, 3050, 3006, 3007, 3052, 3051, 3007, 3008, 3053, 3052, 3008, 3009, 3054, 3053, 3009, 3010, 3055, 3054, 3010, 3011, 3056, 3055, 3011, 3012, 3057, 3056, 3012, 3013, 3058, 3057, 3013, 3014, 3059, 3058, 3015, 3016, 3061, 3060, 3016, 3017, 3062, 3061, 3017, 3018, 3063, 3062, 3018, 3019, 3064, 3063, 3019, 3020, 3065, 3064, 3020, 3021, 3066, 3065, 3021, 3022, 3067, 3066, 3022, 3023, 3068, 3067, 3023, 3024, 3069, 3068, 3024, 3025, 3070, 3069, 3025, 3026, 3071, 3070, 3026, 3027, 3072, 3071, 3027, 3028, 3073, 3072, 3028, 3029, 3074, 3073, 3029, 3030, 3075, 3074, 3030, 3031, 3076, 3075, 3031, 3032, 3077, 3076, 3032, 3033, 3078, 3077, 3033, 3034, 3079, 3078, 3034, 3035, 3080, 3079, 3035, 3036, 3081, 3080, 3036, 3037, 3082, 3081, 3037, 3038, 3083, 3082, 3038, 3039, 3084, 3083, 3039, 3040, 3085, 3084, 3040, 3041, 3086, 3085, 3041, 3042, 3087, 3086, 3042, 3043, 3088, 3087, 3043, 3044, 3089, 3088, 3044, 3045, 3090, 3089, 3045, 3046, 3091, 3090, 3046, 3047, 3092, 3091, 3047, 3048, 3093, 3092, 3048, 3049, 3094, 3093, 3049, 3050, 3095, 3094, 3050, 3051, 3096, 3095, 3051, 3052, 3097, 3096, 3052, 3053, 3098, 3097, 3053, 3054, 3099, 3098, 3054, 3055, 3100, 3099, 3055, 3056, 3101, 3100, 3056, 3057, 3102, 3101, 3057, 3058, 3103, 3102, 3058, 3059, 3104, 3103, 3060, 3061, 3106, 3105, 3061, 3062, 3107, 3106, 3062, 3063, 3108, 3107, 3063, 3064, 3109, 3108, 3064, 3065, 3110, 3109, 3065, 3066, 3111, 3110, 3066, 3067, 3112, 3111, 3067, 3068, 3113, 3112, 3068, 3069, 3114, 3113, 3069, 3070, 3115, 3114, 3070, 3071, 3116, 3115, 3071, 3072, 3117, 3116, 3072, 3073, 3118, 3117, 3073, 3074, 3119, 3118, 3074, 3075, 3120, 3119, 3075, 3076, 3121, 3120, 3076, 3077, 3122, 3121, 3077, 3078, 3123, 3122, 3078, 3079, 3124, 3123, 3079, 3080, 3125, 3124, 3080, 3081, 3126, 3125, 3081, 3082, 3127, 3126, 3082, 3083, 3128, 3127, 3083, 3084, 3129, 3128, 3084, 3085, 3130, 3129, 3085, 3086, 3131, 3130, 3086, 3087, 3132, 3131, 3087, 3088, 3133, 3132, 3088, 3089, 3134, 3133, 3089, 3090, 3135, 3134, 3090, 3091, 3136, 3135, 3091, 3092, 3137, 3136, 3092, 3093, 3138, 3137, 3093, 3094, 3139, 3138, 3094, 3095, 3140, 3139, 3095, 3096, 3141, 3140, 3096, 3097, 3142, 3141, 3097, 3098, 3143, 3142, 3098, 3099, 3144, 3143, 3099, 3100, 3145, 3144, 3100, 3101, 3146, 3145, 3101, 3102, 3147, 3146, 3102, 3103, 3148, 3147, 3103, 3104, 3149, 3148]
        rel material:binding = </root/Materials/StudioFloor>
        point3f[] points = [(-70, -60, -0.105), (-66.818184, -60, -0.105), (-63.636364, -60, -0.105), (-60.454544, -60, -0.105), (-57.272728, -60, -0.105), (-54.090908, -60, -0.105), (-50.909092, -60, -0.105), (-47.727272, -60, -0.105), (-44.545456, -60, -0.105), (-41.363636, -60, -0.105), (-38.18182, -60, -0.105), (-35, -60, -0.105), (-31.818182, -60, -0.105), (-28.636364, -60, -0.105), (-25.454546, -60, -0.105), (-22.272728, -60, -0.105), (-19.09091, -60, -0.105), (-15.909091, -60, -0.105), (-12.727273, -60, -0.105), (-9.545455, -60, -0.105), (-6.3636365, -60, -0.105), (-3.1818182, -60, -0.105), (0, -60, -0.105), (3.1818182, -60, -0.105), (6.3636365, -60, -0.105), (9.545455, -60, -0.105), (12.727273, -60, -0.105), (15.909091, -60, -0.105), (19.09091, -60, -0.105), (22.272728, -60, -0.105), (25.454546, -60, -0.105), (28.636364, -60, -0.105), (31.818182, -60, -0.105), (35, -60, -0.105), (38.18182, -60, -0.105), (41.363636, -60, -0.105), (44.545456, -60, -0.105), (47.727272, -60, -0.105), (50.909092, -60, -0.105), (54.090908, -60, -0.105), (57.272728, -60, -0.105), (60.454544, -60, -0.105), (63.636364, -60, -0.105), (66.818184, -60, -0.105), (70, -60, -0.105), (-70, -58, -0.105), (-66.818184, -58, -0.105), (-63.636364, -58, -0.105), (-60.454544, -58, -0.105), (-57.272728, -58, -0.105), (-54.090908, -58, -0.105), (-50.909092, -58, -0.105), (-47.727272, -58, -0.105), (-44.545456, -58, -0.105), (-41.363636, -58, -0.105), (-38.18182, -58, -0.105), (-35, -58, -0.105), (-31.818182, -58, -0.105), (-28.636364, -58, -0.105), (-25.454546, -58, -0.105), (-22.272728, -58, -0.105), (-19.09091, -58, -0.105), (-15.909091, -58, -0.105), (-12.727273, -58, -0.105), (-9.545455, -58, -0.105), (-6.3636365, -58, -0.105), (-3.1818182, -58, -0.105), (0, -58, -0.105), (3.1818182, -58, -0.105), (6.3636365, -58, -0.105), (9.545455, -58, -0.105), (12.727273, -58, -0.105), (15.909091, -58, -0.105), (19.09091, -58, -0.105), (22.272728, -58, -0.105), (25.454546, -58, -0.105), (28.636364, -58, -0.105), (31.818182, -58, -0.105), (35, -58, -0.105), (38.18182, -58, -0.105), (41.363636, -58, -0.105), (44.545456, -58, -0.105), (47.727272, -58, -0.105), (50.909092, -58, -0.105), (54.090908, -58, -0.105), (57.272728, -58, -0.105), (60.454544, -58, -0.105), (63.636364, -58, -0.105), (66.818184, -58, -0.105), (70, -58, -0.105), (-70, -56, -0.105), (-66.818184, -56, -0.105), (-63.636364, -56, -0.105), (-60.454544, -56, -0.105), (-57.272728, -56, -0.105), (-54.090908, -56, -0.105), (-50.909092, -56, -0.105), (-47.727272, -56, -0.105), (-44.545456, -56, -0.105), (-41.363636, -56, -0.105), (-38.18182, -56, -0.105), (-35, -56, -0.105), (-31.818182, -56, -0.105), (-28.636364, -56, -0.105), (-25.454546, -56, -0.105), (-22.272728, -56, -0.105), (-19.09091, -56, -0.105), (-15.909091, -56, -0.105), (-12.727273, -56, -0.105), (-9.545455, -56, -0.105), (-6.3636365, -56, -0.105), (-3.1818182, -56, -0.105), (0, -56, -0.105), (3.1818182, -56, -0.105), (6.3636365, -56, -0.105), (9.545455, -56, -0.105), (12.727273, -56, -0.105), (15.909091, -56, -0.105), (19.09091, -56, -0.105), (22.272728, -56, -0.105), (25.454546, -56, -0.105), (28.636364, -56, -0.105), (31.818182, -56, -0.105), (35, -56, -0.105), (38.18182, -56, -0.105), (41.363636, -56, -0.105), (44.545456, -56, -0.105), (47.727272, -56, -0.105), (50.909092, -56, -0.105), (54.090908, -56, -0.105), (57.272728, -56, -0.105), (60.454544, -56, -0.105), (63.636364, -56, -0.105), (66.818184, -56, -0.105), (70, -56, -0.105), (-70, -54, -0.105), (-66.818184, -54, -0.105), (-63.636364, -54, -0.105), (-60.454544, -54, -0.105), (-57.272728, -54, -0.105), (-54.090908, -54, -0.105), (-50.909092, -54, -0.105), (-47.727272, -54, -0.105), (-44.545456, -54, -0.105), (-41.363636, -54, -0.105), (-38.18182, -54, -0.105), (-35, -54, -0.105), (-31.818182, -54, -0.105), (-28.636364, -54, -0.105), (-25.454546, -54, -0.105), (-22.272728, -54, -0.105), (-19.09091, -54, -0.105), (-15.909091, -54, -0.105), (-12.727273, -54, -0.105), (-9.545455, -54, -0.105), (-6.3636365, -54, -0.105), (-3.1818182, -54, -0.105), (0, -54, -0.105), (3.1818182, -54, -0.105), (6.3636365, -54, -0.105), (9.545455, -54, -0.105), (12.727273, -54, -0.105), (15.909091, -54, -0.105), (19.09091, -54, -0.105), (22.272728, -54, -0.105), (25.454546, -54, -0.105), (28.636364, -54, -0.105), (31.818182, -54, -0.105), (35, -54, -0.105), (38.18182, -54, -0.105), (41.363636, -54, -0.105), (44.545456, -54, -0.105), (47.727272, -54, -0.105), (50.909092, -54, -0.105), (54.090908, -54, -0.105), (57.272728, -54, -0.105), (60.454544, -54, -0.105), (63.636364, -54, -0.105), (66.818184, -54, -0.105), (70, -54, -0.105), (-70, -52, -0.105), (-66.818184, -52, -0.105), (-63.636364, -52, -0.105), (-60.454544, -52, -0.105), (-57.272728, -52, -0.105), (-54.090908, -52, -0.105), (-50.909092, -52, -0.105), (-47.727272, -52, -0.105), (-44.545456, -52, -0.105), (-41.363636, -52, -0.105), (-38.18182, -52, -0.105), (-35, -52, -0.105), (-31.818182, -52, -0.105), (-28.636364, -52, -0.105), (-25.454546, -52, -0.105), (-22.272728, -52, -0.105), (-19.09091, -52, -0.105), (-15.909091, -52, -0.105), (-12.727273, -52, -0.105), (-9.545455, -52, -0.105), (-6.3636365, -52, -0.105), (-3.1818182, -52, -0.105), (0, -52, -0.105), (3.1818182, -52, -0.105), (6.3636365, -52, -0.105), (9.545455, -52, -0.105), (12.727273, -52, -0.105), (15.909091, -52, -0.105), (19.09091, -52, -0.105), (22.272728, -52, -0.105), (25.454546, -52, -0.105), (28.636364, -52, -0.105), (31.818182, -52, -0.105), (35, -52, -0.105), (38.18182, -52, -0.105), (41.363636, -52, -0.105), (44.545456, -52, -0.105), (47.727272, -52, -0.105), (50.909092, -52, -0.105), (54.090908, -52, -0.105), (57.272728, -52, -0.105), (60.454544, -52, -0.105), (63.636364, -52, -0.105), (66.818184, -52, -0.105), (70, -52, -0.105), (-70, -50, -0.105), (-66.818184, -50, -0.105), (-63.636364, -50, -0.105), (-60.454544, -50, -0.105), (-57.272728, -50, -0.105), (-54.090908, -50, -0.105), (-50.909092, -50, -0.105), (-47.727272, -50, -0.105), (-44.545456, -50, -0.105), (-41.363636, -50, -0.105), (-38.18182, -50, -0.105), (-35, -50, -0.105), (-31.818182, -50, -0.105), (-28.636364, -50, -0.105), (-25.454546, -50, -0.105), (-22.272728, -50, -0.105), (-19.09091, -50, -0.105), (-15.909091, -50, -0.105), (-12.727273, -50, -0.105), (-9.545455, -50, -0.105), (-6.3636365, -50, -0.105), (-3.1818182, -50, -0.105), (0, -50, -0.105), (3.1818182, -50, -0.105), (6.3636365, -50, -0.105), (9.545455, -50, -0.105), (12.727273, -50, -0.105), (15.909091, -50, -0.105), (19.09091, -50, -0.105), (22.272728, -50, -0.105), (25.454546, -50, -0.105), (28.636364, -50, -0.105), (31.818182, -50, -0.105), (35, -50, -0.105), (38.18182, -50, -0.105), (41.363636, -50, -0.105), (44.545456, -50, -0.105), (47.727272, -50, -0.105), (50.909092, -50, -0.105), (54.090908, -50, -0.105), (57.272728, -50, -0.105), (60.454544, -50, -0.105), (63.636364, -50, -0.105), (66.818184, -50, -0.105), (70, -50, -0.105), (-70, -48, -0.105), (-66.818184, -48, -0.105), (-63.636364, -48, -0.105), (-60.454544, -48, -0.105), (-57.272728, -48, -0.105), (-54.090908, -48, -0.105), (-50.909092, -48, -0.105), (-47.727272, -48, -0.105), (-44.545456, -48, -0.105), (-41.363636, -48, -0.105), (-38.18182, -48, -0.105), (-35, -48, -0.105), (-31.818182, -48, -0.105), (-28.636364, -48, -0.105), (-25.454546, -48, -0.105), (-22.272728, -48, -0.105), (-19.09091, -48, -0.105), (-15.909091, -48, -0.105), (-12.727273, -48, -0.105), (-9.545455, -48, -0.105), (-6.3636365, -48, -0.105), (-3.1818182, -48, -0.105), (0, -48, -0.105), (3.1818182, -48, -0.105), (6.3636365, -48, -0.105), (9.545455, -48, -0.105), (12.727273, -48, -0.105), (15.909091, -48, -0.105), (19.09091, -48, -0.105), (22.272728, -48, -0.105), (25.454546, -48, -0.105), (28.636364, -48, -0.105), (31.818182, -48, -0.105), (35, -48, -0.105), (38.18182, -48, -0.105), (41.363636, -48, -0.105), (44.545456, -48, -0.105), (47.727272, -48, -0.105), (50.909092, -48, -0.105), (54.090908, -48, -0.105), (57.272728, -48, -0.105), (60.454544, -48, -0.105), (63.636364, -48, -0.105), (66.818184, -48, -0.105), (70, -48, -0.105), (-70, -46, -0.105), (-66.818184, -46, -0.105), (-63.636364, -46, -0.105), (-60.454544, -46, -0.105), (-57.272728, -46, -0.105), (-54.090908, -46, -0.105), (-50.909092, -46, -0.105), (-47.727272, -46, -0.105), (-44.545456, -46, -0.105), (-41.363636, -46, -0.105), (-38.18182, -46, -0.105), (-35, -46, -0.105), (-31.818182, -46, -0.105), (-28.636364, -46, -0.105), (-25.454546, -46, -0.105), (-22.272728, -46, -0.105), (-19.09091, -46, -0.105), (-15.909091, -46, -0.105), (-12.727273, -46, -0.105), (-9.545455, -46, -0.105), (-6.3636365, -46, -0.105), (-3.1818182, -46, -0.105), (0, -46, -0.105), (3.1818182, -46, -0.105), (6.3636365, -46, -0.105), (9.545455, -46, -0.105), (12.727273, -46, -0.105), (15.909091, -46, -0.105), (19.09091, -46, -0.105), (22.272728, -46, -0.105), (25.454546, -46, -0.105), (28.636364, -46, -0.105), (31.818182, -46, -0.105), (35, -46, -0.105), (38.18182, -46, -0.105), (41.363636, -46, -0.105), (44.545456, -46, -0.105), (47.727272, -46, -0.105), (50.909092, -46, -0.105), (54.090908, -46, -0.105), (57.272728, -46, -0.105), (60.454544, -46, -0.105), (63.636364, -46, -0.105), (66.818184, -46, -0.105), (70, -46, -0.105), (-70, -44, -0.105), (-66.818184, -44, -0.105), (-63.636364, -44, -0.105), (-60.454544, -44, -0.105), (-57.272728, -44, -0.105), (-54.090908, -44, -0.105), (-50.909092, -44, -0.105), (-47.727272, -44, -0.105), (-44.545456, -44, -0.105), (-41.363636, -44, -0.105), (-38.18182, -44, -0.105), (-35, -44, -0.105), (-31.818182, -44, -0.105), (-28.636364, -44, -0.105), (-25.454546, -44, -0.105), (-22.272728, -44, -0.105), (-19.09091, -44, -0.105), (-15.909091, -44, -0.105), (-12.727273, -44, -0.105), (-9.545455, -44, -0.105), (-6.3636365, -44, -0.105), (-3.1818182, -44, -0.105), (0, -44, -0.105), (3.1818182, -44, -0.105), (6.3636365, -44, -0.105), (9.545455, -44, -0.105), (12.727273, -44, -0.105), (15.909091, -44, -0.105), (19.09091, -44, -0.105), (22.272728, -44, -0.105), (25.454546, -44, -0.105), (28.636364, -44, -0.105), (31.818182, -44, -0.105), (35, -44, -0.105), (38.18182, -44, -0.105), (41.363636, -44, -0.105), (44.545456, -44, -0.105), (47.727272, -44, -0.105), (50.909092, -44, -0.105), (54.090908, -44, -0.105), (57.272728, -44, -0.105), (60.454544, -44, -0.105), (63.636364, -44, -0.105), (66.818184, -44, -0.105), (70, -44, -0.105), (-70, -42, -0.105), (-66.818184, -42, -0.105), (-63.636364, -42, -0.105), (-60.454544, -42, -0.105), (-57.272728, -42, -0.105), (-54.090908, -42, -0.105), (-50.909092, -42, -0.105), (-47.727272, -42, -0.105), (-44.545456, -42, -0.105), (-41.363636, -42, -0.105), (-38.18182, -42, -0.105), (-35, -42, -0.105), (-31.818182, -42, -0.105), (-28.636364, -42, -0.105), (-25.454546, -42, -0.105), (-22.272728, -42, -0.105), (-19.09091, -42, -0.105), (-15.909091, -42, -0.105), (-12.727273, -42, -0.105), (-9.545455, -42, -0.105), (-6.3636365, -42, -0.105), (-3.1818182, -42, -0.105), (0, -42, -0.105), (3.1818182, -42, -0.105), (6.3636365, -42, -0.105), (9.545455, -42, -0.105), (12.727273, -42, -0.105), (15.909091, -42, -0.105), (19.09091, -42, -0.105), (22.272728, -42, -0.105), (25.454546, -42, -0.105), (28.636364, -42, -0.105), (31.818182, -42, -0.105), (35, -42, -0.105), (38.18182, -42, -0.105), (41.363636, -42, -0.105), (44.545456, -42, -0.105), (47.727272, -42, -0.105), (50.909092, -42, -0.105), (54.090908, -42, -0.105), (57.272728, -42, -0.105), (60.454544, -42, -0.105), (63.636364, -42, -0.105), (66.818184, -42, -0.105), (70, -42, -0.105), (-70, -40, -0.105), (-66.818184, -40, -0.105), (-63.636364, -40, -0.105), (-60.454544, -40, -0.105), (-57.272728, -40, -0.105), (-54.090908, -40, -0.105), (-50.909092, -40, -0.105), (-47.727272, -40, -0.105), (-44.545456, -40, -0.105), (-41.363636, -40, -0.105), (-38.18182, -40, -0.105), (-35, -40, -0.105), (-31.818182, -40, -0.105), (-28.636364, -40, -0.105), (-25.454546, -40, -0.105), (-22.272728, -40, -0.105), (-19.09091, -40, -0.105), (-15.909091, -40, -0.105), (-12.727273, -40, -0.105), (-9.545455, -40, -0.105), (-6.3636365, -40, -0.105), (-3.1818182, -40, -0.105), (0, -40, -0.105), (3.1818182, -40, -0.105), (6.3636365, -40, -0.105), (9.545455, -40, -0.105), (12.727273, -40, -0.105), (15.909091, -40, -0.105), (19.09091, -40, -0.105), (22.272728, -40, -0.105), (25.454546, -40, -0.105), (28.636364, -40, -0.105), (31.818182, -40, -0.105), (35, -40, -0.105), (38.18182, -40, -0.105), (41.363636, -40, -0.105), (44.545456, -40, -0.105), (47.727272, -40, -0.105), (50.909092, -40, -0.105), (54.090908, -40, -0.105), (57.272728, -40, -0.105), (60.454544, -40, -0.105), (63.636364, -40, -0.105), (66.818184, -40, -0.105), (70, -40, -0.105), (-70, -38, -0.105), (-66.818184, -38, -0.105), (-63.636364, -38, -0.105), (-60.454544, -38, -0.105), (-57.272728, -38, -0.105), (-54.090908, -38, -0.105), (-50.909092, -38, -0.105), (-47.727272, -38, -0.105), (-44.545456, -38, -0.105), (-41.363636, -38, -0.105), (-38.18182, -38, -0.105), (-35, -38, -0.105), (-31.818182, -38, -0.105), (-28.636364, -38, -0.105), (-25.454546, -38, -0.105), (-22.272728, -38, -0.105), (-19.09091, -38, -0.105), (-15.909091, -38, -0.105), (-12.727273, -38, -0.105), (-9.545455, -38, -0.105), (-6.3636365, -38, -0.105), (-3.1818182, -38, -0.105), (0, -38, -0.105), (3.1818182, -38, -0.105), (6.3636365, -38, -0.105), (9.545455, -38, -0.105), (12.727273, -38, -0.105), (15.909091, -38, -0.105), (19.09091, -38, -0.105), (22.272728, -38, -0.105), (25.454546, -38, -0.105), (28.636364, -38, -0.105), (31.818182, -38, -0.105), (35, -38, -0.105), (38.18182, -38, -0.105), (41.363636, -38, -0.105), (44.545456, -38, -0.105), (47.727272, -38, -0.105), (50.909092, -38, -0.105), (54.090908, -38, -0.105), (57.272728, -38, -0.105), (60.454544, -38, -0.105), (63.636364, -38, -0.105), (66.818184, -38, -0.105), (70, -38, -0.105), (-70, -36, -0.105), (-66.818184, -36, -0.105), (-63.636364, -36, -0.105), (-60.454544, -36, -0.105), (-57.272728, -36, -0.105), (-54.090908, -36, -0.105), (-50.909092, -36, -0.105), (-47.727272, -36, -0.105), (-44.545456, -36, -0.105), (-41.363636, -36, -0.105), (-38.18182, -36, -0.105), (-35, -36, -0.105), (-31.818182, -36, -0.105), (-28.636364, -36, -0.105), (-25.454546, -36, -0.105), (-22.272728, -36, -0.105), (-19.09091, -36, -0.105), (-15.909091, -36, -0.105), (-12.727273, -36, -0.105), (-9.545455, -36, -0.105), (-6.3636365, -36, -0.105), (-3.1818182, -36, -0.105), (0, -36, -0.105), (3.1818182, -36, -0.105), (6.3636365, -36, -0.105), (9.545455, -36, -0.105), (12.727273, -36, -0.105), (15.909091, -36, -0.105), (19.09091, -36, -0.105), (22.272728, -36, -0.105), (25.454546, -36, -0.105), (28.636364, -36, -0.105), (31.818182, -36, -0.105), (35, -36, -0.105), (38.18182, -36, -0.105), (41.363636, -36, -0.105), (44.545456, -36, -0.105), (47.727272, -36, -0.105), (50.909092, -36, -0.105), (54.090908, -36, -0.105), (57.272728, -36, -0.105), (60.454544, -36, -0.105), (63.636364, -36, -0.105), (66.818184, -36, -0.105), (70, -36, -0.105), (-70, -34, -0.105), (-66.818184, -34, -0.105), (-63.636364, -34, -0.105), (-60.454544, -34, -0.105), (-57.272728, -34, -0.105), (-54.090908, -34, -0.105), (-50.909092, -34, -0.105), (-47.727272, -34, -0.105), (-44.545456, -34, -0.105), (-41.363636, -34, -0.105), (-38.18182, -34, -0.105), (-35, -34, -0.105), (-31.818182, -34, -0.105), (-28.636364, -34, -0.105), (-25.454546, -34, -0.105), (-22.272728, -34, -0.105), (-19.09091, -34, -0.105), (-15.909091, -34, -0.105), (-12.727273, -34, -0.105), (-9.545455, -34, -0.105), (-6.3636365, -34, -0.105), (-3.1818182, -34, -0.105), (0, -34, -0.105), (3.1818182, -34, -0.105), (6.3636365, -34, -0.105), (9.545455, -34, -0.105), (12.727273, -34, -0.105), (15.909091, -34, -0.105), (19.09091, -34, -0.105), (22.272728, -34, -0.105), (25.454546, -34, -0.105), (28.636364, -34, -0.105), (31.818182, -34, -0.105), (35, -34, -0.105), (38.18182, -34, -0.105), (41.363636, -34, -0.105), (44.545456, -34, -0.105), (47.727272, -34, -0.105), (50.909092, -34, -0.105), (54.090908, -34, -0.105), (57.272728, -34, -0.105), (60.454544, -34, -0.105), (63.636364, -34, -0.105), (66.818184, -34, -0.105), (70, -34, -0.105), (-70, -32, -0.105), (-66.818184, -32, -0.105), (-63.636364, -32, -0.105), (-60.454544, -32, -0.105), (-57.272728, -32, -0.105), (-54.090908, -32, -0.105), (-50.909092, -32, -0.105), (-47.727272, -32, -0.105), (-44.545456, -32, -0.105), (-41.363636, -32, -0.105), (-38.18182, -32, -0.105), (-35, -32, -0.105), (-31.818182, -32, -0.105), (-28.636364, -32, -0.105), (-25.454546, -32, -0.105), (-22.272728, -32, -0.105), (-19.09091, -32, -0.105), (-15.909091, -32, -0.105), (-12.727273, -32, -0.105), (-9.545455, -32, -0.105), (-6.3636365, -32, -0.105), (-3.1818182, -32, -0.105), (0, -32, -0.105), (3.1818182, -32, -0.105), (6.3636365, -32, -0.105), (9.545455, -32, -0.105), (12.727273, -32, -0.105), (15.909091, -32, -0.105), (19.09091, -32, -0.105), (22.272728, -32, -0.105), (25.454546, -32, -0.105), (28.636364, -32, -0.105), (31.818182, -32, -0.105), (35, -32, -0.105), (38.18182, -32, -0.105), (41.363636, -32, -0.105), (44.545456, -32, -0.105), (47.727272, -32, -0.105), (50.909092, -32, -0.105), (54.090908, -32, -0.105), (57.272728, -32, -0.105), (60.454544, -32, -0.105), (63.636364, -32, -0.105), (66.818184, -32, -0.105), (70, -32, -0.105), (-70, -30, -0.105), (-66.818184, -30, -0.105), (-63.636364, -30, -0.105), (-60.454544, -30, -0.105), (-57.272728, -30, -0.105), (-54.090908, -30, -0.105), (-50.909092, -30, -0.105), (-47.727272, -30, -0.105), (-44.545456, -30, -0.105), (-41.363636, -30, -0.105), (-38.18182, -30, -0.105), (-35, -30, -0.105), (-31.818182, -30, -0.105), (-28.636364, -30, -0.105), (-25.454546, -30, -0.105), (-22.272728, -30, -0.105), (-19.09091, -30, -0.105), (-15.909091, -30, -0.105), (-12.727273, -30, -0.105), (-9.545455, -30, -0.105), (-6.3636365, -30, -0.105), (-3.1818182, -30, -0.105), (0, -30, -0.105), (3.1818182, -30, -0.105), (6.3636365, -30, -0.105), (9.545455, -30, -0.105), (12.727273, -30, -0.105), (15.909091, -30, -0.105), (19.09091, -30, -0.105), (22.272728, -30, -0.105), (25.454546, -30, -0.105), (28.636364, -30, -0.105), (31.818182, -30, -0.105), (35, -30, -0.105), (38.18182, -30, -0.105), (41.363636, -30, -0.105), (44.545456, -30, -0.105), (47.727272, -30, -0.105), (50.909092, -30, -0.105), (54.090908, -30, -0.105), (57.272728, -30, -0.105), (60.454544, -30, -0.105), (63.636364, -30, -0.105), (66.818184, -30, -0.105), (70, -30, -0.105), (-70, -28, -0.105), (-66.818184, -28, -0.105), (-63.636364, -28, -0.105), (-60.454544, -28, -0.105), (-57.272728, -28, -0.105), (-54.090908, -28, -0.105), (-50.909092, -28, -0.105), (-47.727272, -28, -0.105), (-44.545456, -28, -0.105), (-41.363636, -28, -0.105), (-38.18182, -28, -0.105), (-35, -28, -0.105), (-31.818182, -28, -0.105), (-28.636364, -28, -0.105), (-25.454546, -28, -0.105), (-22.272728, -28, -0.105), (-19.09091, -28, -0.105), (-15.909091, -28, -0.105), (-12.727273, -28, -0.105), (-9.545455, -28, -0.105), (-6.3636365, -28, -0.105), (-3.1818182, -28, -0.105), (0, -28, -0.105), (3.1818182, -28, -0.105), (6.3636365, -28, -0.105), (9.545455, -28, -0.105), (12.727273, -28, -0.105), (15.909091, -28, -0.105), (19.09091, -28, -0.105), (22.272728, -28, -0.105), (25.454546, -28, -0.105), (28.636364, -28, -0.105), (31.818182, -28, -0.105), (35, -28, -0.105), (38.18182, -28, -0.105), (41.363636, -28, -0.105), (44.545456, -28, -0.105), (47.727272, -28, -0.105), (50.909092, -28, -0.105), (54.090908, -28, -0.105), (57.272728, -28, -0.105), (60.454544, -28, -0.105), (63.636364, -28, -0.105), (66.818184, -28, -0.105), (70, -28, -0.105), (-70, -26, -0.105), (-66.818184, -26, -0.105), (-63.636364, -26, -0.105), (-60.454544, -26, -0.105), (-57.272728, -26, -0.105), (-54.090908, -26, -0.105), (-50.909092, -26, -0.105), (-47.727272, -26, -0.105), (-44.545456, -26, -0.105), (-41.363636, -26, -0.105), (-38.18182, -26, -0.105), (-35, -26, -0.105), (-31.818182, -26, -0.105), (-28.636364, -26, -0.105), (-25.454546, -26, -0.105), (-22.272728, -26, -0.105), (-19.09091, -26, -0.105), (-15.909091, -26, -0.105), (-12.727273, -26, -0.105), (-9.545455, -26, -0.105), (-6.3636365, -26, -0.105), (-3.1818182, -26, -0.105), (0, -26, -0.105), (3.1818182, -26, -0.105), (6.3636365, -26, -0.105), (9.545455, -26, -0.105), (12.727273, -26, -0.105), (15.909091, -26, -0.105), (19.09091, -26, -0.105), (22.272728, -26, -0.105), (25.454546, -26, -0.105), (28.636364, -26, -0.105), (31.818182, -26, -0.105), (35, -26, -0.105), (38.18182, -26, -0.105), (41.363636, -26, -0.105), (44.545456, -26, -0.105), (47.727272, -26, -0.105), (50.909092, -26, -0.105), (54.090908, -26, -0.105), (57.272728, -26, -0.105), (60.454544, -26, -0.105), (63.636364, -26, -0.105), (66.818184, -26, -0.105), (70, -26, -0.105), (-70, -24, -0.105), (-66.818184, -24, -0.105), (-63.636364, -24, -0.105), (-60.454544, -24, -0.105), (-57.272728, -24, -0.105), (-54.090908, -24, -0.105), (-50.909092, -24, -0.105), (-47.727272, -24, -0.105), (-44.545456, -24, -0.105), (-41.363636, -24, -0.105), (-38.18182, -24, -0.105), (-35, -24, -0.105), (-31.818182, -24, -0.105), (-28.636364, -24, -0.105), (-25.454546, -24, -0.105), (-22.272728, -24, -0.105), (-19.09091, -24, -0.105), (-15.909091, -24, -0.105), (-12.727273, -24, -0.105), (-9.545455, -24, -0.105), (-6.3636365, -24, -0.105), (-3.1818182, -24, -0.105), (0, -24, -0.105), (3.1818182, -24, -0.105), (6.3636365, -24, -0.105), (9.545455, -24, -0.105), (12.727273, -24, -0.105), (15.909091, -24, -0.105), (19.09091, -24, -0.105), (22.272728, -24, -0.105), (25.454546, -24, -0.105), (28.636364, -24, -0.105), (31.818182, -24, -0.105), (35, -24, -0.105), (38.18182, -24, -0.105), (41.363636, -24, -0.105), (44.545456, -24, -0.105), (47.727272, -24, -0.105), (50.909092, -24, -0.105), (54.090908, -24, -0.105), (57.272728, -24, -0.105), (60.454544, -24, -0.105), (63.636364, -24, -0.105), (66.818184, -24, -0.105), (70, -24, -0.105), (-70, -22, -0.105), (-66.818184, -22, -0.105), (-63.636364, -22, -0.105), (-60.454544, -22, -0.105), (-57.272728, -22, -0.105), (-54.090908, -22, -0.105), (-50.909092, -22, -0.105), (-47.727272, -22, -0.105), (-44.545456, -22, -0.105), (-41.363636, -22, -0.105), (-38.18182, -22, -0.105), (-35, -22, -0.105), (-31.818182, -22, -0.105), (-28.636364, -22, -0.105), (-25.454546, -22, -0.105), (-22.272728, -22, -0.105), (-19.09091, -22, -0.105), (-15.909091, -22, -0.105), (-12.727273, -22, -0.105), (-9.545455, -22, -0.105), (-6.3636365, -22, -0.105), (-3.1818182, -22, -0.105), (0, -22, -0.105), (3.1818182, -22, -0.105), (6.3636365, -22, -0.105), (9.545455, -22, -0.105), (12.727273, -22, -0.105), (15.909091, -22, -0.105), (19.09091, -22, -0.105), (22.272728, -22, -0.105), (25.454546, -22, -0.105), (28.636364, -22, -0.105), (31.818182, -22, -0.105), (35, -22, -0.105), (38.18182, -22, -0.105), (41.363636, -22, -0.105), (44.545456, -22, -0.105), (47.727272, -22, -0.105), (50.909092, -22, -0.105), (54.090908, -22, -0.105), (57.272728, -22, -0.105), (60.454544, -22, -0.105), (63.636364, -22, -0.105), (66.818184, -22, -0.105), (70, -22, -0.105), (-70, -20, -0.105), (-66.818184, -20, -0.105), (-63.636364, -20, -0.105), (-60.454544, -20, -0.105), (-57.272728, -20, -0.105), (-54.090908, -20, -0.105), (-50.909092, -20, -0.105), (-47.727272, -20, -0.105), (-44.545456, -20, -0.105), (-41.363636, -20, -0.105), (-38.18182, -20, -0.105), (-35, -20, -0.105), (-31.818182, -20, -0.105), (-28.636364, -20, -0.105), (-25.454546, -20, -0.105), (-22.272728, -20, -0.105), (-19.09091, -20, -0.105), (-15.909091, -20, -0.105), (-12.727273, -20, -0.105), (-9.545455, -20, -0.105), (-6.3636365, -20, -0.105), (-3.1818182, -20, -0.105), (0, -20, -0.105), (3.1818182, -20, -0.105), (6.3636365, -20, -0.105), (9.545455, -20, -0.105), (12.727273, -20, -0.105), (15.909091, -20, -0.105), (19.09091, -20, -0.105), (22.272728, -20, -0.105), (25.454546, -20, -0.105), (28.636364, -20, -0.105), (31.818182, -20, -0.105), (35, -20, -0.105), (38.18182, -20, -0.105), (41.363636, -20, -0.105), (44.545456, -20, -0.105), (47.727272, -20, -0.105), (50.909092, -20, -0.105), (54.090908, -20, -0.105), (57.272728, -20, -0.105), (60.454544, -20, -0.105), (63.636364, -20, -0.105), (66.818184, -20, -0.105), (70, -20, -0.105), (-70, -18, -0.105), (-66.818184, -18, -0.105), (-63.636364, -18, -0.105), (-60.454544, -18, -0.105), (-57.272728, -18, -0.105), (-54.090908, -18, -0.105), (-50.909092, -18, -0.105), (-47.727272, -18, -0.105), (-44.545456, -18, -0.105), (-41.363636, -18, -0.105), (-38.18182, -18, -0.105), (-35, -18, -0.105), (-31.818182, -18, -0.105), (-28.636364, -18, -0.105), (-25.454546, -18, -0.105), (-22.272728, -18, -0.105), (-19.09091, -18, -0.105), (-15.909091, -18, -0.105), (-12.727273, -18, -0.105), (-9.545455, -18, -0.105), (-6.3636365, -18, -0.105), (-3.1818182, -18, -0.105), (0, -18, -0.105), (3.1818182, -18, -0.105), (6.3636365, -18, -0.105), (9.545455, -18, -0.105), (12.727273, -18, -0.105), (15.909091, -18, -0.105), (19.09091, -18, -0.105), (22.272728, -18, -0.105), (25.454546, -18, -0.105), (28.636364, -18, -0.105), (31.818182, -18, -0.105), (35, -18, -0.105), (38.18182, -18, -0.105), (41.363636, -18, -0.105), (44.545456, -18, -0.105), (47.727272, -18, -0.105), (50.909092, -18, -0.105), (54.090908, -18, -0.105), (57.272728, -18, -0.105), (60.454544, -18, -0.105), (63.636364, -18, -0.105), (66.818184, -18, -0.105), (70, -18, -0.105), (-70, -16, -0.105), (-66.818184, -16, -0.105), (-63.636364, -16, -0.105), (-60.454544, -16, -0.105), (-57.272728, -16, -0.105), (-54.090908, -16, -0.105), (-50.909092, -16, -0.105), (-47.727272, -16, -0.105), (-44.545456, -16, -0.105), (-41.363636, -16, -0.105), (-38.18182, -16, -0.105), (-35, -16, -0.105), (-31.818182, -16, -0.105), (-28.636364, -16, -0.105), (-25.454546, -16, -0.105), (-22.272728, -16, -0.105), (-19.09091, -16, -0.105), (-15.909091, -16, -0.105), (-12.727273, -16, -0.105), (-9.545455, -16, -0.105), (-6.3636365, -16, -0.105), (-3.1818182, -16, -0.105), (0, -16, -0.105), (3.1818182, -16, -0.105), (6.3636365, -16, -0.105), (9.545455, -16, -0.105), (12.727273, -16, -0.105), (15.909091, -16, -0.105), (19.09091, -16, -0.105), (22.272728, -16, -0.105), (25.454546, -16, -0.105), (28.636364, -16, -0.105), (31.818182, -16, -0.105), (35, -16, -0.105), (38.18182, -16, -0.105), (41.363636, -16, -0.105), (44.545456, -16, -0.105), (47.727272, -16, -0.105), (50.909092, -16, -0.105), (54.090908, -16, -0.105), (57.272728, -16, -0.105), (60.454544, -16, -0.105), (63.636364, -16, -0.105), (66.818184, -16, -0.105), (70, -16, -0.105), (-70, -14, -0.105), (-66.818184, -14, -0.105), (-63.636364, -14, -0.105), (-60.454544, -14, -0.105), (-57.272728, -14, -0.105), (-54.090908, -14, -0.105), (-50.909092, -14, -0.105), (-47.727272, -14, -0.105), (-44.545456, -14, -0.105), (-41.363636, -14, -0.105), (-38.18182, -14, -0.105), (-35, -14, -0.105), (-31.818182, -14, -0.105), (-28.636364, -14, -0.105), (-25.454546, -14, -0.105), (-22.272728, -14, -0.105), (-19.09091, -14, -0.105), (-15.909091, -14, -0.105), (-12.727273, -14, -0.105), (-9.545455, -14, -0.105), (-6.3636365, -14, -0.105), (-3.1818182, -14, -0.105), (0, -14, -0.105), (3.1818182, -14, -0.105), (6.3636365, -14, -0.105), (9.545455, -14, -0.105), (12.727273, -14, -0.105), (15.909091, -14, -0.105), (19.09091, -14, -0.105), (22.272728, -14, -0.105), (25.454546, -14, -0.105), (28.636364, -14, -0.105), (31.818182, -14, -0.105), (35, -14, -0.105), (38.18182, -14, -0.105), (41.363636, -14, -0.105), (44.545456, -14, -0.105), (47.727272, -14, -0.105), (50.909092, -14, -0.105), (54.090908, -14, -0.105), (57.272728, -14, -0.105), (60.454544, -14, -0.105), (63.636364, -14, -0.105), (66.818184, -14, -0.105), (70, -14, -0.105), (-70, -12, -0.105), (-66.818184, -12, -0.105), (-63.636364, -12, -0.105), (-60.454544, -12, -0.105), (-57.272728, -12, -0.105), (-54.090908, -12, -0.105), (-50.909092, -12, -0.105), (-47.727272, -12, -0.105), (-44.545456, -12, -0.105), (-41.363636, -12, -0.105), (-38.18182, -12, -0.105), (-35, -12, -0.105), (-31.818182, -12, -0.105), (-28.636364, -12, -0.105), (-25.454546, -12, -0.105), (-22.272728, -12, -0.105), (-19.09091, -12, -0.105), (-15.909091, -12, -0.105), (-12.727273, -12, -0.105), (-9.545455, -12, -0.105), (-6.3636365, -12, -0.105), (-3.1818182, -12, -0.105), (0, -12, -0.105), (3.1818182, -12, -0.105), (6.3636365, -12, -0.105), (9.545455, -12, -0.105), (12.727273, -12, -0.105), (15.909091, -12, -0.105), (19.09091, -12, -0.105), (22.272728, -12, -0.105), (25.454546, -12, -0.105), (28.636364, -12, -0.105), (31.818182, -12, -0.105), (35, -12, -0.105), (38.18182, -12, -0.105), (41.363636, -12, -0.105), (44.545456, -12, -0.105), (47.727272, -12, -0.105), (50.909092, -12, -0.105), (54.090908, -12, -0.105), (57.272728, -12, -0.105), (60.454544, -12, -0.105), (63.636364, -12, -0.105), (66.818184, -12, -0.105), (70, -12, -0.105), (-70, -10, -0.105), (-66.818184, -10, -0.105), (-63.636364, -10, -0.105), (-60.454544, -10, -0.105), (-57.272728, -10, -0.105), (-54.090908, -10, -0.105), (-50.909092, -10, -0.105), (-47.727272, -10, -0.105), (-44.545456, -10, -0.105), (-41.363636, -10, -0.105), (-38.18182, -10, -0.105), (-35, -10, -0.105), (-31.818182, -10, -0.105), (-28.636364, -10, -0.105), (-25.454546, -10, -0.105), (-22.272728, -10, -0.105), (-19.09091, -10, -0.105), (-15.909091, -10, -0.105), (-12.727273, -10, -0.105), (-9.545455, -10, -0.105), (-6.3636365, -10, -0.105), (-3.1818182, -10, -0.105), (0, -10, -0.105), (3.1818182, -10, -0.105), (6.3636365, -10, -0.105), (9.545455, -10, -0.105), (12.727273, -10, -0.105), (15.909091, -10, -0.105), (19.09091, -10, -0.105), (22.272728, -10, -0.105), (25.454546, -10, -0.105), (28.636364, -10, -0.105), (31.818182, -10, -0.105), (35, -10, -0.105), (38.18182, -10, -0.105), (41.363636, -10, -0.105), (44.545456, -10, -0.105), (47.727272, -10, -0.105), (50.909092, -10, -0.105), (54.090908, -10, -0.105), (57.272728, -10, -0.105), (60.454544, -10, -0.105), (63.636364, -10, -0.105), (66.818184, -10, -0.105), (70, -10, -0.105), (-70, -8, -0.105), (-66.818184, -8, -0.105), (-63.636364, -8, -0.105), (-60.454544, -8, -0.105), (-57.272728, -8, -0.105), (-54.090908, -8, -0.105), (-50.909092, -8, -0.105), (-47.727272, -8, -0.105), (-44.545456, -8, -0.105), (-41.363636, -8, -0.105), (-38.18182, -8, -0.105), (-35, -8, -0.105), (-31.818182, -8, -0.105), (-28.636364, -8, -0.105), (-25.454546, -8, -0.105), (-22.272728, -8, -0.105), (-19.09091, -8, -0.105), (-15.909091, -8, -0.105), (-12.727273, -8, -0.105), (-9.545455, -8, -0.105), (-6.3636365, -8, -0.105), (-3.1818182, -8, -0.105), (0, -8, -0.105), (3.1818182, -8, -0.105), (6.3636365, -8, -0.105), (9.545455, -8, -0.105), (12.727273, -8, -0.105), (15.909091, -8, -0.105), (19.09091, -8, -0.105), (22.272728, -8, -0.105), (25.454546, -8, -0.105), (28.636364, -8, -0.105), (31.818182, -8, -0.105), (35, -8, -0.105), (38.18182, -8, -0.105), (41.363636, -8, -0.105), (44.545456, -8, -0.105), (47.727272, -8, -0.105), (50.909092, -8, -0.105), (54.090908, -8, -0.105), (57.272728, -8, -0.105), (60.454544, -8, -0.105), (63.636364, -8, -0.105), (66.818184, -8, -0.105), (70, -8, -0.105), (-70, -6, -0.105), (-66.818184, -6, -0.105), (-63.636364, -6, -0.105), (-60.454544, -6, -0.105), (-57.272728, -6, -0.105), (-54.090908, -6, -0.105), (-50.909092, -6, -0.105), (-47.727272, -6, -0.105), (-44.545456, -6, -0.105), (-41.363636, -6, -0.105), (-38.18182, -6, -0.105), (-35, -6, -0.105), (-31.818182, -6, -0.105), (-28.636364, -6, -0.105), (-25.454546, -6, -0.105), (-22.272728, -6, -0.105), (-19.09091, -6, -0.105), (-15.909091, -6, -0.105), (-12.727273, -6, -0.105), (-9.545455, -6, -0.105), (-6.3636365, -6, -0.105), (-3.1818182, -6, -0.105), (0, -6, -0.105), (3.1818182, -6, -0.105), (6.3636365, -6, -0.105), (9.545455, -6, -0.105), (12.727273, -6, -0.105), (15.909091, -6, -0.105), (19.09091, -6, -0.105), (22.272728, -6, -0.105), (25.454546, -6, -0.105), (28.636364, -6, -0.105), (31.818182, -6, -0.105), (35, -6, -0.105), (38.18182, -6, -0.105), (41.363636, -6, -0.105), (44.545456, -6, -0.105), (47.727272, -6, -0.105), (50.909092, -6, -0.105), (54.090908, -6, -0.105), (57.272728, -6, -0.105), (60.454544, -6, -0.105), (63.636364, -6, -0.105), (66.818184, -6, -0.105), (70, -6, -0.105), (-70, -4, -0.105), (-66.818184, -4, -0.105), (-63.636364, -4, -0.105), (-60.454544, -4, -0.105), (-57.272728, -4, -0.105), (-54.090908, -4, -0.105), (-50.909092, -4, -0.105), (-47.727272, -4, -0.105), (-44.545456, -4, -0.105), (-41.363636, -4, -0.105), (-38.18182, -4, -0.105), (-35, -4, -0.105), (-31.818182, -4, -0.105), (-28.636364, -4, -0.105), (-25.454546, -4, -0.105), (-22.272728, -4, -0.105), (-19.09091, -4, -0.105), (-15.909091, -4, -0.105), (-12.727273, -4, -0.105), (-9.545455, -4, -0.105), (-6.3636365, -4, -0.105), (-3.1818182, -4, -0.105), (0, -4, -0.105), (3.1818182, -4, -0.105), (6.3636365, -4, -0.105), (9.545455, -4, -0.105), (12.727273, -4, -0.105), (15.909091, -4, -0.105), (19.09091, -4, -0.105), (22.272728, -4, -0.105), (25.454546, -4, -0.105), (28.636364, -4, -0.105), (31.818182, -4, -0.105), (35, -4, -0.105), (38.18182, -4, -0.105), (41.363636, -4, -0.105), (44.545456, -4, -0.105), (47.727272, -4, -0.105), (50.909092, -4, -0.105), (54.090908, -4, -0.105), (57.272728, -4, -0.105), (60.454544, -4, -0.105), (63.636364, -4, -0.105), (66.818184, -4, -0.105), (70, -4, -0.105), (-70, -2, -0.105), (-66.818184, -2, -0.105), (-63.636364, -2, -0.105), (-60.454544, -2, -0.105), (-57.272728, -2, -0.105), (-54.090908, -2, -0.105), (-50.909092, -2, -0.105), (-47.727272, -2, -0.105), (-44.545456, -2, -0.105), (-41.363636, -2, -0.105), (-38.18182, -2, -0.105), (-35, -2, -0.105), (-31.818182, -2, -0.105), (-28.636364, -2, -0.105), (-25.454546, -2, -0.105), (-22.272728, -2, -0.105), (-19.09091, -2, -0.105), (-15.909091, -2, -0.105), (-12.727273, -2, -0.105), (-9.545455, -2, -0.105), (-6.3636365, -2, -0.105), (-3.1818182, -2, -0.105), (0, -2, -0.105), (3.1818182, -2, -0.105), (6.3636365, -2, -0.105), (9.545455, -2, -0.105), (12.727273, -2, -0.105), (15.909091, -2, -0.105), (19.09091, -2, -0.105), (22.272728, -2, -0.105), (25.454546, -2, -0.105), (28.636364, -2, -0.105), (31.818182, -2, -0.105), (35, -2, -0.105), (38.18182, -2, -0.105), (41.363636, -2, -0.105), (44.545456, -2, -0.105), (47.727272, -2, -0.105), (50.909092, -2, -0.105), (54.090908, -2, -0.105), (57.272728, -2, -0.105), (60.454544, -2, -0.105), (63.636364, -2, -0.105), (66.818184, -2, -0.105), (70, -2, -0.105), (-70, 0, -0.105), (-66.818184, 0, -0.105), (-63.636364, 0, -0.105), (-60.454544, 0, -0.105), (-57.272728, 0, -0.105), (-54.090908, 0, -0.105), (-50.909092, 0, -0.105), (-47.727272, 0, -0.105), (-44.545456, 0, -0.105), (-41.363636, 0, -0.105), (-38.18182, 0, -0.105), (-35, 0, -0.105), (-31.818182, 0, -0.105), (-28.636364, 0, -0.105), (-25.454546, 0, -0.105), (-22.272728, 0, -0.105), (-19.09091, 0, -0.105), (-15.909091, 0, -0.105), (-12.727273, 0, -0.105), (-9.545455, 0, -0.105), (-6.3636365, 0, -0.105), (-3.1818182, 0, -0.105), (0, 0, -0.105), (3.1818182, 0, -0.105), (6.3636365, 0, -0.105), (9.545455, 0, -0.105), (12.727273, 0, -0.105), (15.909091, 0, -0.105), (19.09091, 0, -0.105), (22.272728, 0, -0.105), (25.454546, 0, -0.105), (28.636364, 0, -0.105), (31.818182, 0, -0.105), (35, 0, -0.105), (38.18182, 0, -0.105), (41.363636, 0, -0.105), (44.545456, 0, -0.105), (47.727272, 0, -0.105), (50.909092, 0, -0.105), (54.090908, 0, -0.105), (57.272728, 0, -0.105), (60.454544, 0, -0.105), (63.636364, 0, -0.105), (66.818184, 0, -0.105), (70, 0, -0.105), (-70, 2, -0.105), (-66.818184, 2, -0.105), (-63.636364, 2, -0.105), (-60.454544, 2, -0.105), (-57.272728, 2, -0.105), (-54.090908, 2, -0.105), (-50.909092, 2, -0.105), (-47.727272, 2, -0.105), (-44.545456, 2, -0.105), (-41.363636, 2, -0.105), (-38.18182, 2, -0.105), (-35, 2, -0.105), (-31.818182, 2, -0.105), (-28.636364, 2, -0.105), (-25.454546, 2, -0.105), (-22.272728, 2, -0.105), (-19.09091, 2, -0.105), (-15.909091, 2, -0.105), (-12.727273, 2, -0.105), (-9.545455, 2, -0.105), (-6.3636365, 2, -0.105), (-3.1818182, 2, -0.105), (0, 2, -0.105), (3.1818182, 2, -0.105), (6.3636365, 2, -0.105), (9.545455, 2, -0.105), (12.727273, 2, -0.105), (15.909091, 2, -0.105), (19.09091, 2, -0.105), (22.272728, 2, -0.105), (25.454546, 2, -0.105), (28.636364, 2, -0.105), (31.818182, 2, -0.105), (35, 2, -0.105), (38.18182, 2, -0.105), (41.363636, 2, -0.105), (44.545456, 2, -0.105), (47.727272, 2, -0.105), (50.909092, 2, -0.105), (54.090908, 2, -0.105), (57.272728, 2, -0.105), (60.454544, 2, -0.105), (63.636364, 2, -0.105), (66.818184, 2, -0.105), (70, 2, -0.105), (-70, 4, -0.105), (-66.818184, 4, -0.105), (-63.636364, 4, -0.105), (-60.454544, 4, -0.105), (-57.272728, 4, -0.105), (-54.090908, 4, -0.105), (-50.909092, 4, -0.105), (-47.727272, 4, -0.105), (-44.545456, 4, -0.105), (-41.363636, 4, -0.105), (-38.18182, 4, -0.105), (-35, 4, -0.105), (-31.818182, 4, -0.105), (-28.636364, 4, -0.105), (-25.454546, 4, -0.105), (-22.272728, 4, -0.105), (-19.09091, 4, -0.105), (-15.909091, 4, -0.105), (-12.727273, 4, -0.105), (-9.545455, 4, -0.105), (-6.3636365, 4, -0.105), (-3.1818182, 4, -0.105), (0, 4, -0.105), (3.1818182, 4, -0.105), (6.3636365, 4, -0.105), (9.545455, 4, -0.105), (12.727273, 4, -0.105), (15.909091, 4, -0.105), (19.09091, 4, -0.105), (22.272728, 4, -0.105), (25.454546, 4, -0.105), (28.636364, 4, -0.105), (31.818182, 4, -0.105), (35, 4, -0.105), (38.18182, 4, -0.105), (41.363636, 4, -0.105), (44.545456, 4, -0.105), (47.727272, 4, -0.105), (50.909092, 4, -0.105), (54.090908, 4, -0.105), (57.272728, 4, -0.105), (60.454544, 4, -0.105), (63.636364, 4, -0.105), (66.818184, 4, -0.105), (70, 4, -0.105), (-70, 6, -0.105), (-66.818184, 6, -0.105), (-63.636364, 6, -0.105), (-60.454544, 6, -0.105), (-57.272728, 6, -0.105), (-54.090908, 6, -0.105), (-50.909092, 6, -0.105), (-47.727272, 6, -0.105), (-44.545456, 6, -0.105), (-41.363636, 6, -0.105), (-38.18182, 6, -0.105), (-35, 6, -0.105), (-31.818182, 6, -0.105), (-28.636364, 6, -0.105), (-25.454546, 6, -0.105), (-22.272728, 6, -0.105), (-19.09091, 6, -0.105), (-15.909091, 6, -0.105), (-12.727273, 6, -0.105), (-9.545455, 6, -0.105), (-6.3636365, 6, -0.105), (-3.1818182, 6, -0.105), (0, 6, -0.105), (3.1818182, 6, -0.105), (6.3636365, 6, -0.105), (9.545455, 6, -0.105), (12.727273, 6, -0.105), (15.909091, 6, -0.105), (19.09091, 6, -0.105), (22.272728, 6, -0.105), (25.454546, 6, -0.105), (28.636364, 6, -0.105), (31.818182, 6, -0.105), (35, 6, -0.105), (38.18182, 6, -0.105), (41.363636, 6, -0.105), (44.545456, 6, -0.105), (47.727272, 6, -0.105), (50.909092, 6, -0.105), (54.090908, 6, -0.105), (57.272728, 6, -0.105), (60.454544, 6, -0.105), (63.636364, 6, -0.105), (66.818184, 6, -0.105), (70, 6, -0.105), (-70, 8, -0.105), (-66.818184, 8, -0.105), (-63.636364, 8, -0.105), (-60.454544, 8, -0.105), (-57.272728, 8, -0.105), (-54.090908, 8, -0.105), (-50.909092, 8, -0.105), (-47.727272, 8, -0.105), (-44.545456, 8, -0.105), (-41.363636, 8, -0.105), (-38.18182, 8, -0.105), (-35, 8, -0.105), (-31.818182, 8, -0.105), (-28.636364, 8, -0.105), (-25.454546, 8, -0.105), (-22.272728, 8, -0.105), (-19.09091, 8, -0.105), (-15.909091, 8, -0.105), (-12.727273, 8, -0.105), (-9.545455, 8, -0.105), (-6.3636365, 8, -0.105), (-3.1818182, 8, -0.105), (0, 8, -0.105), (3.1818182, 8, -0.105), (6.3636365, 8, -0.105), (9.545455, 8, -0.105), (12.727273, 8, -0.105), (15.909091, 8, -0.105), (19.09091, 8, -0.105), (22.272728, 8, -0.105), (25.454546, 8, -0.105), (28.636364, 8, -0.105), (31.818182, 8, -0.105), (35, 8, -0.105), (38.18182, 8, -0.105), (41.363636, 8, -0.105), (44.545456, 8, -0.105), (47.727272, 8, -0.105), (50.909092, 8, -0.105), (54.090908, 8, -0.105), (57.272728, 8, -0.105), (60.454544, 8, -0.105), (63.636364, 8, -0.105), (66.818184, 8, -0.105), (70, 8, -0.105), (-70, 8.915644, -0.075024925), (-66.818184, 8.915644, -0.075024925), (-63.636364, 8.915644, -0.075024925), (-60.454544, 8.915644, -0.075024925), (-57.272728, 8.915644, -0.075024925), (-54.090908, 8.915644, -0.075024925), (-50.909092, 8.915644, -0.075024925), (-47.727272, 8.915644, -0.075024925), (-44.545456, 8.915644, -0.075024925), (-41.363636, 8.915644, -0.075024925), (-38.18182, 8.915644, -0.075024925), (-35, 8.915644, -0.075024925), (-31.818182, 8.915644, -0.075024925), (-28.636364, 8.915644, -0.075024925), (-25.454546, 8.915644, -0.075024925), (-22.272728, 8.915644, -0.075024925), (-19.09091, 8.915644, -0.075024925), (-15.909091, 8.915644, -0.075024925), (-12.727273, 8.915644, -0.075024925), (-9.545455, 8.915644, -0.075024925), (-6.3636365, 8.915644, -0.075024925), (-3.1818182, 8.915644, -0.075024925), (0, 8.915644, -0.075024925), (3.1818182, 8.915644, -0.075024925), (6.3636365, 8.915644, -0.075024925), (9.545455, 8.915644, -0.075024925), (12.727273, 8.915644, -0.075024925), (15.909091, 8.915644, -0.075024925), (19.09091, 8.915644, -0.075024925), (22.272728, 8.915644, -0.075024925), (25.454546, 8.915644, -0.075024925), (28.636364, 8.915644, -0.075024925), (31.818182, 8.915644, -0.075024925), (35, 8.915644, -0.075024925), (38.18182, 8.915644, -0.075024925), (41.363636, 8.915644, -0.075024925), (44.545456, 8.915644, -0.075024925), (47.727272, 8.915644, -0.075024925), (50.909092, 8.915644, -0.075024925), (54.090908, 8.915644, -0.075024925), (57.272728, 8.915644, -0.075024925), (60.454544, 8.915644, -0.075024925), (63.636364, 8.915644, -0.075024925), (66.818184, 8.915644, -0.075024925), (70, 8.915644, -0.075024925), (-70, 9.827367, 0.014771941), (-66.818184, 9.827367, 0.014771941), (-63.636364, 9.827367, 0.014771941), (-60.454544, 9.827367, 0.014771941), (-57.272728, 9.827367, 0.014771941), (-54.090908, 9.827367, 0.014771941), (-50.909092, 9.827367, 0.014771941), (-47.727272, 9.827367, 0.014771941), (-44.545456, 9.827367, 0.014771941), (-41.363636, 9.827367, 0.014771941), (-38.18182, 9.827367, 0.014771941), (-35, 9.827367, 0.014771941), (-31.818182, 9.827367, 0.014771941), (-28.636364, 9.827367, 0.014771941), (-25.454546, 9.827367, 0.014771941), (-22.272728, 9.827367, 0.014771941), (-19.09091, 9.827367, 0.014771941), (-15.909091, 9.827367, 0.014771941), (-12.727273, 9.827367, 0.014771941), (-9.545455, 9.827367, 0.014771941), (-6.3636365, 9.827367, 0.014771941), (-3.1818182, 9.827367, 0.014771941), (0, 9.827367, 0.014771941), (3.1818182, 9.827367, 0.014771941), (6.3636365, 9.827367, 0.014771941), (9.545455, 9.827367, 0.014771941), (12.727273, 9.827367, 0.014771941), (15.909091, 9.827367, 0.014771941), (19.09091, 9.827367, 0.014771941), (22.272728, 9.827367, 0.014771941), (25.454546, 9.827367, 0.014771941), (28.636364, 9.827367, 0.014771941), (31.818182, 9.827367, 0.014771941), (35, 9.827367, 0.014771941), (38.18182, 9.827367, 0.014771941), (41.363636, 9.827367, 0.014771941), (44.545456, 9.827367, 0.014771941), (47.727272, 9.827367, 0.014771941), (50.909092, 9.827367, 0.014771941), (54.090908, 9.827367, 0.014771941), (57.272728, 9.827367, 0.014771941), (60.454544, 9.827367, 0.014771941), (63.636364, 9.827367, 0.014771941), (66.818184, 9.827367, 0.014771941), (70, 9.827367, 0.014771941), (-70, 10.731264, 0.16400607), (-66.818184, 10.731264, 0.16400607), (-63.636364, 10.731264, 0.16400607), (-60.454544, 10.731264, 0.16400607), (-57.272728, 10.731264, 0.16400607), (-54.090908, 10.731264, 0.16400607), (-50.909092, 10.731264, 0.16400607), (-47.727272, 10.731264, 0.16400607), (-44.545456, 10.731264, 0.16400607), (-41.363636, 10.731264, 0.16400607), (-38.18182, 10.731264, 0.16400607), (-35, 10.731264, 0.16400607), (-31.818182, 10.731264, 0.16400607), (-28.636364, 10.731264, 0.16400607), (-25.454546, 10.731264, 0.16400607), (-22.272728, 10.731264, 0.16400607), (-19.09091, 10.731264, 0.16400607), (-15.909091, 10.731264, 0.16400607), (-12.727273, 10.731264, 0.16400607), (-9.545455, 10.731264, 0.16400607), (-6.3636365, 10.731264, 0.16400607), (-3.1818182, 10.731264, 0.16400607), (0, 10.731264, 0.16400607), (3.1818182, 10.731264, 0.16400607), (6.3636365, 10.731264, 0.16400607), (9.545455, 10.731264, 0.16400607), (12.727273, 10.731264, 0.16400607), (15.909091, 10.731264, 0.16400607), (19.09091, 10.731264, 0.16400607), (22.272728, 10.731264, 0.16400607), (25.454546, 10.731264, 0.16400607), (28.636364, 10.731264, 0.16400607), (31.818182, 10.731264, 0.16400607), (35, 10.731264, 0.16400607), (38.18182, 10.731264, 0.16400607), (41.363636, 10.731264, 0.16400607), (44.545456, 10.731264, 0.16400607), (47.727272, 10.731264, 0.16400607), (50.909092, 10.731264, 0.16400607), (54.090908, 10.731264, 0.16400607), (57.272728, 10.731264, 0.16400607), (60.454544, 10.731264, 0.16400607), (63.636364, 10.731264, 0.16400607), (66.818184, 10.731264, 0.16400607), (70, 10.731264, 0.16400607), (-70, 11.6234665, 0.37203842), (-66.818184, 11.6234665, 0.37203842), (-63.636364, 11.6234665, 0.37203842), (-60.454544, 11.6234665, 0.37203842), (-57.272728, 11.6234665, 0.37203842), (-54.090908, 11.6234665, 0.37203842), (-50.909092, 11.6234665, 0.37203842), (-47.727272, 11.6234665, 0.37203842), (-44.545456, 11.6234665, 0.37203842), (-41.363636, 11.6234665, 0.37203842), (-38.18182, 11.6234665, 0.37203842), (-35, 11.6234665, 0.37203842), (-31.818182, 11.6234665, 0.37203842), (-28.636364, 11.6234665, 0.37203842), (-25.454546, 11.6234665, 0.37203842), (-22.272728, 11.6234665, 0.37203842), (-19.09091, 11.6234665, 0.37203842), (-15.909091, 11.6234665, 0.37203842), (-12.727273, 11.6234665, 0.37203842), (-9.545455, 11.6234665, 0.37203842), (-6.3636365, 11.6234665, 0.37203842), (-3.1818182, 11.6234665, 0.37203842), (0, 11.6234665, 0.37203842), (3.1818182, 11.6234665, 0.37203842), (6.3636365, 11.6234665, 0.37203842), (9.545455, 11.6234665, 0.37203842), (12.727273, 11.6234665, 0.37203842), (15.909091, 11.6234665, 0.37203842), (19.09091, 11.6234665, 0.37203842), (22.272728, 11.6234665, 0.37203842), (25.454546, 11.6234665, 0.37203842), (28.636364, 11.6234665, 0.37203842), (31.818182, 11.6234665, 0.37203842), (35, 11.6234665, 0.37203842), (38.18182, 11.6234665, 0.37203842), (41.363636, 11.6234665, 0.37203842), (44.545456, 11.6234665, 0.37203842), (47.727272, 11.6234665, 0.37203842), (50.909092, 11.6234665, 0.37203842), (54.090908, 11.6234665, 0.37203842), (57.272728, 11.6234665, 0.37203842), (60.454544, 11.6234665, 0.37203842), (63.636364, 11.6234665, 0.37203842), (66.818184, 11.6234665, 0.37203842), (70, 11.6234665, 0.37203842), (-70, 12.500153, 0.6379782), (-66.818184, 12.500153, 0.6379782), (-63.636364, 12.500153, 0.6379782), (-60.454544, 12.500153, 0.6379782), (-57.272728, 12.500153, 0.6379782), (-54.090908, 12.500153, 0.6379782), (-50.909092, 12.500153, 0.6379782), (-47.727272, 12.500153, 0.6379782), (-44.545456, 12.500153, 0.6379782), (-41.363636, 12.500153, 0.6379782), (-38.18182, 12.500153, 0.6379782), (-35, 12.500153, 0.6379782), (-31.818182, 12.500153, 0.6379782), (-28.636364, 12.500153, 0.6379782), (-25.454546, 12.500153, 0.6379782), (-22.272728, 12.500153, 0.6379782), (-19.09091, 12.500153, 0.6379782), (-15.909091, 12.500153, 0.6379782), (-12.727273, 12.500153, 0.6379782), (-9.545455, 12.500153, 0.6379782), (-6.3636365, 12.500153, 0.6379782), (-3.1818182, 12.500153, 0.6379782), (0, 12.500153, 0.6379782), (3.1818182, 12.500153, 0.6379782), (6.3636365, 12.500153, 0.6379782), (9.545455, 12.500153, 0.6379782), (12.727273, 12.500153, 0.6379782), (15.909091, 12.500153, 0.6379782), (19.09091, 12.500153, 0.6379782), (22.272728, 12.500153, 0.6379782), (25.454546, 12.500153, 0.6379782), (28.636364, 12.500153, 0.6379782), (31.818182, 12.500153, 0.6379782), (35, 12.500153, 0.6379782), (38.18182, 12.500153, 0.6379782), (41.363636, 12.500153, 0.6379782), (44.545456, 12.500153, 0.6379782), (47.727272, 12.500153, 0.6379782), (50.909092, 12.500153, 0.6379782), (54.090908, 12.500153, 0.6379782), (57.272728, 12.500153, 0.6379782), (60.454544, 12.500153, 0.6379782), (63.636364, 12.500153, 0.6379782), (66.818184, 12.500153, 0.6379782), (70, 12.500153, 0.6379782), (-70, 13.357568, 0.96068656), (-66.818184, 13.357568, 0.96068656), (-63.636364, 13.357568, 0.96068656), (-60.454544, 13.357568, 0.96068656), (-57.272728, 13.357568, 0.96068656), (-54.090908, 13.357568, 0.96068656), (-50.909092, 13.357568, 0.96068656), (-47.727272, 13.357568, 0.96068656), (-44.545456, 13.357568, 0.96068656), (-41.363636, 13.357568, 0.96068656), (-38.18182, 13.357568, 0.96068656), (-35, 13.357568, 0.96068656), (-31.818182, 13.357568, 0.96068656), (-28.636364, 13.357568, 0.96068656), (-25.454546, 13.357568, 0.96068656), (-22.272728, 13.357568, 0.96068656), (-19.09091, 13.357568, 0.96068656), (-15.909091, 13.357568, 0.96068656), (-12.727273, 13.357568, 0.96068656), (-9.545455, 13.357568, 0.96068656), (-6.3636365, 13.357568, 0.96068656), (-3.1818182, 13.357568, 0.96068656), (0, 13.357568, 0.96068656), (3.1818182, 13.357568, 0.96068656), (6.3636365, 13.357568, 0.96068656), (9.545455, 13.357568, 0.96068656), (12.727273, 13.357568, 0.96068656), (15.909091, 13.357568, 0.96068656), (19.09091, 13.357568, 0.96068656), (22.272728, 13.357568, 0.96068656), (25.454546, 13.357568, 0.96068656), (28.636364, 13.357568, 0.96068656), (31.818182, 13.357568, 0.96068656), (35, 13.357568, 0.96068656), (38.18182, 13.357568, 0.96068656), (41.363636, 13.357568, 0.96068656), (44.545456, 13.357568, 0.96068656), (47.727272, 13.357568, 0.96068656), (50.909092, 13.357568, 0.96068656), (54.090908, 13.357568, 0.96068656), (57.272728, 13.357568, 0.96068656), (60.454544, 13.357568, 0.96068656), (63.636364, 13.357568, 0.96068656), (66.818184, 13.357568, 0.96068656), (70, 13.357568, 0.96068656), (-70, 14.192041, 1.3387816), (-66.818184, 14.192041, 1.3387816), (-63.636364, 14.192041, 1.3387816), (-60.454544, 14.192041, 1.3387816), (-57.272728, 14.192041, 1.3387816), (-54.090908, 14.192041, 1.3387816), (-50.909092, 14.192041, 1.3387816), (-47.727272, 14.192041, 1.3387816), (-44.545456, 14.192041, 1.3387816), (-41.363636, 14.192041, 1.3387816), (-38.18182, 14.192041, 1.3387816), (-35, 14.192041, 1.3387816), (-31.818182, 14.192041, 1.3387816), (-28.636364, 14.192041, 1.3387816), (-25.454546, 14.192041, 1.3387816), (-22.272728, 14.192041, 1.3387816), (-19.09091, 14.192041, 1.3387816), (-15.909091, 14.192041, 1.3387816), (-12.727273, 14.192041, 1.3387816), (-9.545455, 14.192041, 1.3387816), (-6.3636365, 14.192041, 1.3387816), (-3.1818182, 14.192041, 1.3387816), (0, 14.192041, 1.3387816), (3.1818182, 14.192041, 1.3387816), (6.3636365, 14.192041, 1.3387816), (9.545455, 14.192041, 1.3387816), (12.727273, 14.192041, 1.3387816), (15.909091, 14.192041, 1.3387816), (19.09091, 14.192041, 1.3387816), (22.272728, 14.192041, 1.3387816), (25.454546, 14.192041, 1.3387816), (28.636364, 14.192041, 1.3387816), (31.818182, 14.192041, 1.3387816), (35, 14.192041, 1.3387816), (38.18182, 14.192041, 1.3387816), (41.363636, 14.192041, 1.3387816), (44.545456, 14.192041, 1.3387816), (47.727272, 14.192041, 1.3387816), (50.909092, 14.192041, 1.3387816), (54.090908, 14.192041, 1.3387816), (57.272728, 14.192041, 1.3387816), (60.454544, 14.192041, 1.3387816), (63.636364, 14.192041, 1.3387816), (66.818184, 14.192041, 1.3387816), (70, 14.192041, 1.3387816), (-70, 15, 1.7706443), (-66.818184, 15, 1.7706443), (-63.636364, 15, 1.7706443), (-60.454544, 15, 1.7706443), (-57.272728, 15, 1.7706443), (-54.090908, 15, 1.7706443), (-50.909092, 15, 1.7706443), (-47.727272, 15, 1.7706443), (-44.545456, 15, 1.7706443), (-41.363636, 15, 1.7706443), (-38.18182, 15, 1.7706443), (-35, 15, 1.7706443), (-31.818182, 15, 1.7706443), (-28.636364, 15, 1.7706443), (-25.454546, 15, 1.7706443), (-22.272728, 15, 1.7706443), (-19.09091, 15, 1.7706443), (-15.909091, 15, 1.7706443), (-12.727273, 15, 1.7706443), (-9.545455, 15, 1.7706443), (-6.3636365, 15, 1.7706443), (-3.1818182, 15, 1.7706443), (0, 15, 1.7706443), (3.1818182, 15, 1.7706443), (6.3636365, 15, 1.7706443), (9.545455, 15, 1.7706443), (12.727273, 15, 1.7706443), (15.909091, 15, 1.7706443), (19.09091, 15, 1.7706443), (22.272728, 15, 1.7706443), (25.454546, 15, 1.7706443), (28.636364, 15, 1.7706443), (31.818182, 15, 1.7706443), (35, 15, 1.7706443), (38.18182, 15, 1.7706443), (41.363636, 15, 1.7706443), (44.545456, 15, 1.7706443), (47.727272, 15, 1.7706443), (50.909092, 15, 1.7706443), (54.090908, 15, 1.7706443), (57.272728, 15, 1.7706443), (60.454544, 15, 1.7706443), (63.636364, 15, 1.7706443), (66.818184, 15, 1.7706443), (70, 15, 1.7706443), (-70, 15.777984, 2.2544255), (-66.818184, 15.777984, 2.2544255), (-63.636364, 15.777984, 2.2544255), (-60.454544, 15.777984, 2.2544255), (-57.272728, 15.777984, 2.2544255), (-54.090908, 15.777984, 2.2544255), (-50.909092, 15.777984, 2.2544255), (-47.727272, 15.777984, 2.2544255), (-44.545456, 15.777984, 2.2544255), (-41.363636, 15.777984, 2.2544255), (-38.18182, 15.777984, 2.2544255), (-35, 15.777984, 2.2544255), (-31.818182, 15.777984, 2.2544255), (-28.636364, 15.777984, 2.2544255), (-25.454546, 15.777984, 2.2544255), (-22.272728, 15.777984, 2.2544255), (-19.09091, 15.777984, 2.2544255), (-15.909091, 15.777984, 2.2544255), (-12.727273, 15.777984, 2.2544255), (-9.545455, 15.777984, 2.2544255), (-6.3636365, 15.777984, 2.2544255), (-3.1818182, 15.777984, 2.2544255), (0, 15.777984, 2.2544255), (3.1818182, 15.777984, 2.2544255), (6.3636365, 15.777984, 2.2544255), (9.545455, 15.777984, 2.2544255), (12.727273, 15.777984, 2.2544255), (15.909091, 15.777984, 2.2544255), (19.09091, 15.777984, 2.2544255), (22.272728, 15.777984, 2.2544255), (25.454546, 15.777984, 2.2544255), (28.636364, 15.777984, 2.2544255), (31.818182, 15.777984, 2.2544255), (35, 15.777984, 2.2544255), (38.18182, 15.777984, 2.2544255), (41.363636, 15.777984, 2.2544255), (44.545456, 15.777984, 2.2544255), (47.727272, 15.777984, 2.2544255), (50.909092, 15.777984, 2.2544255), (54.090908, 15.777984, 2.2544255), (57.272728, 15.777984, 2.2544255), (60.454544, 15.777984, 2.2544255), (63.636364, 15.777984, 2.2544255), (66.818184, 15.777984, 2.2544255), (70, 15.777984, 2.2544255), (-70, 16.52266, 2.7880533), (-66.818184, 16.52266, 2.7880533), (-63.636364, 16.52266, 2.7880533), (-60.454544, 16.52266, 2.7880533), (-57.272728, 16.52266, 2.7880533), (-54.090908, 16.52266, 2.7880533), (-50.909092, 16.52266, 2.7880533), (-47.727272, 16.52266, 2.7880533), (-44.545456, 16.52266, 2.7880533), (-41.363636, 16.52266, 2.7880533), (-38.18182, 16.52266, 2.7880533), (-35, 16.52266, 2.7880533), (-31.818182, 16.52266, 2.7880533), (-28.636364, 16.52266, 2.7880533), (-25.454546, 16.52266, 2.7880533), (-22.272728, 16.52266, 2.7880533), (-19.09091, 16.52266, 2.7880533), (-15.909091, 16.52266, 2.7880533), (-12.727273, 16.52266, 2.7880533), (-9.545455, 16.52266, 2.7880533), (-6.3636365, 16.52266, 2.7880533), (-3.1818182, 16.52266, 2.7880533), (0, 16.52266, 2.7880533), (3.1818182, 16.52266, 2.7880533), (6.3636365, 16.52266, 2.7880533), (9.545455, 16.52266, 2.7880533), (12.727273, 16.52266, 2.7880533), (15.909091, 16.52266, 2.7880533), (19.09091, 16.52266, 2.7880533), (22.272728, 16.52266, 2.7880533), (25.454546, 16.52266, 2.7880533), (28.636364, 16.52266, 2.7880533), (31.818182, 16.52266, 2.7880533), (35, 16.52266, 2.7880533), (38.18182, 16.52266, 2.7880533), (41.363636, 16.52266, 2.7880533), (44.545456, 16.52266, 2.7880533), (47.727272, 16.52266, 2.7880533), (50.909092, 16.52266, 2.7880533), (54.090908, 16.52266, 2.7880533), (57.272728, 16.52266, 2.7880533), (60.454544, 16.52266, 2.7880533), (63.636364, 16.52266, 2.7880533), (66.818184, 16.52266, 2.7880533), (70, 16.52266, 2.7880533), (-70, 17.23084, 3.3692427), (-66.818184, 17.23084, 3.3692427), (-63.636364, 17.23084, 3.3692427), (-60.454544, 17.23084, 3.3692427), (-57.272728, 17.23084, 3.3692427), (-54.090908, 17.23084, 3.3692427), (-50.909092, 17.23084, 3.3692427), (-47.727272, 17.23084, 3.3692427), (-44.545456, 17.23084, 3.3692427), (-41.363636, 17.23084, 3.3692427), (-38.18182, 17.23084, 3.3692427), (-35, 17.23084, 3.3692427), (-31.818182, 17.23084, 3.3692427), (-28.636364, 17.23084, 3.3692427), (-25.454546, 17.23084, 3.3692427), (-22.272728, 17.23084, 3.3692427), (-19.09091, 17.23084, 3.3692427), (-15.909091, 17.23084, 3.3692427), (-12.727273, 17.23084, 3.3692427), (-9.545455, 17.23084, 3.3692427), (-6.3636365, 17.23084, 3.3692427), (-3.1818182, 17.23084, 3.3692427), (0, 17.23084, 3.3692427), (3.1818182, 17.23084, 3.3692427), (6.3636365, 17.23084, 3.3692427), (9.545455, 17.23084, 3.3692427), (12.727273, 17.23084, 3.3692427), (15.909091, 17.23084, 3.3692427), (19.09091, 17.23084, 3.3692427), (22.272728, 17.23084, 3.3692427), (25.454546, 17.23084, 3.3692427), (28.636364, 17.23084, 3.3692427), (31.818182, 17.23084, 3.3692427), (35, 17.23084, 3.3692427), (38.18182, 17.23084, 3.3692427), (41.363636, 17.23084, 3.3692427), (44.545456, 17.23084, 3.3692427), (47.727272, 17.23084, 3.3692427), (50.909092, 17.23084, 3.3692427), (54.090908, 17.23084, 3.3692427), (57.272728, 17.23084, 3.3692427), (60.454544, 17.23084, 3.3692427), (63.636364, 17.23084, 3.3692427), (66.818184, 17.23084, 3.3692427), (70, 17.23084, 3.3692427), (-70, 17.899494, 3.995505), (-66.818184, 17.899494, 3.995505), (-63.636364, 17.899494, 3.995505), (-60.454544, 17.899494, 3.995505), (-57.272728, 17.899494, 3.995505), (-54.090908, 17.899494, 3.995505), (-50.909092, 17.899494, 3.995505), (-47.727272, 17.899494, 3.995505), (-44.545456, 17.899494, 3.995505), (-41.363636, 17.899494, 3.995505), (-38.18182, 17.899494, 3.995505), (-35, 17.899494, 3.995505), (-31.818182, 17.899494, 3.995505), (-28.636364, 17.899494, 3.995505), (-25.454546, 17.899494, 3.995505), (-22.272728, 17.899494, 3.995505), (-19.09091, 17.899494, 3.995505), (-15.909091, 17.899494, 3.995505), (-12.727273, 17.899494, 3.995505), (-9.545455, 17.899494, 3.995505), (-6.3636365, 17.899494, 3.995505), (-3.1818182, 17.899494, 3.995505), (0, 17.899494, 3.995505), (3.1818182, 17.899494, 3.995505), (6.3636365, 17.899494, 3.995505), (9.545455, 17.899494, 3.995505), (12.727273, 17.899494, 3.995505), (15.909091, 17.899494, 3.995505), (19.09091, 17.899494, 3.995505), (22.272728, 17.899494, 3.995505), (25.454546, 17.899494, 3.995505), (28.636364, 17.899494, 3.995505), (31.818182, 17.899494, 3.995505), (35, 17.899494, 3.995505), (38.18182, 17.899494, 3.995505), (41.363636, 17.899494, 3.995505), (44.545456, 17.899494, 3.995505), (47.727272, 17.899494, 3.995505), (50.909092, 17.899494, 3.995505), (54.090908, 17.899494, 3.995505), (57.272728, 17.899494, 3.995505), (60.454544, 17.899494, 3.995505), (63.636364, 17.899494, 3.995505), (66.818184, 17.899494, 3.995505), (70, 17.899494, 3.995505), (-70, 18.525757, 4.664159), (-66.818184, 18.525757, 4.664159), (-63.636364, 18.525757, 4.664159), (-60.454544, 18.525757, 4.664159), (-57.272728, 18.525757, 4.664159), (-54.090908, 18.525757, 4.664159), (-50.909092, 18.525757, 4.664159), (-47.727272, 18.525757, 4.664159), (-44.545456, 18.525757, 4.664159), (-41.363636, 18.525757, 4.664159), (-38.18182, 18.525757, 4.664159), (-35, 18.525757, 4.664159), (-31.818182, 18.525757, 4.664159), (-28.636364, 18.525757, 4.664159), (-25.454546, 18.525757, 4.664159), (-22.272728, 18.525757, 4.664159), (-19.09091, 18.525757, 4.664159), (-15.909091, 18.525757, 4.664159), (-12.727273, 18.525757, 4.664159), (-9.545455, 18.525757, 4.664159), (-6.3636365, 18.525757, 4.664159), (-3.1818182, 18.525757, 4.664159), (0, 18.525757, 4.664159), (3.1818182, 18.525757, 4.664159), (6.3636365, 18.525757, 4.664159), (9.545455, 18.525757, 4.664159), (12.727273, 18.525757, 4.664159), (15.909091, 18.525757, 4.664159), (19.09091, 18.525757, 4.664159), (22.272728, 18.525757, 4.664159), (25.454546, 18.525757, 4.664159), (28.636364, 18.525757, 4.664159), (31.818182, 18.525757, 4.664159), (35, 18.525757, 4.664159), (38.18182, 18.525757, 4.664159), (41.363636, 18.525757, 4.664159), (44.545456, 18.525757, 4.664159), (47.727272, 18.525757, 4.664159), (50.909092, 18.525757, 4.664159), (54.090908, 18.525757, 4.664159), (57.272728, 18.525757, 4.664159), (60.454544, 18.525757, 4.664159), (63.636364, 18.525757, 4.664159), (66.818184, 18.525757, 4.664159), (70, 18.525757, 4.664159), (-70, 19.106947, 5.37234), (-66.818184, 19.106947, 5.37234), (-63.636364, 19.106947, 5.37234), (-60.454544, 19.106947, 5.37234), (-57.272728, 19.106947, 5.37234), (-54.090908, 19.106947, 5.37234), (-50.909092, 19.106947, 5.37234), (-47.727272, 19.106947, 5.37234), (-44.545456, 19.106947, 5.37234), (-41.363636, 19.106947, 5.37234), (-38.18182, 19.106947, 5.37234), (-35, 19.106947, 5.37234), (-31.818182, 19.106947, 5.37234), (-28.636364, 19.106947, 5.37234), (-25.454546, 19.106947, 5.37234), (-22.272728, 19.106947, 5.37234), (-19.09091, 19.106947, 5.37234), (-15.909091, 19.106947, 5.37234), (-12.727273, 19.106947, 5.37234), (-9.545455, 19.106947, 5.37234), (-6.3636365, 19.106947, 5.37234), (-3.1818182, 19.106947, 5.37234), (0, 19.106947, 5.37234), (3.1818182, 19.106947, 5.37234), (6.3636365, 19.106947, 5.37234), (9.545455, 19.106947, 5.37234), (12.727273, 19.106947, 5.37234), (15.909091, 19.106947, 5.37234), (19.09091, 19.106947, 5.37234), (22.272728, 19.106947, 5.37234), (25.454546, 19.106947, 5.37234), (28.636364, 19.106947, 5.37234), (31.818182, 19.106947, 5.37234), (35, 19.106947, 5.37234), (38.18182, 19.106947, 5.37234), (41.363636, 19.106947, 5.37234), (44.545456, 19.106947, 5.37234), (47.727272, 19.106947, 5.37234), (50.909092, 19.106947, 5.37234), (54.090908, 19.106947, 5.37234), (57.272728, 19.106947, 5.37234), (60.454544, 19.106947, 5.37234), (63.636364, 19.106947, 5.37234), (66.818184, 19.106947, 5.37234), (70, 19.106947, 5.37234), (-70, 19.640575, 6.117017), (-66.818184, 19.640575, 6.117017), (-63.636364, 19.640575, 6.117017), (-60.454544, 19.640575, 6.117017), (-57.272728, 19.640575, 6.117017), (-54.090908, 19.640575, 6.117017), (-50.909092, 19.640575, 6.117017), (-47.727272, 19.640575, 6.117017), (-44.545456, 19.640575, 6.117017), (-41.363636, 19.640575, 6.117017), (-38.18182, 19.640575, 6.117017), (-35, 19.640575, 6.117017), (-31.818182, 19.640575, 6.117017), (-28.636364, 19.640575, 6.117017), (-25.454546, 19.640575, 6.117017), (-22.272728, 19.640575, 6.117017), (-19.09091, 19.640575, 6.117017), (-15.909091, 19.640575, 6.117017), (-12.727273, 19.640575, 6.117017), (-9.545455, 19.640575, 6.117017), (-6.3636365, 19.640575, 6.117017), (-3.1818182, 19.640575, 6.117017), (0, 19.640575, 6.117017), (3.1818182, 19.640575, 6.117017), (6.3636365, 19.640575, 6.117017), (9.545455, 19.640575, 6.117017), (12.727273, 19.640575, 6.117017), (15.909091, 19.640575, 6.117017), (19.09091, 19.640575, 6.117017), (22.272728, 19.640575, 6.117017), (25.454546, 19.640575, 6.117017), (28.636364, 19.640575, 6.117017), (31.818182, 19.640575, 6.117017), (35, 19.640575, 6.117017), (38.18182, 19.640575, 6.117017), (41.363636, 19.640575, 6.117017), (44.545456, 19.640575, 6.117017), (47.727272, 19.640575, 6.117017), (50.909092, 19.640575, 6.117017), (54.090908, 19.640575, 6.117017), (57.272728, 19.640575, 6.117017), (60.454544, 19.640575, 6.117017), (63.636364, 19.640575, 6.117017), (66.818184, 19.640575, 6.117017), (70, 19.640575, 6.117017), (-70, 20.124355, 6.895), (-66.818184, 20.124355, 6.895), (-63.636364, 20.124355, 6.895), (-60.454544, 20.124355, 6.895), (-57.272728, 20.124355, 6.895), (-54.090908, 20.124355, 6.895), (-50.909092, 20.124355, 6.895), (-47.727272, 20.124355, 6.895), (-44.545456, 20.124355, 6.895), (-41.363636, 20.124355, 6.895), (-38.18182, 20.124355, 6.895), (-35, 20.124355, 6.895), (-31.818182, 20.124355, 6.895), (-28.636364, 20.124355, 6.895), (-25.454546, 20.124355, 6.895), (-22.272728, 20.124355, 6.895), (-19.09091, 20.124355, 6.895), (-15.909091, 20.124355, 6.895), (-12.727273, 20.124355, 6.895), (-9.545455, 20.124355, 6.895), (-6.3636365, 20.124355, 6.895), (-3.1818182, 20.124355, 6.895), (0, 20.124355, 6.895), (3.1818182, 20.124355, 6.895), (6.3636365, 20.124355, 6.895), (9.545455, 20.124355, 6.895), (12.727273, 20.124355, 6.895), (15.909091, 20.124355, 6.895), (19.09091, 20.124355, 6.895), (22.272728, 20.124355, 6.895), (25.454546, 20.124355, 6.895), (28.636364, 20.124355, 6.895), (31.818182, 20.124355, 6.895), (35, 20.124355, 6.895), (38.18182, 20.124355, 6.895), (41.363636, 20.124355, 6.895), (44.545456, 20.124355, 6.895), (47.727272, 20.124355, 6.895), (50.909092, 20.124355, 6.895), (54.090908, 20.124355, 6.895), (57.272728, 20.124355, 6.895), (60.454544, 20.124355, 6.895), (63.636364, 20.124355, 6.895), (66.818184, 20.124355, 6.895), (70, 20.124355, 6.895), (-70, 20.55622, 7.702958), (-66.818184, 20.55622, 7.702958), (-63.636364, 20.55622, 7.702958), (-60.454544, 20.55622, 7.702958), (-57.272728, 20.55622, 7.702958), (-54.090908, 20.55622, 7.702958), (-50.909092, 20.55622, 7.702958), (-47.727272, 20.55622, 7.702958), (-44.545456, 20.55622, 7.702958), (-41.363636, 20.55622, 7.702958), (-38.18182, 20.55622, 7.702958), (-35, 20.55622, 7.702958), (-31.818182, 20.55622, 7.702958), (-28.636364, 20.55622, 7.702958), (-25.454546, 20.55622, 7.702958), (-22.272728, 20.55622, 7.702958), (-19.09091, 20.55622, 7.702958), (-15.909091, 20.55622, 7.702958), (-12.727273, 20.55622, 7.702958), (-9.545455, 20.55622, 7.702958), (-6.3636365, 20.55622, 7.702958), (-3.1818182, 20.55622, 7.702958), (0, 20.55622, 7.702958), (3.1818182, 20.55622, 7.702958), (6.3636365, 20.55622, 7.702958), (9.545455, 20.55622, 7.702958), (12.727273, 20.55622, 7.702958), (15.909091, 20.55622, 7.702958), (19.09091, 20.55622, 7.702958), (22.272728, 20.55622, 7.702958), (25.454546, 20.55622, 7.702958), (28.636364, 20.55622, 7.702958), (31.818182, 20.55622, 7.702958), (35, 20.55622, 7.702958), (38.18182, 20.55622, 7.702958), (41.363636, 20.55622, 7.702958), (44.545456, 20.55622, 7.702958), (47.727272, 20.55622, 7.702958), (50.909092, 20.55622, 7.702958), (54.090908, 20.55622, 7.702958), (57.272728, 20.55622, 7.702958), (60.454544, 20.55622, 7.702958), (63.636364, 20.55622, 7.702958), (66.818184, 20.55622, 7.702958), (70, 20.55622, 7.702958), (-70, 20.934313, 8.537432), (-66.818184, 20.934313, 8.537432), (-63.636364, 20.934313, 8.537432), (-60.454544, 20.934313, 8.537432), (-57.272728, 20.934313, 8.537432), (-54.090908, 20.934313, 8.537432), (-50.909092, 20.934313, 8.537432), (-47.727272, 20.934313, 8.537432), (-44.545456, 20.934313, 8.537432), (-41.363636, 20.934313, 8.537432), (-38.18182, 20.934313, 8.537432), (-35, 20.934313, 8.537432), (-31.818182, 20.934313, 8.537432), (-28.636364, 20.934313, 8.537432), (-25.454546, 20.934313, 8.537432), (-22.272728, 20.934313, 8.537432), (-19.09091, 20.934313, 8.537432), (-15.909091, 20.934313, 8.537432), (-12.727273, 20.934313, 8.537432), (-9.545455, 20.934313, 8.537432), (-6.3636365, 20.934313, 8.537432), (-3.1818182, 20.934313, 8.537432), (0, 20.934313, 8.537432), (3.1818182, 20.934313, 8.537432), (6.3636365, 20.934313, 8.537432), (9.545455, 20.934313, 8.537432), (12.727273, 20.934313, 8.537432), (15.909091, 20.934313, 8.537432), (19.09091, 20.934313, 8.537432), (22.272728, 20.934313, 8.537432), (25.454546, 20.934313, 8.537432), (28.636364, 20.934313, 8.537432), (31.818182, 20.934313, 8.537432), (35, 20.934313, 8.537432), (38.18182, 20.934313, 8.537432), (41.363636, 20.934313, 8.537432), (44.545456, 20.934313, 8.537432), (47.727272, 20.934313, 8.537432), (50.909092, 20.934313, 8.537432), (54.090908, 20.934313, 8.537432), (57.272728, 20.934313, 8.537432), (60.454544, 20.934313, 8.537432), (63.636364, 20.934313, 8.537432), (66.818184, 20.934313, 8.537432), (70, 20.934313, 8.537432), (-70, 21.25702, 9.394848), (-66.818184, 21.25702, 9.394848), (-63.636364, 21.25702, 9.394848), (-60.454544, 21.25702, 9.394848), (-57.272728, 21.25702, 9.394848), (-54.090908, 21.25702, 9.394848), (-50.909092, 21.25702, 9.394848), (-47.727272, 21.25702, 9.394848), (-44.545456, 21.25702, 9.394848), (-41.363636, 21.25702, 9.394848), (-38.18182, 21.25702, 9.394848), (-35, 21.25702, 9.394848), (-31.818182, 21.25702, 9.394848), (-28.636364, 21.25702, 9.394848), (-25.454546, 21.25702, 9.394848), (-22.272728, 21.25702, 9.394848), (-19.09091, 21.25702, 9.394848), (-15.909091, 21.25702, 9.394848), (-12.727273, 21.25702, 9.394848), (-9.545455, 21.25702, 9.394848), (-6.3636365, 21.25702, 9.394848), (-3.1818182, 21.25702, 9.394848), (0, 21.25702, 9.394848), (3.1818182, 21.25702, 9.394848), (6.3636365, 21.25702, 9.394848), (9.545455, 21.25702, 9.394848), (12.727273, 21.25702, 9.394848), (15.909091, 21.25702, 9.394848), (19.09091, 21.25702, 9.394848), (22.272728, 21.25702, 9.394848), (25.454546, 21.25702, 9.394848), (28.636364, 21.25702, 9.394848), (31.818182, 21.25702, 9.394848), (35, 21.25702, 9.394848), (38.18182, 21.25702, 9.394848), (41.363636, 21.25702, 9.394848), (44.545456, 21.25702, 9.394848), (47.727272, 21.25702, 9.394848), (50.909092, 21.25702, 9.394848), (54.090908, 21.25702, 9.394848), (57.272728, 21.25702, 9.394848), (60.454544, 21.25702, 9.394848), (63.636364, 21.25702, 9.394848), (66.818184, 21.25702, 9.394848), (70, 21.25702, 9.394848), (-70, 21.52296, 10.271533), (-66.818184, 21.52296, 10.271533), (-63.636364, 21.52296, 10.271533), (-60.454544, 21.52296, 10.271533), (-57.272728, 21.52296, 10.271533), (-54.090908, 21.52296, 10.271533), (-50.909092, 21.52296, 10.271533), (-47.727272, 21.52296, 10.271533), (-44.545456, 21.52296, 10.271533), (-41.363636, 21.52296, 10.271533), (-38.18182, 21.52296, 10.271533), (-35, 21.52296, 10.271533), (-31.818182, 21.52296, 10.271533), (-28.636364, 21.52296, 10.271533), (-25.454546, 21.52296, 10.271533), (-22.272728, 21.52296, 10.271533), (-19.09091, 21.52296, 10.271533), (-15.909091, 21.52296, 10.271533), (-12.727273, 21.52296, 10.271533), (-9.545455, 21.52296, 10.271533), (-6.3636365, 21.52296, 10.271533), (-3.1818182, 21.52296, 10.271533), (0, 21.52296, 10.271533), (3.1818182, 21.52296, 10.271533), (6.3636365, 21.52296, 10.271533), (9.545455, 21.52296, 10.271533), (12.727273, 21.52296, 10.271533), (15.909091, 21.52296, 10.271533), (19.09091, 21.52296, 10.271533), (22.272728, 21.52296, 10.271533), (25.454546, 21.52296, 10.271533), (28.636364, 21.52296, 10.271533), (31.818182, 21.52296, 10.271533), (35, 21.52296, 10.271533), (38.18182, 21.52296, 10.271533), (41.363636, 21.52296, 10.271533), (44.545456, 21.52296, 10.271533), (47.727272, 21.52296, 10.271533), (50.909092, 21.52296, 10.271533), (54.090908, 21.52296, 10.271533), (57.272728, 21.52296, 10.271533), (60.454544, 21.52296, 10.271533), (63.636364, 21.52296, 10.271533), (66.818184, 21.52296, 10.271533), (70, 21.52296, 10.271533), (-70, 21.730993, 11.163735), (-66.818184, 21.730993, 11.163735), (-63.636364, 21.730993, 11.163735), (-60.454544, 21.730993, 11.163735), (-57.272728, 21.730993, 11.163735), (-54.090908, 21.730993, 11.163735), (-50.909092, 21.730993, 11.163735), (-47.727272, 21.730993, 11.163735), (-44.545456, 21.730993, 11.163735), (-41.363636, 21.730993, 11.163735), (-38.18182, 21.730993, 11.163735), (-35, 21.730993, 11.163735), (-31.818182, 21.730993, 11.163735), (-28.636364, 21.730993, 11.163735), (-25.454546, 21.730993, 11.163735), (-22.272728, 21.730993, 11.163735), (-19.09091, 21.730993, 11.163735), (-15.909091, 21.730993, 11.163735), (-12.727273, 21.730993, 11.163735), (-9.545455, 21.730993, 11.163735), (-6.3636365, 21.730993, 11.163735), (-3.1818182, 21.730993, 11.163735), (0, 21.730993, 11.163735), (3.1818182, 21.730993, 11.163735), (6.3636365, 21.730993, 11.163735), (9.545455, 21.730993, 11.163735), (12.727273, 21.730993, 11.163735), (15.909091, 21.730993, 11.163735), (19.09091, 21.730993, 11.163735), (22.272728, 21.730993, 11.163735), (25.454546, 21.730993, 11.163735), (28.636364, 21.730993, 11.163735), (31.818182, 21.730993, 11.163735), (35, 21.730993, 11.163735), (38.18182, 21.730993, 11.163735), (41.363636, 21.730993, 11.163735), (44.545456, 21.730993, 11.163735), (47.727272, 21.730993, 11.163735), (50.909092, 21.730993, 11.163735), (54.090908, 21.730993, 11.163735), (57.272728, 21.730993, 11.163735), (60.454544, 21.730993, 11.163735), (63.636364, 21.730993, 11.163735), (66.818184, 21.730993, 11.163735), (70, 21.730993, 11.163735), (-70, 21.880228, 12.067634), (-66.818184, 21.880228, 12.067634), (-63.636364, 21.880228, 12.067634), (-60.454544, 21.880228, 12.067634), (-57.272728, 21.880228, 12.067634), (-54.090908, 21.880228, 12.067634), (-50.909092, 21.880228, 12.067634), (-47.727272, 21.880228, 12.067634), (-44.545456, 21.880228, 12.067634), (-41.363636, 21.880228, 12.067634), (-38.18182, 21.880228, 12.067634), (-35, 21.880228, 12.067634), (-31.818182, 21.880228, 12.067634), (-28.636364, 21.880228, 12.067634), (-25.454546, 21.880228, 12.067634), (-22.272728, 21.880228, 12.067634), (-19.09091, 21.880228, 12.067634), (-15.909091, 21.880228, 12.067634), (-12.727273, 21.880228, 12.067634), (-9.545455, 21.880228, 12.067634), (-6.3636365, 21.880228, 12.067634), (-3.1818182, 21.880228, 12.067634), (0, 21.880228, 12.067634), (3.1818182, 21.880228, 12.067634), (6.3636365, 21.880228, 12.067634), (9.545455, 21.880228, 12.067634), (12.727273, 21.880228, 12.067634), (15.909091, 21.880228, 12.067634), (19.09091, 21.880228, 12.067634), (22.272728, 21.880228, 12.067634), (25.454546, 21.880228, 12.067634), (28.636364, 21.880228, 12.067634), (31.818182, 21.880228, 12.067634), (35, 21.880228, 12.067634), (38.18182, 21.880228, 12.067634), (41.363636, 21.880228, 12.067634), (44.545456, 21.880228, 12.067634), (47.727272, 21.880228, 12.067634), (50.909092, 21.880228, 12.067634), (54.090908, 21.880228, 12.067634), (57.272728, 21.880228, 12.067634), (60.454544, 21.880228, 12.067634), (63.636364, 21.880228, 12.067634), (66.818184, 21.880228, 12.067634), (70, 21.880228, 12.067634), (-70, 21.970024, 12.979356), (-66.818184, 21.970024, 12.979356), (-63.636364, 21.970024, 12.979356), (-60.454544, 21.970024, 12.979356), (-57.272728, 21.970024, 12.979356), (-54.090908, 21.970024, 12.979356), (-50.909092, 21.970024, 12.979356), (-47.727272, 21.970024, 12.979356), (-44.545456, 21.970024, 12.979356), (-41.363636, 21.970024, 12.979356), (-38.18182, 21.970024, 12.979356), (-35, 21.970024, 12.979356), (-31.818182, 21.970024, 12.979356), (-28.636364, 21.970024, 12.979356), (-25.454546, 21.970024, 12.979356), (-22.272728, 21.970024, 12.979356), (-19.09091, 21.970024, 12.979356), (-15.909091, 21.970024, 12.979356), (-12.727273, 21.970024, 12.979356), (-9.545455, 21.970024, 12.979356), (-6.3636365, 21.970024, 12.979356), (-3.1818182, 21.970024, 12.979356), (0, 21.970024, 12.979356), (3.1818182, 21.970024, 12.979356), (6.3636365, 21.970024, 12.979356), (9.545455, 21.970024, 12.979356), (12.727273, 21.970024, 12.979356), (15.909091, 21.970024, 12.979356), (19.09091, 21.970024, 12.979356), (22.272728, 21.970024, 12.979356), (25.454546, 21.970024, 12.979356), (28.636364, 21.970024, 12.979356), (31.818182, 21.970024, 12.979356), (35, 21.970024, 12.979356), (38.18182, 21.970024, 12.979356), (41.363636, 21.970024, 12.979356), (44.545456, 21.970024, 12.979356), (47.727272, 21.970024, 12.979356), (50.909092, 21.970024, 12.979356), (54.090908, 21.970024, 12.979356), (57.272728, 21.970024, 12.979356), (60.454544, 21.970024, 12.979356), (63.636364, 21.970024, 12.979356), (66.818184, 21.970024, 12.979356), (70, 21.970024, 12.979356), (-70, 22, 13.895), (-66.818184, 22, 13.895), (-63.636364, 22, 13.895), (-60.454544, 22, 13.895), (-57.272728, 22, 13.895), (-54.090908, 22, 13.895), (-50.909092, 22, 13.895), (-47.727272, 22, 13.895), (-44.545456, 22, 13.895), (-41.363636, 22, 13.895), (-38.18182, 22, 13.895), (-35, 22, 13.895), (-31.818182, 22, 13.895), (-28.636364, 22, 13.895), (-25.454546, 22, 13.895), (-22.272728, 22, 13.895), (-19.09091, 22, 13.895), (-15.909091, 22, 13.895), (-12.727273, 22, 13.895), (-9.545455, 22, 13.895), (-6.3636365, 22, 13.895), (-3.1818182, 22, 13.895), (0, 22, 13.895), (3.1818182, 22, 13.895), (6.3636365, 22, 13.895), (9.545455, 22, 13.895), (12.727273, 22, 13.895), (15.909091, 22, 13.895), (19.09091, 22, 13.895), (22.272728, 22, 13.895), (25.454546, 22, 13.895), (28.636364, 22, 13.895), (31.818182, 22, 13.895), (35, 22, 13.895), (38.18182, 22, 13.895), (41.363636, 22, 13.895), (44.545456, 22, 13.895), (47.727272, 22, 13.895), (50.909092, 22, 13.895), (54.090908, 22, 13.895), (57.272728, 22, 13.895), (60.454544, 22, 13.895), (63.636364, 22, 13.895), (66.818184, 22, 13.895), (70, 22, 13.895), (-70, 22, 15.813637), (-66.818184, 22, 15.813637), (-63.636364, 22, 15.813637), (-60.454544, 22, 15.813637), (-57.272728, 22, 15.813637), (-54.090908, 22, 15.813637), (-50.909092, 22, 15.813637), (-47.727272, 22, 15.813637), (-44.545456, 22, 15.813637), (-41.363636, 22, 15.813637), (-38.18182, 22, 15.813637), (-35, 22, 15.813637), (-31.818182, 22, 15.813637), (-28.636364, 22, 15.813637), (-25.454546, 22, 15.813637), (-22.272728, 22, 15.813637), (-19.09091, 22, 15.813637), (-15.909091, 22, 15.813637), (-12.727273, 22, 15.813637), (-9.545455, 22, 15.813637), (-6.3636365, 22, 15.813637), (-3.1818182, 22, 15.813637), (0, 22, 15.813637), (3.1818182, 22, 15.813637), (6.3636365, 22, 15.813637), (9.545455, 22, 15.813637), (12.727273, 22, 15.813637), (15.909091, 22, 15.813637), (19.09091, 22, 15.813637), (22.272728, 22, 15.813637), (25.454546, 22, 15.813637), (28.636364, 22, 15.813637), (31.818182, 22, 15.813637), (35, 22, 15.813637), (38.18182, 22, 15.813637), (41.363636, 22, 15.813637), (44.545456, 22, 15.813637), (47.727272, 22, 15.813637), (50.909092, 22, 15.813637), (54.090908, 22, 15.813637), (57.272728, 22, 15.813637), (60.454544, 22, 15.813637), (63.636364, 22, 15.813637), (66.818184, 22, 15.813637), (70, 22, 15.813637), (-70, 22, 17.732273), (-66.818184, 22, 17.732273), (-63.636364, 22, 17.732273), (-60.454544, 22, 17.732273), (-57.272728, 22, 17.732273), (-54.090908, 22, 17.732273), (-50.909092, 22, 17.732273), (-47.727272, 22, 17.732273), (-44.545456, 22, 17.732273), (-41.363636, 22, 17.732273), (-38.18182, 22, 17.732273), (-35, 22, 17.732273), (-31.818182, 22, 17.732273), (-28.636364, 22, 17.732273), (-25.454546, 22, 17.732273), (-22.272728, 22, 17.732273), (-19.09091, 22, 17.732273), (-15.909091, 22, 17.732273), (-12.727273, 22, 17.732273), (-9.545455, 22, 17.732273), (-6.3636365, 22, 17.732273), (-3.1818182, 22, 17.732273), (0, 22, 17.732273), (3.1818182, 22, 17.732273), (6.3636365, 22, 17.732273), (9.545455, 22, 17.732273), (12.727273, 22, 17.732273), (15.909091, 22, 17.732273), (19.09091, 22, 17.732273), (22.272728, 22, 17.732273), (25.454546, 22, 17.732273), (28.636364, 22, 17.732273), (31.818182, 22, 17.732273), (35, 22, 17.732273), (38.18182, 22, 17.732273), (41.363636, 22, 17.732273), (44.545456, 22, 17.732273), (47.727272, 22, 17.732273), (50.909092, 22, 17.732273), (54.090908, 22, 17.732273), (57.272728, 22, 17.732273), (60.454544, 22, 17.732273), (63.636364, 22, 17.732273), (66.818184, 22, 17.732273), (70, 22, 17.732273), (-70, 22, 19.65091), (-66.818184, 22, 19.65091), (-63.636364, 22, 19.65091), (-60.454544, 22, 19.65091), (-57.272728, 22, 19.65091), (-54.090908, 22, 19.65091), (-50.909092, 22, 19.65091), (-47.727272, 22, 19.65091), (-44.545456, 22, 19.65091), (-41.363636, 22, 19.65091), (-38.18182, 22, 19.65091), (-35, 22, 19.65091), (-31.818182, 22, 19.65091), (-28.636364, 22, 19.65091), (-25.454546, 22, 19.65091), (-22.272728, 22, 19.65091), (-19.09091, 22, 19.65091), (-15.909091, 22, 19.65091), (-12.727273, 22, 19.65091), (-9.545455, 22, 19.65091), (-6.3636365, 22, 19.65091), (-3.1818182, 22, 19.65091), (0, 22, 19.65091), (3.1818182, 22, 19.65091), (6.3636365, 22, 19.65091), (9.545455, 22, 19.65091), (12.727273, 22, 19.65091), (15.909091, 22, 19.65091), (19.09091, 22, 19.65091), (22.272728, 22, 19.65091), (25.454546, 22, 19.65091), (28.636364, 22, 19.65091), (31.818182, 22, 19.65091), (35, 22, 19.65091), (38.18182, 22, 19.65091), (41.363636, 22, 19.65091), (44.545456, 22, 19.65091), (47.727272, 22, 19.65091), (50.909092, 22, 19.65091), (54.090908, 22, 19.65091), (57.272728, 22, 19.65091), (60.454544, 22, 19.65091), (63.636364, 22, 19.65091), (66.818184, 22, 19.65091), (70, 22, 19.65091), (-70, 22, 21.569546), (-66.818184, 22, 21.569546), (-63.636364, 22, 21.569546), (-60.454544, 22, 21.569546), (-57.272728, 22, 21.569546), (-54.090908, 22, 21.569546), (-50.909092, 22, 21.569546), (-47.727272, 22, 21.569546), (-44.545456, 22, 21.569546), (-41.363636, 22, 21.569546), (-38.18182, 22, 21.569546), (-35, 22, 21.569546), (-31.818182, 22, 21.569546), (-28.636364, 22, 21.569546), (-25.454546, 22, 21.569546), (-22.272728, 22, 21.569546), (-19.09091, 22, 21.569546), (-15.909091, 22, 21.569546), (-12.727273, 22, 21.569546), (-9.545455, 22, 21.569546), (-6.3636365, 22, 21.569546), (-3.1818182, 22, 21.569546), (0, 22, 21.569546), (3.1818182, 22, 21.569546), (6.3636365, 22, 21.569546), (9.545455, 22, 21.569546), (12.727273, 22, 21.569546), (15.909091, 22, 21.569546), (19.09091, 22, 21.569546), (22.272728, 22, 21.569546), (25.454546, 22, 21.569546), (28.636364, 22, 21.569546), (31.818182, 22, 21.569546), (35, 22, 21.569546), (38.18182, 22, 21.569546), (41.363636, 22, 21.569546), (44.545456, 22, 21.569546), (47.727272, 22, 21.569546), (50.909092, 22, 21.569546), (54.090908, 22, 21.569546), (57.272728, 22, 21.569546), (60.454544, 22, 21.569546), (63.636364, 22, 21.569546), (66.818184, 22, 21.569546), (70, 22, 21.569546), (-70, 22, 23.488182), (-66.818184, 22, 23.488182), (-63.636364, 22, 23.488182), (-60.454544, 22, 23.488182), (-57.272728, 22, 23.488182), (-54.090908, 22, 23.488182), (-50.909092, 22, 23.488182), (-47.727272, 22, 23.488182), (-44.545456, 22, 23.488182), (-41.363636, 22, 23.488182), (-38.18182, 22, 23.488182), (-35, 22, 23.488182), (-31.818182, 22, 23.488182), (-28.636364, 22, 23.488182), (-25.454546, 22, 23.488182), (-22.272728, 22, 23.488182), (-19.09091, 22, 23.488182), (-15.909091, 22, 23.488182), (-12.727273, 22, 23.488182), (-9.545455, 22, 23.488182), (-6.3636365, 22, 23.488182), (-3.1818182, 22, 23.488182), (0, 22, 23.488182), (3.1818182, 22, 23.488182), (6.3636365, 22, 23.488182), (9.545455, 22, 23.488182), (12.727273, 22, 23.488182), (15.909091, 22, 23.488182), (19.09091, 22, 23.488182), (22.272728, 22, 23.488182), (25.454546, 22, 23.488182), (28.636364, 22, 23.488182), (31.818182, 22, 23.488182), (35, 22, 23.488182), (38.18182, 22, 23.488182), (41.363636, 22, 23.488182), (44.545456, 22, 23.488182), (47.727272, 22, 23.488182), (50.909092, 22, 23.488182), (54.090908, 22, 23.488182), (57.272728, 22, 23.488182), (60.454544, 22, 23.488182), (63.636364, 22, 23.488182), (66.818184, 22, 23.488182), (70, 22, 23.488182), (-70, 22, 25.406818), (-66.818184, 22, 25.406818), (-63.636364, 22, 25.406818), (-60.454544, 22, 25.406818), (-57.272728, 22, 25.406818), (-54.090908, 22, 25.406818), (-50.909092, 22, 25.406818), (-47.727272, 22, 25.406818), (-44.545456, 22, 25.406818), (-41.363636, 22, 25.406818), (-38.18182, 22, 25.406818), (-35, 22, 25.406818), (-31.818182, 22, 25.406818), (-28.636364, 22, 25.406818), (-25.454546, 22, 25.406818), (-22.272728, 22, 25.406818), (-19.09091, 22, 25.406818), (-15.909091, 22, 25.406818), (-12.727273, 22, 25.406818), (-9.545455, 22, 25.406818), (-6.3636365, 22, 25.406818), (-3.1818182, 22, 25.406818), (0, 22, 25.406818), (3.1818182, 22, 25.406818), (6.3636365, 22, 25.406818), (9.545455, 22, 25.406818), (12.727273, 22, 25.406818), (15.909091, 22, 25.406818), (19.09091, 22, 25.406818), (22.272728, 22, 25.406818), (25.454546, 22, 25.406818), (28.636364, 22, 25.406818), (31.818182, 22, 25.406818), (35, 22, 25.406818), (38.18182, 22, 25.406818), (41.363636, 22, 25.406818), (44.545456, 22, 25.406818), (47.727272, 22, 25.406818), (50.909092, 22, 25.406818), (54.090908, 22, 25.406818), (57.272728, 22, 25.406818), (60.454544, 22, 25.406818), (63.636364, 22, 25.406818), (66.818184, 22, 25.406818), (70, 22, 25.406818), (-70, 22, 27.325455), (-66.818184, 22, 27.325455), (-63.636364, 22, 27.325455), (-60.454544, 22, 27.325455), (-57.272728, 22, 27.325455), (-54.090908, 22, 27.325455), (-50.909092, 22, 27.325455), (-47.727272, 22, 27.325455), (-44.545456, 22, 27.325455), (-41.363636, 22, 27.325455), (-38.18182, 22, 27.325455), (-35, 22, 27.325455), (-31.818182, 22, 27.325455), (-28.636364, 22, 27.325455), (-25.454546, 22, 27.325455), (-22.272728, 22, 27.325455), (-19.09091, 22, 27.325455), (-15.909091, 22, 27.325455), (-12.727273, 22, 27.325455), (-9.545455, 22, 27.325455), (-6.3636365, 22, 27.325455), (-3.1818182, 22, 27.325455), (0, 22, 27.325455), (3.1818182, 22, 27.325455), (6.3636365, 22, 27.325455), (9.545455, 22, 27.325455), (12.727273, 22, 27.325455), (15.909091, 22, 27.325455), (19.09091, 22, 27.325455), (22.272728, 22, 27.325455), (25.454546, 22, 27.325455), (28.636364, 22, 27.325455), (31.818182, 22, 27.325455), (35, 22, 27.325455), (38.18182, 22, 27.325455), (41.363636, 22, 27.325455), (44.545456, 22, 27.325455), (47.727272, 22, 27.325455), (50.909092, 22, 27.325455), (54.090908, 22, 27.325455), (57.272728, 22, 27.325455), (60.454544, 22, 27.325455), (63.636364, 22, 27.325455), (66.818184, 22, 27.325455), (70, 22, 27.325455), (-70, 22, 29.244091), (-66.818184, 22, 29.244091), (-63.636364, 22, 29.244091), (-60.454544, 22, 29.244091), (-57.272728, 22, 29.244091), (-54.090908, 22, 29.244091), (-50.909092, 22, 29.244091), (-47.727272, 22, 29.244091), (-44.545456, 22, 29.244091), (-41.363636, 22, 29.244091), (-38.18182, 22, 29.244091), (-35, 22, 29.244091), (-31.818182, 22, 29.244091), (-28.636364, 22, 29.244091), (-25.454546, 22, 29.244091), (-22.272728, 22, 29.244091), (-19.09091, 22, 29.244091), (-15.909091, 22, 29.244091), (-12.727273, 22, 29.244091), (-9.545455, 22, 29.244091), (-6.3636365, 22, 29.244091), (-3.1818182, 22, 29.244091), (0, 22, 29.244091), (3.1818182, 22, 29.244091), (6.3636365, 22, 29.244091), (9.545455, 22, 29.244091), (12.727273, 22, 29.244091), (15.909091, 22, 29.244091), (19.09091, 22, 29.244091), (22.272728, 22, 29.244091), (25.454546, 22, 29.244091), (28.636364, 22, 29.244091), (31.818182, 22, 29.244091), (35, 22, 29.244091), (38.18182, 22, 29.244091), (41.363636, 22, 29.244091), (44.545456, 22, 29.244091), (47.727272, 22, 29.244091), (50.909092, 22, 29.244091), (54.090908, 22, 29.244091), (57.272728, 22, 29.244091), (60.454544, 22, 29.244091), (63.636364, 22, 29.244091), (66.818184, 22, 29.244091), (70, 22, 29.244091), (-70, 22, 31.162727), (-66.818184, 22, 31.162727), (-63.636364, 22, 31.162727), (-60.454544, 22, 31.162727), (-57.272728, 22, 31.162727), (-54.090908, 22, 31.162727), (-50.909092, 22, 31.162727), (-47.727272, 22, 31.162727), (-44.545456, 22, 31.162727), (-41.363636, 22, 31.162727), (-38.18182, 22, 31.162727), (-35, 22, 31.162727), (-31.818182, 22, 31.162727), (-28.636364, 22, 31.162727), (-25.454546, 22, 31.162727), (-22.272728, 22, 31.162727), (-19.09091, 22, 31.162727), (-15.909091, 22, 31.162727), (-12.727273, 22, 31.162727), (-9.545455, 22, 31.162727), (-6.3636365, 22, 31.162727), (-3.1818182, 22, 31.162727), (0, 22, 31.162727), (3.1818182, 22, 31.162727), (6.3636365, 22, 31.162727), (9.545455, 22, 31.162727), (12.727273, 22, 31.162727), (15.909091, 22, 31.162727), (19.09091, 22, 31.162727), (22.272728, 22, 31.162727), (25.454546, 22, 31.162727), (28.636364, 22, 31.162727), (31.818182, 22, 31.162727), (35, 22, 31.162727), (38.18182, 22, 31.162727), (41.363636, 22, 31.162727), (44.545456, 22, 31.162727), (47.727272, 22, 31.162727), (50.909092, 22, 31.162727), (54.090908, 22, 31.162727), (57.272728, 22, 31.162727), (60.454544, 22, 31.162727), (63.636364, 22, 31.162727), (66.818184, 22, 31.162727), (70, 22, 31.162727), (-70, 22, 33.081364), (-66.818184, 22, 33.081364), (-63.636364, 22, 33.081364), (-60.454544, 22, 33.081364), (-57.272728, 22, 33.081364), (-54.090908, 22, 33.081364), (-50.909092, 22, 33.081364), (-47.727272, 22, 33.081364), (-44.545456, 22, 33.081364), (-41.363636, 22, 33.081364), (-38.18182, 22, 33.081364), (-35, 22, 33.081364), (-31.818182, 22, 33.081364), (-28.636364, 22, 33.081364), (-25.454546, 22, 33.081364), (-22.272728, 22, 33.081364), (-19.09091, 22, 33.081364), (-15.909091, 22, 33.081364), (-12.727273, 22, 33.081364), (-9.545455, 22, 33.081364), (-6.3636365, 22, 33.081364), (-3.1818182, 22, 33.081364), (0, 22, 33.081364), (3.1818182, 22, 33.081364), (6.3636365, 22, 33.081364), (9.545455, 22, 33.081364), (12.727273, 22, 33.081364), (15.909091, 22, 33.081364), (19.09091, 22, 33.081364), (22.272728, 22, 33.081364), (25.454546, 22, 33.081364), (28.636364, 22, 33.081364), (31.818182, 22, 33.081364), (35, 22, 33.081364), (38.18182, 22, 33.081364), (41.363636, 22, 33.081364), (44.545456, 22, 33.081364), (47.727272, 22, 33.081364), (50.909092, 22, 33.081364), (54.090908, 22, 33.081364), (57.272728, 22, 33.081364), (60.454544, 22, 33.081364), (63.636364, 22, 33.081364), (66.818184, 22, 33.081364), (70, 22, 33.081364), (-70, 22, 35), (-66.818184, 22, 35), (-63.636364, 22, 35), (-60.454544, 22, 35), (-57.272728, 22, 35), (-54.090908, 22, 35), (-50.909092, 22, 35), (-47.727272, 22, 35), (-44.545456, 22, 35), (-41.363636, 22, 35), (-38.18182, 22, 35), (-35, 22, 35), (-31.818182, 22, 35), (-28.636364, 22, 35), (-25.454546, 22, 35), (-22.272728, 22, 35), (-19.09091, 22, 35), (-15.909091, 22, 35), (-12.727273, 22, 35), (-9.545455, 22, 35), (-6.3636365, 22, 35), (-3.1818182, 22, 35), (0, 22, 35), (3.1818182, 22, 35), (6.3636365, 22, 35), (9.545455, 22, 35), (12.727273, 22, 35), (15.909091, 22, 35), (19.09091, 22, 35), (22.272728, 22, 35), (25.454546, 22, 35), (28.636364, 22, 35), (31.818182, 22, 35), (35, 22, 35), (38.18182, 22, 35), (41.363636, 22, 35), (44.545456, 22, 35), (47.727272, 22, 35), (50.909092, 22, 35), (54.090908, 22, 35), (57.272728, 22, 35), (60.454544, 22, 35), (63.636364, 22, 35), (66.818184, 22, 35), (70, 22, 35)]
        texCoord2f[] primvars:st = [(0, 0), (0.022727273, 0), (0.045454547, 0), (0.06818182, 0), (0.09090909, 0), (0.11363637, 0), (0.13636364, 0), (0.1590909, 0), (0.18181819, 0), (0.20454545, 0), (0.22727273, 0), (0.25, 0), (0.27272728, 0), (0.29545453, 0), (0.3181818, 0), (0.3409091, 0), (0.36363637, 0), (0.38636363, 0), (0.4090909, 0), (0.4318182, 0), (0.45454547, 0), (0.47727272, 0), (0.5, 0), (0.52272725, 0), (0.54545456, 0), (0.5681818, 0), (0.59090906, 0), (0.6136364, 0), (0.6363636, 0), (0.65909094, 0), (0.6818182, 0), (0.70454544, 0), (0.72727275, 0), (0.75, 0), (0.77272725, 0), (0.79545456, 0), (0.8181818, 0), (0.84090906, 0), (0.8636364, 0), (0.8863636, 0), (0.90909094, 0), (0.9318182, 0), (0.95454544, 0), (0.97727275, 0), (1, 0), (0, 0.014492754), (0.022727273, 0.014492754), (0.045454547, 0.014492754), (0.06818182, 0.014492754), (0.09090909, 0.014492754), (0.11363637, 0.014492754), (0.13636364, 0.014492754), (0.1590909, 0.014492754), (0.18181819, 0.014492754), (0.20454545, 0.014492754), (0.22727273, 0.014492754), (0.25, 0.014492754), (0.27272728, 0.014492754), (0.29545453, 0.014492754), (0.3181818, 0.014492754), (0.3409091, 0.014492754), (0.36363637, 0.014492754), (0.38636363, 0.014492754), (0.4090909, 0.014492754), (0.4318182, 0.014492754), (0.45454547, 0.014492754), (0.47727272, 0.014492754), (0.5, 0.014492754), (0.52272725, 0.014492754), (0.54545456, 0.014492754), (0.5681818, 0.014492754), (0.59090906, 0.014492754), (0.6136364, 0.014492754), (0.6363636, 0.014492754), (0.65909094, 0.014492754), (0.6818182, 0.014492754), (0.70454544, 0.014492754), (0.72727275, 0.014492754), (0.75, 0.014492754), (0.77272725, 0.014492754), (0.79545456, 0.014492754), (0.8181818, 0.014492754), (0.84090906, 0.014492754), (0.8636364, 0.014492754), (0.8863636, 0.014492754), (0.90909094, 0.014492754), (0.9318182, 0.014492754), (0.95454544, 0.014492754), (0.97727275, 0.014492754), (1, 0.014492754), (0, 0.028985508), (0.022727273, 0.028985508), (0.045454547, 0.028985508), (0.06818182, 0.028985508), (0.09090909, 0.028985508), (0.11363637, 0.028985508), (0.13636364, 0.028985508), (0.1590909, 0.028985508), (0.18181819, 0.028985508), (0.20454545, 0.028985508), (0.22727273, 0.028985508), (0.25, 0.028985508), (0.27272728, 0.028985508), (0.29545453, 0.028985508), (0.3181818, 0.028985508), (0.3409091, 0.028985508), (0.36363637, 0.028985508), (0.38636363, 0.028985508), (0.4090909, 0.028985508), (0.4318182, 0.028985508), (0.45454547, 0.028985508), (0.47727272, 0.028985508), (0.5, 0.028985508), (0.52272725, 0.028985508), (0.54545456, 0.028985508), (0.5681818, 0.028985508), (0.59090906, 0.028985508), (0.6136364, 0.028985508), (0.6363636, 0.028985508), (0.65909094, 0.028985508), (0.6818182, 0.028985508), (0.70454544, 0.028985508), (0.72727275, 0.028985508), (0.75, 0.028985508), (0.77272725, 0.028985508), (0.79545456, 0.028985508), (0.8181818, 0.028985508), (0.84090906, 0.028985508), (0.8636364, 0.028985508), (0.8863636, 0.028985508), (0.90909094, 0.028985508), (0.9318182, 0.028985508), (0.95454544, 0.028985508), (0.97727275, 0.028985508), (1, 0.028985508), (0, 0.04347826), (0.022727273, 0.04347826), (0.045454547, 0.04347826), (0.06818182, 0.04347826), (0.09090909, 0.04347826), (0.11363637, 0.04347826), (0.13636364, 0.04347826), (0.1590909, 0.04347826), (0.18181819, 0.04347826), (0.20454545, 0.04347826), (0.22727273, 0.04347826), (0.25, 0.04347826), (0.27272728, 0.04347826), (0.29545453, 0.04347826), (0.3181818, 0.04347826), (0.3409091, 0.04347826), (0.36363637, 0.04347826), (0.38636363, 0.04347826), (0.4090909, 0.04347826), (0.4318182, 0.04347826), (0.45454547, 0.04347826), (0.47727272, 0.04347826), (0.5, 0.04347826), (0.52272725, 0.04347826), (0.54545456, 0.04347826), (0.5681818, 0.04347826), (0.59090906, 0.04347826), (0.6136364, 0.04347826), (0.6363636, 0.04347826), (0.65909094, 0.04347826), (0.6818182, 0.04347826), (0.70454544, 0.04347826), (0.72727275, 0.04347826), (0.75, 0.04347826), (0.77272725, 0.04347826), (0.79545456, 0.04347826), (0.8181818, 0.04347826), (0.84090906, 0.04347826), (0.8636364, 0.04347826), (0.8863636, 0.04347826), (0.90909094, 0.04347826), (0.9318182, 0.04347826), (0.95454544, 0.04347826), (0.97727275, 0.04347826), (1, 0.04347826), (0, 0.057971016), (0.022727273, 0.057971016), (0.045454547, 0.057971016), (0.06818182, 0.057971016), (0.09090909, 0.057971016), (0.11363637, 0.057971016), (0.13636364, 0.057971016), (0.1590909, 0.057971016), (0.18181819, 0.057971016), (0.20454545, 0.057971016), (0.22727273, 0.057971016), (0.25, 0.057971016), (0.27272728, 0.057971016), (0.29545453, 0.057971016), (0.3181818, 0.057971016), (0.3409091, 0.057971016), (0.36363637, 0.057971016), (0.38636363, 0.057971016), (0.4090909, 0.057971016), (0.4318182, 0.057971016), (0.45454547, 0.057971016), (0.47727272, 0.057971016), (0.5, 0.057971016), (0.52272725, 0.057971016), (0.54545456, 0.057971016), (0.5681818, 0.057971016), (0.59090906, 0.057971016), (0.6136364, 0.057971016), (0.6363636, 0.057971016), (0.65909094, 0.057971016), (0.6818182, 0.057971016), (0.70454544, 0.057971016), (0.72727275, 0.057971016), (0.75, 0.057971016), (0.77272725, 0.057971016), (0.79545456, 0.057971016), (0.8181818, 0.057971016), (0.84090906, 0.057971016), (0.8636364, 0.057971016), (0.8863636, 0.057971016), (0.90909094, 0.057971016), (0.9318182, 0.057971016), (0.95454544, 0.057971016), (0.97727275, 0.057971016), (1, 0.057971016), (0, 0.072463766), (0.022727273, 0.072463766), (0.045454547, 0.072463766), (0.06818182, 0.072463766), (0.09090909, 0.072463766), (0.11363637, 0.072463766), (0.13636364, 0.072463766), (0.1590909, 0.072463766), (0.18181819, 0.072463766), (0.20454545, 0.072463766), (0.22727273, 0.072463766), (0.25, 0.072463766), (0.27272728, 0.072463766), (0.29545453, 0.072463766), (0.3181818, 0.072463766), (0.3409091, 0.072463766), (0.36363637, 0.072463766), (0.38636363, 0.072463766), (0.4090909, 0.072463766), (0.4318182, 0.072463766), (0.45454547, 0.072463766), (0.47727272, 0.072463766), (0.5, 0.072463766), (0.52272725, 0.072463766), (0.54545456, 0.072463766), (0.5681818, 0.072463766), (0.59090906, 0.072463766), (0.6136364, 0.072463766), (0.6363636, 0.072463766), (0.65909094, 0.072463766), (0.6818182, 0.072463766), (0.70454544, 0.072463766), (0.72727275, 0.072463766), (0.75, 0.072463766), (0.77272725, 0.072463766), (0.79545456, 0.072463766), (0.8181818, 0.072463766), (0.84090906, 0.072463766), (0.8636364, 0.072463766), (0.8863636, 0.072463766), (0.90909094, 0.072463766), (0.9318182, 0.072463766), (0.95454544, 0.072463766), (0.97727275, 0.072463766), (1, 0.072463766), (0, 0.08695652), (0.022727273, 0.08695652), (0.045454547, 0.08695652), (0.06818182, 0.08695652), (0.09090909, 0.08695652), (0.11363637, 0.08695652), (0.13636364, 0.08695652), (0.1590909, 0.08695652), (0.18181819, 0.08695652), (0.20454545, 0.08695652), (0.22727273, 0.08695652), (0.25, 0.08695652), (0.27272728, 0.08695652), (0.29545453, 0.08695652), (0.3181818, 0.08695652), (0.3409091, 0.08695652), (0.36363637, 0.08695652), (0.38636363, 0.08695652), (0.4090909, 0.08695652), (0.4318182, 0.08695652), (0.45454547, 0.08695652), (0.47727272, 0.08695652), (0.5, 0.08695652), (0.52272725, 0.08695652), (0.54545456, 0.08695652), (0.5681818, 0.08695652), (0.59090906, 0.08695652), (0.6136364, 0.08695652), (0.6363636, 0.08695652), (0.65909094, 0.08695652), (0.6818182, 0.08695652), (0.70454544, 0.08695652), (0.72727275, 0.08695652), (0.75, 0.08695652), (0.77272725, 0.08695652), (0.79545456, 0.08695652), (0.8181818, 0.08695652), (0.84090906, 0.08695652), (0.8636364, 0.08695652), (0.8863636, 0.08695652), (0.90909094, 0.08695652), (0.9318182, 0.08695652), (0.95454544, 0.08695652), (0.97727275, 0.08695652), (1, 0.08695652), (0, 0.10144927), (0.022727273, 0.10144927), (0.045454547, 0.10144927), (0.06818182, 0.10144927), (0.09090909, 0.10144927), (0.11363637, 0.10144927), (0.13636364, 0.10144927), (0.1590909, 0.10144927), (0.18181819, 0.10144927), (0.20454545, 0.10144927), (0.22727273, 0.10144927), (0.25, 0.10144927), (0.27272728, 0.10144927), (0.29545453, 0.10144927), (0.3181818, 0.10144927), (0.3409091, 0.10144927), (0.36363637, 0.10144927), (0.38636363, 0.10144927), (0.4090909, 0.10144927), (0.4318182, 0.10144927), (0.45454547, 0.10144927), (0.47727272, 0.10144927), (0.5, 0.10144927), (0.52272725, 0.10144927), (0.54545456, 0.10144927), (0.5681818, 0.10144927), (0.59090906, 0.10144927), (0.6136364, 0.10144927), (0.6363636, 0.10144927), (0.65909094, 0.10144927), (0.6818182, 0.10144927), (0.70454544, 0.10144927), (0.72727275, 0.10144927), (0.75, 0.10144927), (0.77272725, 0.10144927), (0.79545456, 0.10144927), (0.8181818, 0.10144927), (0.84090906, 0.10144927), (0.8636364, 0.10144927), (0.8863636, 0.10144927), (0.90909094, 0.10144927), (0.9318182, 0.10144927), (0.95454544, 0.10144927), (0.97727275, 0.10144927), (1, 0.10144927), (0, 0.11594203), (0.022727273, 0.11594203), (0.045454547, 0.11594203), (0.06818182, 0.11594203), (0.09090909, 0.11594203), (0.11363637, 0.11594203), (0.13636364, 0.11594203), (0.1590909, 0.11594203), (0.18181819, 0.11594203), (0.20454545, 0.11594203), (0.22727273, 0.11594203), (0.25, 0.11594203), (0.27272728, 0.11594203), (0.29545453, 0.11594203), (0.3181818, 0.11594203), (0.3409091, 0.11594203), (0.36363637, 0.11594203), (0.38636363, 0.11594203), (0.4090909, 0.11594203), (0.4318182, 0.11594203), (0.45454547, 0.11594203), (0.47727272, 0.11594203), (0.5, 0.11594203), (0.52272725, 0.11594203), (0.54545456, 0.11594203), (0.5681818, 0.11594203), (0.59090906, 0.11594203), (0.6136364, 0.11594203), (0.6363636, 0.11594203), (0.65909094, 0.11594203), (0.6818182, 0.11594203), (0.70454544, 0.11594203), (0.72727275, 0.11594203), (0.75, 0.11594203), (0.77272725, 0.11594203), (0.79545456, 0.11594203), (0.8181818, 0.11594203), (0.84090906, 0.11594203), (0.8636364, 0.11594203), (0.8863636, 0.11594203), (0.90909094, 0.11594203), (0.9318182, 0.11594203), (0.95454544, 0.11594203), (0.97727275, 0.11594203), (1, 0.11594203), (0, 0.13043478), (0.022727273, 0.13043478), (0.045454547, 0.13043478), (0.06818182, 0.13043478), (0.09090909, 0.13043478), (0.11363637, 0.13043478), (0.13636364, 0.13043478), (0.1590909, 0.13043478), (0.18181819, 0.13043478), (0.20454545, 0.13043478), (0.22727273, 0.13043478), (0.25, 0.13043478), (0.27272728, 0.13043478), (0.29545453, 0.13043478), (0.3181818, 0.13043478), (0.3409091, 0.13043478), (0.36363637, 0.13043478), (0.38636363, 0.13043478), (0.4090909, 0.13043478), (0.4318182, 0.13043478), (0.45454547, 0.13043478), (0.47727272, 0.13043478), (0.5, 0.13043478), (0.52272725, 0.13043478), (0.54545456, 0.13043478), (0.5681818, 0.13043478), (0.59090906, 0.13043478), (0.6136364, 0.13043478), (0.6363636, 0.13043478), (0.65909094, 0.13043478), (0.6818182, 0.13043478), (0.70454544, 0.13043478), (0.72727275, 0.13043478), (0.75, 0.13043478), (0.77272725, 0.13043478), (0.79545456, 0.13043478), (0.8181818, 0.13043478), (0.84090906, 0.13043478), (0.8636364, 0.13043478), (0.8863636, 0.13043478), (0.90909094, 0.13043478), (0.9318182, 0.13043478), (0.95454544, 0.13043478), (0.97727275, 0.13043478), (1, 0.13043478), (0, 0.14492753), (0.022727273, 0.14492753), (0.045454547, 0.14492753), (0.06818182, 0.14492753), (0.09090909, 0.14492753), (0.11363637, 0.14492753), (0.13636364, 0.14492753), (0.1590909, 0.14492753), (0.18181819, 0.14492753), (0.20454545, 0.14492753), (0.22727273, 0.14492753), (0.25, 0.14492753), (0.27272728, 0.14492753), (0.29545453, 0.14492753), (0.3181818, 0.14492753), (0.3409091, 0.14492753), (0.36363637, 0.14492753), (0.38636363, 0.14492753), (0.4090909, 0.14492753), (0.4318182, 0.14492753), (0.45454547, 0.14492753), (0.47727272, 0.14492753), (0.5, 0.14492753), (0.52272725, 0.14492753), (0.54545456, 0.14492753), (0.5681818, 0.14492753), (0.59090906, 0.14492753), (0.6136364, 0.14492753), (0.6363636, 0.14492753), (0.65909094, 0.14492753), (0.6818182, 0.14492753), (0.70454544, 0.14492753), (0.72727275, 0.14492753), (0.75, 0.14492753), (0.77272725, 0.14492753), (0.79545456, 0.14492753), (0.8181818, 0.14492753), (0.84090906, 0.14492753), (0.8636364, 0.14492753), (0.8863636, 0.14492753), (0.90909094, 0.14492753), (0.9318182, 0.14492753), (0.95454544, 0.14492753), (0.97727275, 0.14492753), (1, 0.14492753), (0, 0.1594203), (0.022727273, 0.1594203), (0.045454547, 0.1594203), (0.06818182, 0.1594203), (0.09090909, 0.1594203), (0.11363637, 0.1594203), (0.13636364, 0.1594203), (0.1590909, 0.1594203), (0.18181819, 0.1594203), (0.20454545, 0.1594203), (0.22727273, 0.1594203), (0.25, 0.1594203), (0.27272728, 0.1594203), (0.29545453, 0.1594203), (0.3181818, 0.1594203), (0.3409091, 0.1594203), (0.36363637, 0.1594203), (0.38636363, 0.1594203), (0.4090909, 0.1594203), (0.4318182, 0.1594203), (0.45454547, 0.1594203), (0.47727272, 0.1594203), (0.5, 0.1594203), (0.52272725, 0.1594203), (0.54545456, 0.1594203), (0.5681818, 0.1594203), (0.59090906, 0.1594203), (0.6136364, 0.1594203), (0.6363636, 0.1594203), (0.65909094, 0.1594203), (0.6818182, 0.1594203), (0.70454544, 0.1594203), (0.72727275, 0.1594203), (0.75, 0.1594203), (0.77272725, 0.1594203), (0.79545456, 0.1594203), (0.8181818, 0.1594203), (0.84090906, 0.1594203), (0.8636364, 0.1594203), (0.8863636, 0.1594203), (0.90909094, 0.1594203), (0.9318182, 0.1594203), (0.95454544, 0.1594203), (0.97727275, 0.1594203), (1, 0.1594203), (0, 0.17391305), (0.022727273, 0.17391305), (0.045454547, 0.17391305), (0.06818182, 0.17391305), (0.09090909, 0.17391305), (0.11363637, 0.17391305), (0.13636364, 0.17391305), (0.1590909, 0.17391305), (0.18181819, 0.17391305), (0.20454545, 0.17391305), (0.22727273, 0.17391305), (0.25, 0.17391305), (0.27272728, 0.17391305), (0.29545453, 0.17391305), (0.3181818, 0.17391305), (0.3409091, 0.17391305), (0.36363637, 0.17391305), (0.38636363, 0.17391305), (0.4090909, 0.17391305), (0.4318182, 0.17391305), (0.45454547, 0.17391305), (0.47727272, 0.17391305), (0.5, 0.17391305), (0.52272725, 0.17391305), (0.54545456, 0.17391305), (0.5681818, 0.17391305), (0.59090906, 0.17391305), (0.6136364, 0.17391305), (0.6363636, 0.17391305), (0.65909094, 0.17391305), (0.6818182, 0.17391305), (0.70454544, 0.17391305), (0.72727275, 0.17391305), (0.75, 0.17391305), (0.77272725, 0.17391305), (0.79545456, 0.17391305), (0.8181818, 0.17391305), (0.84090906, 0.17391305), (0.8636364, 0.17391305), (0.8863636, 0.17391305), (0.90909094, 0.17391305), (0.9318182, 0.17391305), (0.95454544, 0.17391305), (0.97727275, 0.17391305), (1, 0.17391305), (0, 0.1884058), (0.022727273, 0.1884058), (0.045454547, 0.1884058), (0.06818182, 0.1884058), (0.09090909, 0.1884058), (0.11363637, 0.1884058), (0.13636364, 0.1884058), (0.1590909, 0.1884058), (0.18181819, 0.1884058), (0.20454545, 0.1884058), (0.22727273, 0.1884058), (0.25, 0.1884058), (0.27272728, 0.1884058), (0.29545453, 0.1884058), (0.3181818, 0.1884058), (0.3409091, 0.1884058), (0.36363637, 0.1884058), (0.38636363, 0.1884058), (0.4090909, 0.1884058), (0.4318182, 0.1884058), (0.45454547, 0.1884058), (0.47727272, 0.1884058), (0.5, 0.1884058), (0.52272725, 0.1884058), (0.54545456, 0.1884058), (0.5681818, 0.1884058), (0.59090906, 0.1884058), (0.6136364, 0.1884058), (0.6363636, 0.1884058), (0.65909094, 0.1884058), (0.6818182, 0.1884058), (0.70454544, 0.1884058), (0.72727275, 0.1884058), (0.75, 0.1884058), (0.77272725, 0.1884058), (0.79545456, 0.1884058), (0.8181818, 0.1884058), (0.84090906, 0.1884058), (0.8636364, 0.1884058), (0.8863636, 0.1884058), (0.90909094, 0.1884058), (0.9318182, 0.1884058), (0.95454544, 0.1884058), (0.97727275, 0.1884058), (1, 0.1884058), (0, 0.20289855), (0.022727273, 0.20289855), (0.045454547, 0.20289855), (0.06818182, 0.20289855), (0.09090909, 0.20289855), (0.11363637, 0.20289855), (0.13636364, 0.20289855), (0.1590909, 0.20289855), (0.18181819, 0.20289855), (0.20454545, 0.20289855), (0.22727273, 0.20289855), (0.25, 0.20289855), (0.27272728, 0.20289855), (0.29545453, 0.20289855), (0.3181818, 0.20289855), (0.3409091, 0.20289855), (0.36363637, 0.20289855), (0.38636363, 0.20289855), (0.4090909, 0.20289855), (0.4318182, 0.20289855), (0.45454547, 0.20289855), (0.47727272, 0.20289855), (0.5, 0.20289855), (0.52272725, 0.20289855), (0.54545456, 0.20289855), (0.5681818, 0.20289855), (0.59090906, 0.20289855), (0.6136364, 0.20289855), (0.6363636, 0.20289855), (0.65909094, 0.20289855), (0.6818182, 0.20289855), (0.70454544, 0.20289855), (0.72727275, 0.20289855), (0.75, 0.20289855), (0.77272725, 0.20289855), (0.79545456, 0.20289855), (0.8181818, 0.20289855), (0.84090906, 0.20289855), (0.8636364, 0.20289855), (0.8863636, 0.20289855), (0.90909094, 0.20289855), (0.9318182, 0.20289855), (0.95454544, 0.20289855), (0.97727275, 0.20289855), (1, 0.20289855), (0, 0.2173913), (0.022727273, 0.2173913), (0.045454547, 0.2173913), (0.06818182, 0.2173913), (0.09090909, 0.2173913), (0.11363637, 0.2173913), (0.13636364, 0.2173913), (0.1590909, 0.2173913), (0.18181819, 0.2173913), (0.20454545, 0.2173913), (0.22727273, 0.2173913), (0.25, 0.2173913), (0.27272728, 0.2173913), (0.29545453, 0.2173913), (0.3181818, 0.2173913), (0.3409091, 0.2173913), (0.36363637, 0.2173913), (0.38636363, 0.2173913), (0.4090909, 0.2173913), (0.4318182, 0.2173913), (0.45454547, 0.2173913), (0.47727272, 0.2173913), (0.5, 0.2173913), (0.52272725, 0.2173913), (0.54545456, 0.2173913), (0.5681818, 0.2173913), (0.59090906, 0.2173913), (0.6136364, 0.2173913), (0.6363636, 0.2173913), (0.65909094, 0.2173913), (0.6818182, 0.2173913), (0.70454544, 0.2173913), (0.72727275, 0.2173913), (0.75, 0.2173913), (0.77272725, 0.2173913), (0.79545456, 0.2173913), (0.8181818, 0.2173913), (0.84090906, 0.2173913), (0.8636364, 0.2173913), (0.8863636, 0.2173913), (0.90909094, 0.2173913), (0.9318182, 0.2173913), (0.95454544, 0.2173913), (0.97727275, 0.2173913), (1, 0.2173913), (0, 0.23188406), (0.022727273, 0.23188406), (0.045454547, 0.23188406), (0.06818182, 0.23188406), (0.09090909, 0.23188406), (0.11363637, 0.23188406), (0.13636364, 0.23188406), (0.1590909, 0.23188406), (0.18181819, 0.23188406), (0.20454545, 0.23188406), (0.22727273, 0.23188406), (0.25, 0.23188406), (0.27272728, 0.23188406), (0.29545453, 0.23188406), (0.3181818, 0.23188406), (0.3409091, 0.23188406), (0.36363637, 0.23188406), (0.38636363, 0.23188406), (0.4090909, 0.23188406), (0.4318182, 0.23188406), (0.45454547, 0.23188406), (0.47727272, 0.23188406), (0.5, 0.23188406), (0.52272725, 0.23188406), (0.54545456, 0.23188406), (0.5681818, 0.23188406), (0.59090906, 0.23188406), (0.6136364, 0.23188406), (0.6363636, 0.23188406), (0.65909094, 0.23188406), (0.6818182, 0.23188406), (0.70454544, 0.23188406), (0.72727275, 0.23188406), (0.75, 0.23188406), (0.77272725, 0.23188406), (0.79545456, 0.23188406), (0.8181818, 0.23188406), (0.84090906, 0.23188406), (0.8636364, 0.23188406), (0.8863636, 0.23188406), (0.90909094, 0.23188406), (0.9318182, 0.23188406), (0.95454544, 0.23188406), (0.97727275, 0.23188406), (1, 0.23188406), (0, 0.24637681), (0.022727273, 0.24637681), (0.045454547, 0.24637681), (0.06818182, 0.24637681), (0.09090909, 0.24637681), (0.11363637, 0.24637681), (0.13636364, 0.24637681), (0.1590909, 0.24637681), (0.18181819, 0.24637681), (0.20454545, 0.24637681), (0.22727273, 0.24637681), (0.25, 0.24637681), (0.27272728, 0.24637681), (0.29545453, 0.24637681), (0.3181818, 0.24637681), (0.3409091, 0.24637681), (0.36363637, 0.24637681), (0.38636363, 0.24637681), (0.4090909, 0.24637681), (0.4318182, 0.24637681), (0.45454547, 0.24637681), (0.47727272, 0.24637681), (0.5, 0.24637681), (0.52272725, 0.24637681), (0.54545456, 0.24637681), (0.5681818, 0.24637681), (0.59090906, 0.24637681), (0.6136364, 0.24637681), (0.6363636, 0.24637681), (0.65909094, 0.24637681), (0.6818182, 0.24637681), (0.70454544, 0.24637681), (0.72727275, 0.24637681), (0.75, 0.24637681), (0.77272725, 0.24637681), (0.79545456, 0.24637681), (0.8181818, 0.24637681), (0.84090906, 0.24637681), (0.8636364, 0.24637681), (0.8863636, 0.24637681), (0.90909094, 0.24637681), (0.9318182, 0.24637681), (0.95454544, 0.24637681), (0.97727275, 0.24637681), (1, 0.24637681), (0, 0.26086956), (0.022727273, 0.26086956), (0.045454547, 0.26086956), (0.06818182, 0.26086956), (0.09090909, 0.26086956), (0.11363637, 0.26086956), (0.13636364, 0.26086956), (0.1590909, 0.26086956), (0.18181819, 0.26086956), (0.20454545, 0.26086956), (0.22727273, 0.26086956), (0.25, 0.26086956), (0.27272728, 0.26086956), (0.29545453, 0.26086956), (0.3181818, 0.26086956), (0.3409091, 0.26086956), (0.36363637, 0.26086956), (0.38636363, 0.26086956), (0.4090909, 0.26086956), (0.4318182, 0.26086956), (0.45454547, 0.26086956), (0.47727272, 0.26086956), (0.5, 0.26086956), (0.52272725, 0.26086956), (0.54545456, 0.26086956), (0.5681818, 0.26086956), (0.59090906, 0.26086956), (0.6136364, 0.26086956), (0.6363636, 0.26086956), (0.65909094, 0.26086956), (0.6818182, 0.26086956), (0.70454544, 0.26086956), (0.72727275, 0.26086956), (0.75, 0.26086956), (0.77272725, 0.26086956), (0.79545456, 0.26086956), (0.8181818, 0.26086956), (0.84090906, 0.26086956), (0.8636364, 0.26086956), (0.8863636, 0.26086956), (0.90909094, 0.26086956), (0.9318182, 0.26086956), (0.95454544, 0.26086956), (0.97727275, 0.26086956), (1, 0.26086956), (0, 0.2753623), (0.022727273, 0.2753623), (0.045454547, 0.2753623), (0.06818182, 0.2753623), (0.09090909, 0.2753623), (0.11363637, 0.2753623), (0.13636364, 0.2753623), (0.1590909, 0.2753623), (0.18181819, 0.2753623), (0.20454545, 0.2753623), (0.22727273, 0.2753623), (0.25, 0.2753623), (0.27272728, 0.2753623), (0.29545453, 0.2753623), (0.3181818, 0.2753623), (0.3409091, 0.2753623), (0.36363637, 0.2753623), (0.38636363, 0.2753623), (0.4090909, 0.2753623), (0.4318182, 0.2753623), (0.45454547, 0.2753623), (0.47727272, 0.2753623), (0.5, 0.2753623), (0.52272725, 0.2753623), (0.54545456, 0.2753623), (0.5681818, 0.2753623), (0.59090906, 0.2753623), (0.6136364, 0.2753623), (0.6363636, 0.2753623), (0.65909094, 0.2753623), (0.6818182, 0.2753623), (0.70454544, 0.2753623), (0.72727275, 0.2753623), (0.75, 0.2753623), (0.77272725, 0.2753623), (0.79545456, 0.2753623), (0.8181818, 0.2753623), (0.84090906, 0.2753623), (0.8636364, 0.2753623), (0.8863636, 0.2753623), (0.90909094, 0.2753623), (0.9318182, 0.2753623), (0.95454544, 0.2753623), (0.97727275, 0.2753623), (1, 0.2753623), (0, 0.28985506), (0.022727273, 0.28985506), (0.045454547, 0.28985506), (0.06818182, 0.28985506), (0.09090909, 0.28985506), (0.11363637, 0.28985506), (0.13636364, 0.28985506), (0.1590909, 0.28985506), (0.18181819, 0.28985506), (0.20454545, 0.28985506), (0.22727273, 0.28985506), (0.25, 0.28985506), (0.27272728, 0.28985506), (0.29545453, 0.28985506), (0.3181818, 0.28985506), (0.3409091, 0.28985506), (0.36363637, 0.28985506), (0.38636363, 0.28985506), (0.4090909, 0.28985506), (0.4318182, 0.28985506), (0.45454547, 0.28985506), (0.47727272, 0.28985506), (0.5, 0.28985506), (0.52272725, 0.28985506), (0.54545456, 0.28985506), (0.5681818, 0.28985506), (0.59090906, 0.28985506), (0.6136364, 0.28985506), (0.6363636, 0.28985506), (0.65909094, 0.28985506), (0.6818182, 0.28985506), (0.70454544, 0.28985506), (0.72727275, 0.28985506), (0.75, 0.28985506), (0.77272725, 0.28985506), (0.79545456, 0.28985506), (0.8181818, 0.28985506), (0.84090906, 0.28985506), (0.8636364, 0.28985506), (0.8863636, 0.28985506), (0.90909094, 0.28985506), (0.9318182, 0.28985506), (0.95454544, 0.28985506), (0.97727275, 0.28985506), (1, 0.28985506), (0, 0.3043478), (0.022727273, 0.3043478), (0.045454547, 0.3043478), (0.06818182, 0.3043478), (0.09090909, 0.3043478), (0.11363637, 0.3043478), (0.13636364, 0.3043478), (0.1590909, 0.3043478), (0.18181819, 0.3043478), (0.20454545, 0.3043478), (0.22727273, 0.3043478), (0.25, 0.3043478), (0.27272728, 0.3043478), (0.29545453, 0.3043478), (0.3181818, 0.3043478), (0.3409091, 0.3043478), (0.36363637, 0.3043478), (0.38636363, 0.3043478), (0.4090909, 0.3043478), (0.4318182, 0.3043478), (0.45454547, 0.3043478), (0.47727272, 0.3043478), (0.5, 0.3043478), (0.52272725, 0.3043478), (0.54545456, 0.3043478), (0.5681818, 0.3043478), (0.59090906, 0.3043478), (0.6136364, 0.3043478), (0.6363636, 0.3043478), (0.65909094, 0.3043478), (0.6818182, 0.3043478), (0.70454544, 0.3043478), (0.72727275, 0.3043478), (0.75, 0.3043478), (0.77272725, 0.3043478), (0.79545456, 0.3043478), (0.8181818, 0.3043478), (0.84090906, 0.3043478), (0.8636364, 0.3043478), (0.8863636, 0.3043478), (0.90909094, 0.3043478), (0.9318182, 0.3043478), (0.95454544, 0.3043478), (0.97727275, 0.3043478), (1, 0.3043478), (0, 0.3188406), (0.022727273, 0.3188406), (0.045454547, 0.3188406), (0.06818182, 0.3188406), (0.09090909, 0.3188406), (0.11363637, 0.3188406), (0.13636364, 0.3188406), (0.1590909, 0.3188406), (0.18181819, 0.3188406), (0.20454545, 0.3188406), (0.22727273, 0.3188406), (0.25, 0.3188406), (0.27272728, 0.3188406), (0.29545453, 0.3188406), (0.3181818, 0.3188406), (0.3409091, 0.3188406), (0.36363637, 0.3188406), (0.38636363, 0.3188406), (0.4090909, 0.3188406), (0.4318182, 0.3188406), (0.45454547, 0.3188406), (0.47727272, 0.3188406), (0.5, 0.3188406), (0.52272725, 0.3188406), (0.54545456, 0.3188406), (0.5681818, 0.3188406), (0.59090906, 0.3188406), (0.6136364, 0.3188406), (0.6363636, 0.3188406), (0.65909094, 0.3188406), (0.6818182, 0.3188406), (0.70454544, 0.3188406), (0.72727275, 0.3188406), (0.75, 0.3188406), (0.77272725, 0.3188406), (0.79545456, 0.3188406), (0.8181818, 0.3188406), (0.84090906, 0.3188406), (0.8636364, 0.3188406), (0.8863636, 0.3188406), (0.90909094, 0.3188406), (0.9318182, 0.3188406), (0.95454544, 0.3188406), (0.97727275, 0.3188406), (1, 0.3188406), (0, 0.33333334), (0.022727273, 0.33333334), (0.045454547, 0.33333334), (0.06818182, 0.33333334), (0.09090909, 0.33333334), (0.11363637, 0.33333334), (0.13636364, 0.33333334), (0.1590909, 0.33333334), (0.18181819, 0.33333334), (0.20454545, 0.33333334), (0.22727273, 0.33333334), (0.25, 0.33333334), (0.27272728, 0.33333334), (0.29545453, 0.33333334), (0.3181818, 0.33333334), (0.3409091, 0.33333334), (0.36363637, 0.33333334), (0.38636363, 0.33333334), (0.4090909, 0.33333334), (0.4318182, 0.33333334), (0.45454547, 0.33333334), (0.47727272, 0.33333334), (0.5, 0.33333334), (0.52272725, 0.33333334), (0.54545456, 0.33333334), (0.5681818, 0.33333334), (0.59090906, 0.33333334), (0.6136364, 0.33333334), (0.6363636, 0.33333334), (0.65909094, 0.33333334), (0.6818182, 0.33333334), (0.70454544, 0.33333334), (0.72727275, 0.33333334), (0.75, 0.33333334), (0.77272725, 0.33333334), (0.79545456, 0.33333334), (0.8181818, 0.33333334), (0.84090906, 0.33333334), (0.8636364, 0.33333334), (0.8863636, 0.33333334), (0.90909094, 0.33333334), (0.9318182, 0.33333334), (0.95454544, 0.33333334), (0.97727275, 0.33333334), (1, 0.33333334), (0, 0.3478261), (0.022727273, 0.3478261), (0.045454547, 0.3478261), (0.06818182, 0.3478261), (0.09090909, 0.3478261), (0.11363637, 0.3478261), (0.13636364, 0.3478261), (0.1590909, 0.3478261), (0.18181819, 0.3478261), (0.20454545, 0.3478261), (0.22727273, 0.3478261), (0.25, 0.3478261), (0.27272728, 0.3478261), (0.29545453, 0.3478261), (0.3181818, 0.3478261), (0.3409091, 0.3478261), (0.36363637, 0.3478261), (0.38636363, 0.3478261), (0.4090909, 0.3478261), (0.4318182, 0.3478261), (0.45454547, 0.3478261), (0.47727272, 0.3478261), (0.5, 0.3478261), (0.52272725, 0.3478261), (0.54545456, 0.3478261), (0.5681818, 0.3478261), (0.59090906, 0.3478261), (0.6136364, 0.3478261), (0.6363636, 0.3478261), (0.65909094, 0.3478261), (0.6818182, 0.3478261), (0.70454544, 0.3478261), (0.72727275, 0.3478261), (0.75, 0.3478261), (0.77272725, 0.3478261), (0.79545456, 0.3478261), (0.8181818, 0.3478261), (0.84090906, 0.3478261), (0.8636364, 0.3478261), (0.8863636, 0.3478261), (0.90909094, 0.3478261), (0.9318182, 0.3478261), (0.95454544, 0.3478261), (0.97727275, 0.3478261), (1, 0.3478261), (0, 0.36231884), (0.022727273, 0.36231884), (0.045454547, 0.36231884), (0.06818182, 0.36231884), (0.09090909, 0.36231884), (0.11363637, 0.36231884), (0.13636364, 0.36231884), (0.1590909, 0.36231884), (0.18181819, 0.36231884), (0.20454545, 0.36231884), (0.22727273, 0.36231884), (0.25, 0.36231884), (0.27272728, 0.36231884), (0.29545453, 0.36231884), (0.3181818, 0.36231884), (0.3409091, 0.36231884), (0.36363637, 0.36231884), (0.38636363, 0.36231884), (0.4090909, 0.36231884), (0.4318182, 0.36231884), (0.45454547, 0.36231884), (0.47727272, 0.36231884), (0.5, 0.36231884), (0.52272725, 0.36231884), (0.54545456, 0.36231884), (0.5681818, 0.36231884), (0.59090906, 0.36231884), (0.6136364, 0.36231884), (0.6363636, 0.36231884), (0.65909094, 0.36231884), (0.6818182, 0.36231884), (0.70454544, 0.36231884), (0.72727275, 0.36231884), (0.75, 0.36231884), (0.77272725, 0.36231884), (0.79545456, 0.36231884), (0.8181818, 0.36231884), (0.84090906, 0.36231884), (0.8636364, 0.36231884), (0.8863636, 0.36231884), (0.90909094, 0.36231884), (0.9318182, 0.36231884), (0.95454544, 0.36231884), (0.97727275, 0.36231884), (1, 0.36231884), (0, 0.3768116), (0.022727273, 0.3768116), (0.045454547, 0.3768116), (0.06818182, 0.3768116), (0.09090909, 0.3768116), (0.11363637, 0.3768116), (0.13636364, 0.3768116), (0.1590909, 0.3768116), (0.18181819, 0.3768116), (0.20454545, 0.3768116), (0.22727273, 0.3768116), (0.25, 0.3768116), (0.27272728, 0.3768116), (0.29545453, 0.3768116), (0.3181818, 0.3768116), (0.3409091, 0.3768116), (0.36363637, 0.3768116), (0.38636363, 0.3768116), (0.4090909, 0.3768116), (0.4318182, 0.3768116), (0.45454547, 0.3768116), (0.47727272, 0.3768116), (0.5, 0.3768116), (0.52272725, 0.3768116), (0.54545456, 0.3768116), (0.5681818, 0.3768116), (0.59090906, 0.3768116), (0.6136364, 0.3768116), (0.6363636, 0.3768116), (0.65909094, 0.3768116), (0.6818182, 0.3768116), (0.70454544, 0.3768116), (0.72727275, 0.3768116), (0.75, 0.3768116), (0.77272725, 0.3768116), (0.79545456, 0.3768116), (0.8181818, 0.3768116), (0.84090906, 0.3768116), (0.8636364, 0.3768116), (0.8863636, 0.3768116), (0.90909094, 0.3768116), (0.9318182, 0.3768116), (0.95454544, 0.3768116), (0.97727275, 0.3768116), (1, 0.3768116), (0, 0.39130434), (0.022727273, 0.39130434), (0.045454547, 0.39130434), (0.06818182, 0.39130434), (0.09090909, 0.39130434), (0.11363637, 0.39130434), (0.13636364, 0.39130434), (0.1590909, 0.39130434), (0.18181819, 0.39130434), (0.20454545, 0.39130434), (0.22727273, 0.39130434), (0.25, 0.39130434), (0.27272728, 0.39130434), (0.29545453, 0.39130434), (0.3181818, 0.39130434), (0.3409091, 0.39130434), (0.36363637, 0.39130434), (0.38636363, 0.39130434), (0.4090909, 0.39130434), (0.4318182, 0.39130434), (0.45454547, 0.39130434), (0.47727272, 0.39130434), (0.5, 0.39130434), (0.52272725, 0.39130434), (0.54545456, 0.39130434), (0.5681818, 0.39130434), (0.59090906, 0.39130434), (0.6136364, 0.39130434), (0.6363636, 0.39130434), (0.65909094, 0.39130434), (0.6818182, 0.39130434), (0.70454544, 0.39130434), (0.72727275, 0.39130434), (0.75, 0.39130434), (0.77272725, 0.39130434), (0.79545456, 0.39130434), (0.8181818, 0.39130434), (0.84090906, 0.39130434), (0.8636364, 0.39130434), (0.8863636, 0.39130434), (0.90909094, 0.39130434), (0.9318182, 0.39130434), (0.95454544, 0.39130434), (0.97727275, 0.39130434), (1, 0.39130434), (0, 0.4057971), (0.022727273, 0.4057971), (0.045454547, 0.4057971), (0.06818182, 0.4057971), (0.09090909, 0.4057971), (0.11363637, 0.4057971), (0.13636364, 0.4057971), (0.1590909, 0.4057971), (0.18181819, 0.4057971), (0.20454545, 0.4057971), (0.22727273, 0.4057971), (0.25, 0.4057971), (0.27272728, 0.4057971), (0.29545453, 0.4057971), (0.3181818, 0.4057971), (0.3409091, 0.4057971), (0.36363637, 0.4057971), (0.38636363, 0.4057971), (0.4090909, 0.4057971), (0.4318182, 0.4057971), (0.45454547, 0.4057971), (0.47727272, 0.4057971), (0.5, 0.4057971), (0.52272725, 0.4057971), (0.54545456, 0.4057971), (0.5681818, 0.4057971), (0.59090906, 0.4057971), (0.6136364, 0.4057971), (0.6363636, 0.4057971), (0.65909094, 0.4057971), (0.6818182, 0.4057971), (0.70454544, 0.4057971), (0.72727275, 0.4057971), (0.75, 0.4057971), (0.77272725, 0.4057971), (0.79545456, 0.4057971), (0.8181818, 0.4057971), (0.84090906, 0.4057971), (0.8636364, 0.4057971), (0.8863636, 0.4057971), (0.90909094, 0.4057971), (0.9318182, 0.4057971), (0.95454544, 0.4057971), (0.97727275, 0.4057971), (1, 0.4057971), (0, 0.42028984), (0.022727273, 0.42028984), (0.045454547, 0.42028984), (0.06818182, 0.42028984), (0.09090909, 0.42028984), (0.11363637, 0.42028984), (0.13636364, 0.42028984), (0.1590909, 0.42028984), (0.18181819, 0.42028984), (0.20454545, 0.42028984), (0.22727273, 0.42028984), (0.25, 0.42028984), (0.27272728, 0.42028984), (0.29545453, 0.42028984), (0.3181818, 0.42028984), (0.3409091, 0.42028984), (0.36363637, 0.42028984), (0.38636363, 0.42028984), (0.4090909, 0.42028984), (0.4318182, 0.42028984), (0.45454547, 0.42028984), (0.47727272, 0.42028984), (0.5, 0.42028984), (0.52272725, 0.42028984), (0.54545456, 0.42028984), (0.5681818, 0.42028984), (0.59090906, 0.42028984), (0.6136364, 0.42028984), (0.6363636, 0.42028984), (0.65909094, 0.42028984), (0.6818182, 0.42028984), (0.70454544, 0.42028984), (0.72727275, 0.42028984), (0.75, 0.42028984), (0.77272725, 0.42028984), (0.79545456, 0.42028984), (0.8181818, 0.42028984), (0.84090906, 0.42028984), (0.8636364, 0.42028984), (0.8863636, 0.42028984), (0.90909094, 0.42028984), (0.9318182, 0.42028984), (0.95454544, 0.42028984), (0.97727275, 0.42028984), (1, 0.42028984), (0, 0.4347826), (0.022727273, 0.4347826), (0.045454547, 0.4347826), (0.06818182, 0.4347826), (0.09090909, 0.4347826), (0.11363637, 0.4347826), (0.13636364, 0.4347826), (0.1590909, 0.4347826), (0.18181819, 0.4347826), (0.20454545, 0.4347826), (0.22727273, 0.4347826), (0.25, 0.4347826), (0.27272728, 0.4347826), (0.29545453, 0.4347826), (0.3181818, 0.4347826), (0.3409091, 0.4347826), (0.36363637, 0.4347826), (0.38636363, 0.4347826), (0.4090909, 0.4347826), (0.4318182, 0.4347826), (0.45454547, 0.4347826), (0.47727272, 0.4347826), (0.5, 0.4347826), (0.52272725, 0.4347826), (0.54545456, 0.4347826), (0.5681818, 0.4347826), (0.59090906, 0.4347826), (0.6136364, 0.4347826), (0.6363636, 0.4347826), (0.65909094, 0.4347826), (0.6818182, 0.4347826), (0.70454544, 0.4347826), (0.72727275, 0.4347826), (0.75, 0.4347826), (0.77272725, 0.4347826), (0.79545456, 0.4347826), (0.8181818, 0.4347826), (0.84090906, 0.4347826), (0.8636364, 0.4347826), (0.8863636, 0.4347826), (0.90909094, 0.4347826), (0.9318182, 0.4347826), (0.95454544, 0.4347826), (0.97727275, 0.4347826), (1, 0.4347826), (0, 0.44927537), (0.022727273, 0.44927537), (0.045454547, 0.44927537), (0.06818182, 0.44927537), (0.09090909, 0.44927537), (0.11363637, 0.44927537), (0.13636364, 0.44927537), (0.1590909, 0.44927537), (0.18181819, 0.44927537), (0.20454545, 0.44927537), (0.22727273, 0.44927537), (0.25, 0.44927537), (0.27272728, 0.44927537), (0.29545453, 0.44927537), (0.3181818, 0.44927537), (0.3409091, 0.44927537), (0.36363637, 0.44927537), (0.38636363, 0.44927537), (0.4090909, 0.44927537), (0.4318182, 0.44927537), (0.45454547, 0.44927537), (0.47727272, 0.44927537), (0.5, 0.44927537), (0.52272725, 0.44927537), (0.54545456, 0.44927537), (0.5681818, 0.44927537), (0.59090906, 0.44927537), (0.6136364, 0.44927537), (0.6363636, 0.44927537), (0.65909094, 0.44927537), (0.6818182, 0.44927537), (0.70454544, 0.44927537), (0.72727275, 0.44927537), (0.75, 0.44927537), (0.77272725, 0.44927537), (0.79545456, 0.44927537), (0.8181818, 0.44927537), (0.84090906, 0.44927537), (0.8636364, 0.44927537), (0.8863636, 0.44927537), (0.90909094, 0.44927537), (0.9318182, 0.44927537), (0.95454544, 0.44927537), (0.97727275, 0.44927537), (1, 0.44927537), (0, 0.46376812), (0.022727273, 0.46376812), (0.045454547, 0.46376812), (0.06818182, 0.46376812), (0.09090909, 0.46376812), (0.11363637, 0.46376812), (0.13636364, 0.46376812), (0.1590909, 0.46376812), (0.18181819, 0.46376812), (0.20454545, 0.46376812), (0.22727273, 0.46376812), (0.25, 0.46376812), (0.27272728, 0.46376812), (0.29545453, 0.46376812), (0.3181818, 0.46376812), (0.3409091, 0.46376812), (0.36363637, 0.46376812), (0.38636363, 0.46376812), (0.4090909, 0.46376812), (0.4318182, 0.46376812), (0.45454547, 0.46376812), (0.47727272, 0.46376812), (0.5, 0.46376812), (0.52272725, 0.46376812), (0.54545456, 0.46376812), (0.5681818, 0.46376812), (0.59090906, 0.46376812), (0.6136364, 0.46376812), (0.6363636, 0.46376812), (0.65909094, 0.46376812), (0.6818182, 0.46376812), (0.70454544, 0.46376812), (0.72727275, 0.46376812), (0.75, 0.46376812), (0.77272725, 0.46376812), (0.79545456, 0.46376812), (0.8181818, 0.46376812), (0.84090906, 0.46376812), (0.8636364, 0.46376812), (0.8863636, 0.46376812), (0.90909094, 0.46376812), (0.9318182, 0.46376812), (0.95454544, 0.46376812), (0.97727275, 0.46376812), (1, 0.46376812), (0, 0.47826087), (0.022727273, 0.47826087), (0.045454547, 0.47826087), (0.06818182, 0.47826087), (0.09090909, 0.47826087), (0.11363637, 0.47826087), (0.13636364, 0.47826087), (0.1590909, 0.47826087), (0.18181819, 0.47826087), (0.20454545, 0.47826087), (0.22727273, 0.47826087), (0.25, 0.47826087), (0.27272728, 0.47826087), (0.29545453, 0.47826087), (0.3181818, 0.47826087), (0.3409091, 0.47826087), (0.36363637, 0.47826087), (0.38636363, 0.47826087), (0.4090909, 0.47826087), (0.4318182, 0.47826087), (0.45454547, 0.47826087), (0.47727272, 0.47826087), (0.5, 0.47826087), (0.52272725, 0.47826087), (0.54545456, 0.47826087), (0.5681818, 0.47826087), (0.59090906, 0.47826087), (0.6136364, 0.47826087), (0.6363636, 0.47826087), (0.65909094, 0.47826087), (0.6818182, 0.47826087), (0.70454544, 0.47826087), (0.72727275, 0.47826087), (0.75, 0.47826087), (0.77272725, 0.47826087), (0.79545456, 0.47826087), (0.8181818, 0.47826087), (0.84090906, 0.47826087), (0.8636364, 0.47826087), (0.8863636, 0.47826087), (0.90909094, 0.47826087), (0.9318182, 0.47826087), (0.95454544, 0.47826087), (0.97727275, 0.47826087), (1, 0.47826087), (0, 0.49275362), (0.022727273, 0.49275362), (0.045454547, 0.49275362), (0.06818182, 0.49275362), (0.09090909, 0.49275362), (0.11363637, 0.49275362), (0.13636364, 0.49275362), (0.1590909, 0.49275362), (0.18181819, 0.49275362), (0.20454545, 0.49275362), (0.22727273, 0.49275362), (0.25, 0.49275362), (0.27272728, 0.49275362), (0.29545453, 0.49275362), (0.3181818, 0.49275362), (0.3409091, 0.49275362), (0.36363637, 0.49275362), (0.38636363, 0.49275362), (0.4090909, 0.49275362), (0.4318182, 0.49275362), (0.45454547, 0.49275362), (0.47727272, 0.49275362), (0.5, 0.49275362), (0.52272725, 0.49275362), (0.54545456, 0.49275362), (0.5681818, 0.49275362), (0.59090906, 0.49275362), (0.6136364, 0.49275362), (0.6363636, 0.49275362), (0.65909094, 0.49275362), (0.6818182, 0.49275362), (0.70454544, 0.49275362), (0.72727275, 0.49275362), (0.75, 0.49275362), (0.77272725, 0.49275362), (0.79545456, 0.49275362), (0.8181818, 0.49275362), (0.84090906, 0.49275362), (0.8636364, 0.49275362), (0.8863636, 0.49275362), (0.90909094, 0.49275362), (0.9318182, 0.49275362), (0.95454544, 0.49275362), (0.97727275, 0.49275362), (1, 0.49275362), (0, 0.5072464), (0.022727273, 0.5072464), (0.045454547, 0.5072464), (0.06818182, 0.5072464), (0.09090909, 0.5072464), (0.11363637, 0.5072464), (0.13636364, 0.5072464), (0.1590909, 0.5072464), (0.18181819, 0.5072464), (0.20454545, 0.5072464), (0.22727273, 0.5072464), (0.25, 0.5072464), (0.27272728, 0.5072464), (0.29545453, 0.5072464), (0.3181818, 0.5072464), (0.3409091, 0.5072464), (0.36363637, 0.5072464), (0.38636363, 0.5072464), (0.4090909, 0.5072464), (0.4318182, 0.5072464), (0.45454547, 0.5072464), (0.47727272, 0.5072464), (0.5, 0.5072464), (0.52272725, 0.5072464), (0.54545456, 0.5072464), (0.5681818, 0.5072464), (0.59090906, 0.5072464), (0.6136364, 0.5072464), (0.6363636, 0.5072464), (0.65909094, 0.5072464), (0.6818182, 0.5072464), (0.70454544, 0.5072464), (0.72727275, 0.5072464), (0.75, 0.5072464), (0.77272725, 0.5072464), (0.79545456, 0.5072464), (0.8181818, 0.5072464), (0.84090906, 0.5072464), (0.8636364, 0.5072464), (0.8863636, 0.5072464), (0.90909094, 0.5072464), (0.9318182, 0.5072464), (0.95454544, 0.5072464), (0.97727275, 0.5072464), (1, 0.5072464), (0, 0.5217391), (0.022727273, 0.5217391), (0.045454547, 0.5217391), (0.06818182, 0.5217391), (0.09090909, 0.5217391), (0.11363637, 0.5217391), (0.13636364, 0.5217391), (0.1590909, 0.5217391), (0.18181819, 0.5217391), (0.20454545, 0.5217391), (0.22727273, 0.5217391), (0.25, 0.5217391), (0.27272728, 0.5217391), (0.29545453, 0.5217391), (0.3181818, 0.5217391), (0.3409091, 0.5217391), (0.36363637, 0.5217391), (0.38636363, 0.5217391), (0.4090909, 0.5217391), (0.4318182, 0.5217391), (0.45454547, 0.5217391), (0.47727272, 0.5217391), (0.5, 0.5217391), (0.52272725, 0.5217391), (0.54545456, 0.5217391), (0.5681818, 0.5217391), (0.59090906, 0.5217391), (0.6136364, 0.5217391), (0.6363636, 0.5217391), (0.65909094, 0.5217391), (0.6818182, 0.5217391), (0.70454544, 0.5217391), (0.72727275, 0.5217391), (0.75, 0.5217391), (0.77272725, 0.5217391), (0.79545456, 0.5217391), (0.8181818, 0.5217391), (0.84090906, 0.5217391), (0.8636364, 0.5217391), (0.8863636, 0.5217391), (0.90909094, 0.5217391), (0.9318182, 0.5217391), (0.95454544, 0.5217391), (0.97727275, 0.5217391), (1, 0.5217391), (0, 0.5362319), (0.022727273, 0.5362319), (0.045454547, 0.5362319), (0.06818182, 0.5362319), (0.09090909, 0.5362319), (0.11363637, 0.5362319), (0.13636364, 0.5362319), (0.1590909, 0.5362319), (0.18181819, 0.5362319), (0.20454545, 0.5362319), (0.22727273, 0.5362319), (0.25, 0.5362319), (0.27272728, 0.5362319), (0.29545453, 0.5362319), (0.3181818, 0.5362319), (0.3409091, 0.5362319), (0.36363637, 0.5362319), (0.38636363, 0.5362319), (0.4090909, 0.5362319), (0.4318182, 0.5362319), (0.45454547, 0.5362319), (0.47727272, 0.5362319), (0.5, 0.5362319), (0.52272725, 0.5362319), (0.54545456, 0.5362319), (0.5681818, 0.5362319), (0.59090906, 0.5362319), (0.6136364, 0.5362319), (0.6363636, 0.5362319), (0.65909094, 0.5362319), (0.6818182, 0.5362319), (0.70454544, 0.5362319), (0.72727275, 0.5362319), (0.75, 0.5362319), (0.77272725, 0.5362319), (0.79545456, 0.5362319), (0.8181818, 0.5362319), (0.84090906, 0.5362319), (0.8636364, 0.5362319), (0.8863636, 0.5362319), (0.90909094, 0.5362319), (0.9318182, 0.5362319), (0.95454544, 0.5362319), (0.97727275, 0.5362319), (1, 0.5362319), (0, 0.5507246), (0.022727273, 0.5507246), (0.045454547, 0.5507246), (0.06818182, 0.5507246), (0.09090909, 0.5507246), (0.11363637, 0.5507246), (0.13636364, 0.5507246), (0.1590909, 0.5507246), (0.18181819, 0.5507246), (0.20454545, 0.5507246), (0.22727273, 0.5507246), (0.25, 0.5507246), (0.27272728, 0.5507246), (0.29545453, 0.5507246), (0.3181818, 0.5507246), (0.3409091, 0.5507246), (0.36363637, 0.5507246), (0.38636363, 0.5507246), (0.4090909, 0.5507246), (0.4318182, 0.5507246), (0.45454547, 0.5507246), (0.47727272, 0.5507246), (0.5, 0.5507246), (0.52272725, 0.5507246), (0.54545456, 0.5507246), (0.5681818, 0.5507246), (0.59090906, 0.5507246), (0.6136364, 0.5507246), (0.6363636, 0.5507246), (0.65909094, 0.5507246), (0.6818182, 0.5507246), (0.70454544, 0.5507246), (0.72727275, 0.5507246), (0.75, 0.5507246), (0.77272725, 0.5507246), (0.79545456, 0.5507246), (0.8181818, 0.5507246), (0.84090906, 0.5507246), (0.8636364, 0.5507246), (0.8863636, 0.5507246), (0.90909094, 0.5507246), (0.9318182, 0.5507246), (0.95454544, 0.5507246), (0.97727275, 0.5507246), (1, 0.5507246), (0, 0.5652174), (0.022727273, 0.5652174), (0.045454547, 0.5652174), (0.06818182, 0.5652174), (0.09090909, 0.5652174), (0.11363637, 0.5652174), (0.13636364, 0.5652174), (0.1590909, 0.5652174), (0.18181819, 0.5652174), (0.20454545, 0.5652174), (0.22727273, 0.5652174), (0.25, 0.5652174), (0.27272728, 0.5652174), (0.29545453, 0.5652174), (0.3181818, 0.5652174), (0.3409091, 0.5652174), (0.36363637, 0.5652174), (0.38636363, 0.5652174), (0.4090909, 0.5652174), (0.4318182, 0.5652174), (0.45454547, 0.5652174), (0.47727272, 0.5652174), (0.5, 0.5652174), (0.52272725, 0.5652174), (0.54545456, 0.5652174), (0.5681818, 0.5652174), (0.59090906, 0.5652174), (0.6136364, 0.5652174), (0.6363636, 0.5652174), (0.65909094, 0.5652174), (0.6818182, 0.5652174), (0.70454544, 0.5652174), (0.72727275, 0.5652174), (0.75, 0.5652174), (0.77272725, 0.5652174), (0.79545456, 0.5652174), (0.8181818, 0.5652174), (0.84090906, 0.5652174), (0.8636364, 0.5652174), (0.8863636, 0.5652174), (0.90909094, 0.5652174), (0.9318182, 0.5652174), (0.95454544, 0.5652174), (0.97727275, 0.5652174), (1, 0.5652174), (0, 0.5797101), (0.022727273, 0.5797101), (0.045454547, 0.5797101), (0.06818182, 0.5797101), (0.09090909, 0.5797101), (0.11363637, 0.5797101), (0.13636364, 0.5797101), (0.1590909, 0.5797101), (0.18181819, 0.5797101), (0.20454545, 0.5797101), (0.22727273, 0.5797101), (0.25, 0.5797101), (0.27272728, 0.5797101), (0.29545453, 0.5797101), (0.3181818, 0.5797101), (0.3409091, 0.5797101), (0.36363637, 0.5797101), (0.38636363, 0.5797101), (0.4090909, 0.5797101), (0.4318182, 0.5797101), (0.45454547, 0.5797101), (0.47727272, 0.5797101), (0.5, 0.5797101), (0.52272725, 0.5797101), (0.54545456, 0.5797101), (0.5681818, 0.5797101), (0.59090906, 0.5797101), (0.6136364, 0.5797101), (0.6363636, 0.5797101), (0.65909094, 0.5797101), (0.6818182, 0.5797101), (0.70454544, 0.5797101), (0.72727275, 0.5797101), (0.75, 0.5797101), (0.77272725, 0.5797101), (0.79545456, 0.5797101), (0.8181818, 0.5797101), (0.84090906, 0.5797101), (0.8636364, 0.5797101), (0.8863636, 0.5797101), (0.90909094, 0.5797101), (0.9318182, 0.5797101), (0.95454544, 0.5797101), (0.97727275, 0.5797101), (1, 0.5797101), (0, 0.5942029), (0.022727273, 0.5942029), (0.045454547, 0.5942029), (0.06818182, 0.5942029), (0.09090909, 0.5942029), (0.11363637, 0.5942029), (0.13636364, 0.5942029), (0.1590909, 0.5942029), (0.18181819, 0.5942029), (0.20454545, 0.5942029), (0.22727273, 0.5942029), (0.25, 0.5942029), (0.27272728, 0.5942029), (0.29545453, 0.5942029), (0.3181818, 0.5942029), (0.3409091, 0.5942029), (0.36363637, 0.5942029), (0.38636363, 0.5942029), (0.4090909, 0.5942029), (0.4318182, 0.5942029), (0.45454547, 0.5942029), (0.47727272, 0.5942029), (0.5, 0.5942029), (0.52272725, 0.5942029), (0.54545456, 0.5942029), (0.5681818, 0.5942029), (0.59090906, 0.5942029), (0.6136364, 0.5942029), (0.6363636, 0.5942029), (0.65909094, 0.5942029), (0.6818182, 0.5942029), (0.70454544, 0.5942029), (0.72727275, 0.5942029), (0.75, 0.5942029), (0.77272725, 0.5942029), (0.79545456, 0.5942029), (0.8181818, 0.5942029), (0.84090906, 0.5942029), (0.8636364, 0.5942029), (0.8863636, 0.5942029), (0.90909094, 0.5942029), (0.9318182, 0.5942029), (0.95454544, 0.5942029), (0.97727275, 0.5942029), (1, 0.5942029), (0, 0.6086956), (0.022727273, 0.6086956), (0.045454547, 0.6086956), (0.06818182, 0.6086956), (0.09090909, 0.6086956), (0.11363637, 0.6086956), (0.13636364, 0.6086956), (0.1590909, 0.6086956), (0.18181819, 0.6086956), (0.20454545, 0.6086956), (0.22727273, 0.6086956), (0.25, 0.6086956), (0.27272728, 0.6086956), (0.29545453, 0.6086956), (0.3181818, 0.6086956), (0.3409091, 0.6086956), (0.36363637, 0.6086956), (0.38636363, 0.6086956), (0.4090909, 0.6086956), (0.4318182, 0.6086956), (0.45454547, 0.6086956), (0.47727272, 0.6086956), (0.5, 0.6086956), (0.52272725, 0.6086956), (0.54545456, 0.6086956), (0.5681818, 0.6086956), (0.59090906, 0.6086956), (0.6136364, 0.6086956), (0.6363636, 0.6086956), (0.65909094, 0.6086956), (0.6818182, 0.6086956), (0.70454544, 0.6086956), (0.72727275, 0.6086956), (0.75, 0.6086956), (0.77272725, 0.6086956), (0.79545456, 0.6086956), (0.8181818, 0.6086956), (0.84090906, 0.6086956), (0.8636364, 0.6086956), (0.8863636, 0.6086956), (0.90909094, 0.6086956), (0.9318182, 0.6086956), (0.95454544, 0.6086956), (0.97727275, 0.6086956), (1, 0.6086956), (0, 0.6231884), (0.022727273, 0.6231884), (0.045454547, 0.6231884), (0.06818182, 0.6231884), (0.09090909, 0.6231884), (0.11363637, 0.6231884), (0.13636364, 0.6231884), (0.1590909, 0.6231884), (0.18181819, 0.6231884), (0.20454545, 0.6231884), (0.22727273, 0.6231884), (0.25, 0.6231884), (0.27272728, 0.6231884), (0.29545453, 0.6231884), (0.3181818, 0.6231884), (0.3409091, 0.6231884), (0.36363637, 0.6231884), (0.38636363, 0.6231884), (0.4090909, 0.6231884), (0.4318182, 0.6231884), (0.45454547, 0.6231884), (0.47727272, 0.6231884), (0.5, 0.6231884), (0.52272725, 0.6231884), (0.54545456, 0.6231884), (0.5681818, 0.6231884), (0.59090906, 0.6231884), (0.6136364, 0.6231884), (0.6363636, 0.6231884), (0.65909094, 0.6231884), (0.6818182, 0.6231884), (0.70454544, 0.6231884), (0.72727275, 0.6231884), (0.75, 0.6231884), (0.77272725, 0.6231884), (0.79545456, 0.6231884), (0.8181818, 0.6231884), (0.84090906, 0.6231884), (0.8636364, 0.6231884), (0.8863636, 0.6231884), (0.90909094, 0.6231884), (0.9318182, 0.6231884), (0.95454544, 0.6231884), (0.97727275, 0.6231884), (1, 0.6231884), (0, 0.6376812), (0.022727273, 0.6376812), (0.045454547, 0.6376812), (0.06818182, 0.6376812), (0.09090909, 0.6376812), (0.11363637, 0.6376812), (0.13636364, 0.6376812), (0.1590909, 0.6376812), (0.18181819, 0.6376812), (0.20454545, 0.6376812), (0.22727273, 0.6376812), (0.25, 0.6376812), (0.27272728, 0.6376812), (0.29545453, 0.6376812), (0.3181818, 0.6376812), (0.3409091, 0.6376812), (0.36363637, 0.6376812), (0.38636363, 0.6376812), (0.4090909, 0.6376812), (0.4318182, 0.6376812), (0.45454547, 0.6376812), (0.47727272, 0.6376812), (0.5, 0.6376812), (0.52272725, 0.6376812), (0.54545456, 0.6376812), (0.5681818, 0.6376812), (0.59090906, 0.6376812), (0.6136364, 0.6376812), (0.6363636, 0.6376812), (0.65909094, 0.6376812), (0.6818182, 0.6376812), (0.70454544, 0.6376812), (0.72727275, 0.6376812), (0.75, 0.6376812), (0.77272725, 0.6376812), (0.79545456, 0.6376812), (0.8181818, 0.6376812), (0.84090906, 0.6376812), (0.8636364, 0.6376812), (0.8863636, 0.6376812), (0.90909094, 0.6376812), (0.9318182, 0.6376812), (0.95454544, 0.6376812), (0.97727275, 0.6376812), (1, 0.6376812), (0, 0.65217394), (0.022727273, 0.65217394), (0.045454547, 0.65217394), (0.06818182, 0.65217394), (0.09090909, 0.65217394), (0.11363637, 0.65217394), (0.13636364, 0.65217394), (0.1590909, 0.65217394), (0.18181819, 0.65217394), (0.20454545, 0.65217394), (0.22727273, 0.65217394), (0.25, 0.65217394), (0.27272728, 0.65217394), (0.29545453, 0.65217394), (0.3181818, 0.65217394), (0.3409091, 0.65217394), (0.36363637, 0.65217394), (0.38636363, 0.65217394), (0.4090909, 0.65217394), (0.4318182, 0.65217394), (0.45454547, 0.65217394), (0.47727272, 0.65217394), (0.5, 0.65217394), (0.52272725, 0.65217394), (0.54545456, 0.65217394), (0.5681818, 0.65217394), (0.59090906, 0.65217394), (0.6136364, 0.65217394), (0.6363636, 0.65217394), (0.65909094, 0.65217394), (0.6818182, 0.65217394), (0.70454544, 0.65217394), (0.72727275, 0.65217394), (0.75, 0.65217394), (0.77272725, 0.65217394), (0.79545456, 0.65217394), (0.8181818, 0.65217394), (0.84090906, 0.65217394), (0.8636364, 0.65217394), (0.8863636, 0.65217394), (0.90909094, 0.65217394), (0.9318182, 0.65217394), (0.95454544, 0.65217394), (0.97727275, 0.65217394), (1, 0.65217394), (0, 0.6666667), (0.022727273, 0.6666667), (0.045454547, 0.6666667), (0.06818182, 0.6666667), (0.09090909, 0.6666667), (0.11363637, 0.6666667), (0.13636364, 0.6666667), (0.1590909, 0.6666667), (0.18181819, 0.6666667), (0.20454545, 0.6666667), (0.22727273, 0.6666667), (0.25, 0.6666667), (0.27272728, 0.6666667), (0.29545453, 0.6666667), (0.3181818, 0.6666667), (0.3409091, 0.6666667), (0.36363637, 0.6666667), (0.38636363, 0.6666667), (0.4090909, 0.6666667), (0.4318182, 0.6666667), (0.45454547, 0.6666667), (0.47727272, 0.6666667), (0.5, 0.6666667), (0.52272725, 0.6666667), (0.54545456, 0.6666667), (0.5681818, 0.6666667), (0.59090906, 0.6666667), (0.6136364, 0.6666667), (0.6363636, 0.6666667), (0.65909094, 0.6666667), (0.6818182, 0.6666667), (0.70454544, 0.6666667), (0.72727275, 0.6666667), (0.75, 0.6666667), (0.77272725, 0.6666667), (0.79545456, 0.6666667), (0.8181818, 0.6666667), (0.84090906, 0.6666667), (0.8636364, 0.6666667), (0.8863636, 0.6666667), (0.90909094, 0.6666667), (0.9318182, 0.6666667), (0.95454544, 0.6666667), (0.97727275, 0.6666667), (1, 0.6666667), (0, 0.68115944), (0.022727273, 0.68115944), (0.045454547, 0.68115944), (0.06818182, 0.68115944), (0.09090909, 0.68115944), (0.11363637, 0.68115944), (0.13636364, 0.68115944), (0.1590909, 0.68115944), (0.18181819, 0.68115944), (0.20454545, 0.68115944), (0.22727273, 0.68115944), (0.25, 0.68115944), (0.27272728, 0.68115944), (0.29545453, 0.68115944), (0.3181818, 0.68115944), (0.3409091, 0.68115944), (0.36363637, 0.68115944), (0.38636363, 0.68115944), (0.4090909, 0.68115944), (0.4318182, 0.68115944), (0.45454547, 0.68115944), (0.47727272, 0.68115944), (0.5, 0.68115944), (0.52272725, 0.68115944), (0.54545456, 0.68115944), (0.5681818, 0.68115944), (0.59090906, 0.68115944), (0.6136364, 0.68115944), (0.6363636, 0.68115944), (0.65909094, 0.68115944), (0.6818182, 0.68115944), (0.70454544, 0.68115944), (0.72727275, 0.68115944), (0.75, 0.68115944), (0.77272725, 0.68115944), (0.79545456, 0.68115944), (0.8181818, 0.68115944), (0.84090906, 0.68115944), (0.8636364, 0.68115944), (0.8863636, 0.68115944), (0.90909094, 0.68115944), (0.9318182, 0.68115944), (0.95454544, 0.68115944), (0.97727275, 0.68115944), (1, 0.68115944), (0, 0.6956522), (0.022727273, 0.6956522), (0.045454547, 0.6956522), (0.06818182, 0.6956522), (0.09090909, 0.6956522), (0.11363637, 0.6956522), (0.13636364, 0.6956522), (0.1590909, 0.6956522), (0.18181819, 0.6956522), (0.20454545, 0.6956522), (0.22727273, 0.6956522), (0.25, 0.6956522), (0.27272728, 0.6956522), (0.29545453, 0.6956522), (0.3181818, 0.6956522), (0.3409091, 0.6956522), (0.36363637, 0.6956522), (0.38636363, 0.6956522), (0.4090909, 0.6956522), (0.4318182, 0.6956522), (0.45454547, 0.6956522), (0.47727272, 0.6956522), (0.5, 0.6956522), (0.52272725, 0.6956522), (0.54545456, 0.6956522), (0.5681818, 0.6956522), (0.59090906, 0.6956522), (0.6136364, 0.6956522), (0.6363636, 0.6956522), (0.65909094, 0.6956522), (0.6818182, 0.6956522), (0.70454544, 0.6956522), (0.72727275, 0.6956522), (0.75, 0.6956522), (0.77272725, 0.6956522), (0.79545456, 0.6956522), (0.8181818, 0.6956522), (0.84090906, 0.6956522), (0.8636364, 0.6956522), (0.8863636, 0.6956522), (0.90909094, 0.6956522), (0.9318182, 0.6956522), (0.95454544, 0.6956522), (0.97727275, 0.6956522), (1, 0.6956522), (0, 0.71014494), (0.022727273, 0.71014494), (0.045454547, 0.71014494), (0.06818182, 0.71014494), (0.09090909, 0.71014494), (0.11363637, 0.71014494), (0.13636364, 0.71014494), (0.1590909, 0.71014494), (0.18181819, 0.71014494), (0.20454545, 0.71014494), (0.22727273, 0.71014494), (0.25, 0.71014494), (0.27272728, 0.71014494), (0.29545453, 0.71014494), (0.3181818, 0.71014494), (0.3409091, 0.71014494), (0.36363637, 0.71014494), (0.38636363, 0.71014494), (0.4090909, 0.71014494), (0.4318182, 0.71014494), (0.45454547, 0.71014494), (0.47727272, 0.71014494), (0.5, 0.71014494), (0.52272725, 0.71014494), (0.54545456, 0.71014494), (0.5681818, 0.71014494), (0.59090906, 0.71014494), (0.6136364, 0.71014494), (0.6363636, 0.71014494), (0.65909094, 0.71014494), (0.6818182, 0.71014494), (0.70454544, 0.71014494), (0.72727275, 0.71014494), (0.75, 0.71014494), (0.77272725, 0.71014494), (0.79545456, 0.71014494), (0.8181818, 0.71014494), (0.84090906, 0.71014494), (0.8636364, 0.71014494), (0.8863636, 0.71014494), (0.90909094, 0.71014494), (0.9318182, 0.71014494), (0.95454544, 0.71014494), (0.97727275, 0.71014494), (1, 0.71014494), (0, 0.7246377), (0.022727273, 0.7246377), (0.045454547, 0.7246377), (0.06818182, 0.7246377), (0.09090909, 0.7246377), (0.11363637, 0.7246377), (0.13636364, 0.7246377), (0.1590909, 0.7246377), (0.18181819, 0.7246377), (0.20454545, 0.7246377), (0.22727273, 0.7246377), (0.25, 0.7246377), (0.27272728, 0.7246377), (0.29545453, 0.7246377), (0.3181818, 0.7246377), (0.3409091, 0.7246377), (0.36363637, 0.7246377), (0.38636363, 0.7246377), (0.4090909, 0.7246377), (0.4318182, 0.7246377), (0.45454547, 0.7246377), (0.47727272, 0.7246377), (0.5, 0.7246377), (0.52272725, 0.7246377), (0.54545456, 0.7246377), (0.5681818, 0.7246377), (0.59090906, 0.7246377), (0.6136364, 0.7246377), (0.6363636, 0.7246377), (0.65909094, 0.7246377), (0.6818182, 0.7246377), (0.70454544, 0.7246377), (0.72727275, 0.7246377), (0.75, 0.7246377), (0.77272725, 0.7246377), (0.79545456, 0.7246377), (0.8181818, 0.7246377), (0.84090906, 0.7246377), (0.8636364, 0.7246377), (0.8863636, 0.7246377), (0.90909094, 0.7246377), (0.9318182, 0.7246377), (0.95454544, 0.7246377), (0.97727275, 0.7246377), (1, 0.7246377), (0, 0.73913044), (0.022727273, 0.73913044), (0.045454547, 0.73913044), (0.06818182, 0.73913044), (0.09090909, 0.73913044), (0.11363637, 0.73913044), (0.13636364, 0.73913044), (0.1590909, 0.73913044), (0.18181819, 0.73913044), (0.20454545, 0.73913044), (0.22727273, 0.73913044), (0.25, 0.73913044), (0.27272728, 0.73913044), (0.29545453, 0.73913044), (0.3181818, 0.73913044), (0.3409091, 0.73913044), (0.36363637, 0.73913044), (0.38636363, 0.73913044), (0.4090909, 0.73913044), (0.4318182, 0.73913044), (0.45454547, 0.73913044), (0.47727272, 0.73913044), (0.5, 0.73913044), (0.52272725, 0.73913044), (0.54545456, 0.73913044), (0.5681818, 0.73913044), (0.59090906, 0.73913044), (0.6136364, 0.73913044), (0.6363636, 0.73913044), (0.65909094, 0.73913044), (0.6818182, 0.73913044), (0.70454544, 0.73913044), (0.72727275, 0.73913044), (0.75, 0.73913044), (0.77272725, 0.73913044), (0.79545456, 0.73913044), (0.8181818, 0.73913044), (0.84090906, 0.73913044), (0.8636364, 0.73913044), (0.8863636, 0.73913044), (0.90909094, 0.73913044), (0.9318182, 0.73913044), (0.95454544, 0.73913044), (0.97727275, 0.73913044), (1, 0.73913044), (0, 0.7536232), (0.022727273, 0.7536232), (0.045454547, 0.7536232), (0.06818182, 0.7536232), (0.09090909, 0.7536232), (0.11363637, 0.7536232), (0.13636364, 0.7536232), (0.1590909, 0.7536232), (0.18181819, 0.7536232), (0.20454545, 0.7536232), (0.22727273, 0.7536232), (0.25, 0.7536232), (0.27272728, 0.7536232), (0.29545453, 0.7536232), (0.3181818, 0.7536232), (0.3409091, 0.7536232), (0.36363637, 0.7536232), (0.38636363, 0.7536232), (0.4090909, 0.7536232), (0.4318182, 0.7536232), (0.45454547, 0.7536232), (0.47727272, 0.7536232), (0.5, 0.7536232), (0.52272725, 0.7536232), (0.54545456, 0.7536232), (0.5681818, 0.7536232), (0.59090906, 0.7536232), (0.6136364, 0.7536232), (0.6363636, 0.7536232), (0.65909094, 0.7536232), (0.6818182, 0.7536232), (0.70454544, 0.7536232), (0.72727275, 0.7536232), (0.75, 0.7536232), (0.77272725, 0.7536232), (0.79545456, 0.7536232), (0.8181818, 0.7536232), (0.84090906, 0.7536232), (0.8636364, 0.7536232), (0.8863636, 0.7536232), (0.90909094, 0.7536232), (0.9318182, 0.7536232), (0.95454544, 0.7536232), (0.97727275, 0.7536232), (1, 0.7536232), (0, 0.76811594), (0.022727273, 0.76811594), (0.045454547, 0.76811594), (0.06818182, 0.76811594), (0.09090909, 0.76811594), (0.11363637, 0.76811594), (0.13636364, 0.76811594), (0.1590909, 0.76811594), (0.18181819, 0.76811594), (0.20454545, 0.76811594), (0.22727273, 0.76811594), (0.25, 0.76811594), (0.27272728, 0.76811594), (0.29545453, 0.76811594), (0.3181818, 0.76811594), (0.3409091, 0.76811594), (0.36363637, 0.76811594), (0.38636363, 0.76811594), (0.4090909, 0.76811594), (0.4318182, 0.76811594), (0.45454547, 0.76811594), (0.47727272, 0.76811594), (0.5, 0.76811594), (0.52272725, 0.76811594), (0.54545456, 0.76811594), (0.5681818, 0.76811594), (0.59090906, 0.76811594), (0.6136364, 0.76811594), (0.6363636, 0.76811594), (0.65909094, 0.76811594), (0.6818182, 0.76811594), (0.70454544, 0.76811594), (0.72727275, 0.76811594), (0.75, 0.76811594), (0.77272725, 0.76811594), (0.79545456, 0.76811594), (0.8181818, 0.76811594), (0.84090906, 0.76811594), (0.8636364, 0.76811594), (0.8863636, 0.76811594), (0.90909094, 0.76811594), (0.9318182, 0.76811594), (0.95454544, 0.76811594), (0.97727275, 0.76811594), (1, 0.76811594), (0, 0.7826087), (0.022727273, 0.7826087), (0.045454547, 0.7826087), (0.06818182, 0.7826087), (0.09090909, 0.7826087), (0.11363637, 0.7826087), (0.13636364, 0.7826087), (0.1590909, 0.7826087), (0.18181819, 0.7826087), (0.20454545, 0.7826087), (0.22727273, 0.7826087), (0.25, 0.7826087), (0.27272728, 0.7826087), (0.29545453, 0.7826087), (0.3181818, 0.7826087), (0.3409091, 0.7826087), (0.36363637, 0.7826087), (0.38636363, 0.7826087), (0.4090909, 0.7826087), (0.4318182, 0.7826087), (0.45454547, 0.7826087), (0.47727272, 0.7826087), (0.5, 0.7826087), (0.52272725, 0.7826087), (0.54545456, 0.7826087), (0.5681818, 0.7826087), (0.59090906, 0.7826087), (0.6136364, 0.7826087), (0.6363636, 0.7826087), (0.65909094, 0.7826087), (0.6818182, 0.7826087), (0.70454544, 0.7826087), (0.72727275, 0.7826087), (0.75, 0.7826087), (0.77272725, 0.7826087), (0.79545456, 0.7826087), (0.8181818, 0.7826087), (0.84090906, 0.7826087), (0.8636364, 0.7826087), (0.8863636, 0.7826087), (0.90909094, 0.7826087), (0.9318182, 0.7826087), (0.95454544, 0.7826087), (0.97727275, 0.7826087), (1, 0.7826087), (0, 0.79710144), (0.022727273, 0.79710144), (0.045454547, 0.79710144), (0.06818182, 0.79710144), (0.09090909, 0.79710144), (0.11363637, 0.79710144), (0.13636364, 0.79710144), (0.1590909, 0.79710144), (0.18181819, 0.79710144), (0.20454545, 0.79710144), (0.22727273, 0.79710144), (0.25, 0.79710144), (0.27272728, 0.79710144), (0.29545453, 0.79710144), (0.3181818, 0.79710144), (0.3409091, 0.79710144), (0.36363637, 0.79710144), (0.38636363, 0.79710144), (0.4090909, 0.79710144), (0.4318182, 0.79710144), (0.45454547, 0.79710144), (0.47727272, 0.79710144), (0.5, 0.79710144), (0.52272725, 0.79710144), (0.54545456, 0.79710144), (0.5681818, 0.79710144), (0.59090906, 0.79710144), (0.6136364, 0.79710144), (0.6363636, 0.79710144), (0.65909094, 0.79710144), (0.6818182, 0.79710144), (0.70454544, 0.79710144), (0.72727275, 0.79710144), (0.75, 0.79710144), (0.77272725, 0.79710144), (0.79545456, 0.79710144), (0.8181818, 0.79710144), (0.84090906, 0.79710144), (0.8636364, 0.79710144), (0.8863636, 0.79710144), (0.90909094, 0.79710144), (0.9318182, 0.79710144), (0.95454544, 0.79710144), (0.97727275, 0.79710144), (1, 0.79710144), (0, 0.8115942), (0.022727273, 0.8115942), (0.045454547, 0.8115942), (0.06818182, 0.8115942), (0.09090909, 0.8115942), (0.11363637, 0.8115942), (0.13636364, 0.8115942), (0.1590909, 0.8115942), (0.18181819, 0.8115942), (0.20454545, 0.8115942), (0.22727273, 0.8115942), (0.25, 0.8115942), (0.27272728, 0.8115942), (0.29545453, 0.8115942), (0.3181818, 0.8115942), (0.3409091, 0.8115942), (0.36363637, 0.8115942), (0.38636363, 0.8115942), (0.4090909, 0.8115942), (0.4318182, 0.8115942), (0.45454547, 0.8115942), (0.47727272, 0.8115942), (0.5, 0.8115942), (0.52272725, 0.8115942), (0.54545456, 0.8115942), (0.5681818, 0.8115942), (0.59090906, 0.8115942), (0.6136364, 0.8115942), (0.6363636, 0.8115942), (0.65909094, 0.8115942), (0.6818182, 0.8115942), (0.70454544, 0.8115942), (0.72727275, 0.8115942), (0.75, 0.8115942), (0.77272725, 0.8115942), (0.79545456, 0.8115942), (0.8181818, 0.8115942), (0.84090906, 0.8115942), (0.8636364, 0.8115942), (0.8863636, 0.8115942), (0.90909094, 0.8115942), (0.9318182, 0.8115942), (0.95454544, 0.8115942), (0.97727275, 0.8115942), (1, 0.8115942), (0, 0.82608694), (0.022727273, 0.82608694), (0.045454547, 0.82608694), (0.06818182, 0.82608694), (0.09090909, 0.82608694), (0.11363637, 0.82608694), (0.13636364, 0.82608694), (0.1590909, 0.82608694), (0.18181819, 0.82608694), (0.20454545, 0.82608694), (0.22727273, 0.82608694), (0.25, 0.82608694), (0.27272728, 0.82608694), (0.29545453, 0.82608694), (0.3181818, 0.82608694), (0.3409091, 0.82608694), (0.36363637, 0.82608694), (0.38636363, 0.82608694), (0.4090909, 0.82608694), (0.4318182, 0.82608694), (0.45454547, 0.82608694), (0.47727272, 0.82608694), (0.5, 0.82608694), (0.52272725, 0.82608694), (0.54545456, 0.82608694), (0.5681818, 0.82608694), (0.59090906, 0.82608694), (0.6136364, 0.82608694), (0.6363636, 0.82608694), (0.65909094, 0.82608694), (0.6818182, 0.82608694), (0.70454544, 0.82608694), (0.72727275, 0.82608694), (0.75, 0.82608694), (0.77272725, 0.82608694), (0.79545456, 0.82608694), (0.8181818, 0.82608694), (0.84090906, 0.82608694), (0.8636364, 0.82608694), (0.8863636, 0.82608694), (0.90909094, 0.82608694), (0.9318182, 0.82608694), (0.95454544, 0.82608694), (0.97727275, 0.82608694), (1, 0.82608694), (0, 0.8405797), (0.022727273, 0.8405797), (0.045454547, 0.8405797), (0.06818182, 0.8405797), (0.09090909, 0.8405797), (0.11363637, 0.8405797), (0.13636364, 0.8405797), (0.1590909, 0.8405797), (0.18181819, 0.8405797), (0.20454545, 0.8405797), (0.22727273, 0.8405797), (0.25, 0.8405797), (0.27272728, 0.8405797), (0.29545453, 0.8405797), (0.3181818, 0.8405797), (0.3409091, 0.8405797), (0.36363637, 0.8405797), (0.38636363, 0.8405797), (0.4090909, 0.8405797), (0.4318182, 0.8405797), (0.45454547, 0.8405797), (0.47727272, 0.8405797), (0.5, 0.8405797), (0.52272725, 0.8405797), (0.54545456, 0.8405797), (0.5681818, 0.8405797), (0.59090906, 0.8405797), (0.6136364, 0.8405797), (0.6363636, 0.8405797), (0.65909094, 0.8405797), (0.6818182, 0.8405797), (0.70454544, 0.8405797), (0.72727275, 0.8405797), (0.75, 0.8405797), (0.77272725, 0.8405797), (0.79545456, 0.8405797), (0.8181818, 0.8405797), (0.84090906, 0.8405797), (0.8636364, 0.8405797), (0.8863636, 0.8405797), (0.90909094, 0.8405797), (0.9318182, 0.8405797), (0.95454544, 0.8405797), (0.97727275, 0.8405797), (1, 0.8405797), (0, 0.85507244), (0.022727273, 0.85507244), (0.045454547, 0.85507244), (0.06818182, 0.85507244), (0.09090909, 0.85507244), (0.11363637, 0.85507244), (0.13636364, 0.85507244), (0.1590909, 0.85507244), (0.18181819, 0.85507244), (0.20454545, 0.85507244), (0.22727273, 0.85507244), (0.25, 0.85507244), (0.27272728, 0.85507244), (0.29545453, 0.85507244), (0.3181818, 0.85507244), (0.3409091, 0.85507244), (0.36363637, 0.85507244), (0.38636363, 0.85507244), (0.4090909, 0.85507244), (0.4318182, 0.85507244), (0.45454547, 0.85507244), (0.47727272, 0.85507244), (0.5, 0.85507244), (0.52272725, 0.85507244), (0.54545456, 0.85507244), (0.5681818, 0.85507244), (0.59090906, 0.85507244), (0.6136364, 0.85507244), (0.6363636, 0.85507244), (0.65909094, 0.85507244), (0.6818182, 0.85507244), (0.70454544, 0.85507244), (0.72727275, 0.85507244), (0.75, 0.85507244), (0.77272725, 0.85507244), (0.79545456, 0.85507244), (0.8181818, 0.85507244), (0.84090906, 0.85507244), (0.8636364, 0.85507244), (0.8863636, 0.85507244), (0.90909094, 0.85507244), (0.9318182, 0.85507244), (0.95454544, 0.85507244), (0.97727275, 0.85507244), (1, 0.85507244), (0, 0.8695652), (0.022727273, 0.8695652), (0.045454547, 0.8695652), (0.06818182, 0.8695652), (0.09090909, 0.8695652), (0.11363637, 0.8695652), (0.13636364, 0.8695652), (0.1590909, 0.8695652), (0.18181819, 0.8695652), (0.20454545, 0.8695652), (0.22727273, 0.8695652), (0.25, 0.8695652), (0.27272728, 0.8695652), (0.29545453, 0.8695652), (0.3181818, 0.8695652), (0.3409091, 0.8695652), (0.36363637, 0.8695652), (0.38636363, 0.8695652), (0.4090909, 0.8695652), (0.4318182, 0.8695652), (0.45454547, 0.8695652), (0.47727272, 0.8695652), (0.5, 0.8695652), (0.52272725, 0.8695652), (0.54545456, 0.8695652), (0.5681818, 0.8695652), (0.59090906, 0.8695652), (0.6136364, 0.8695652), (0.6363636, 0.8695652), (0.65909094, 0.8695652), (0.6818182, 0.8695652), (0.70454544, 0.8695652), (0.72727275, 0.8695652), (0.75, 0.8695652), (0.77272725, 0.8695652), (0.79545456, 0.8695652), (0.8181818, 0.8695652), (0.84090906, 0.8695652), (0.8636364, 0.8695652), (0.8863636, 0.8695652), (0.90909094, 0.8695652), (0.9318182, 0.8695652), (0.95454544, 0.8695652), (0.97727275, 0.8695652), (1, 0.8695652), (0, 0.884058), (0.022727273, 0.884058), (0.045454547, 0.884058), (0.06818182, 0.884058), (0.09090909, 0.884058), (0.11363637, 0.884058), (0.13636364, 0.884058), (0.1590909, 0.884058), (0.18181819, 0.884058), (0.20454545, 0.884058), (0.22727273, 0.884058), (0.25, 0.884058), (0.27272728, 0.884058), (0.29545453, 0.884058), (0.3181818, 0.884058), (0.3409091, 0.884058), (0.36363637, 0.884058), (0.38636363, 0.884058), (0.4090909, 0.884058), (0.4318182, 0.884058), (0.45454547, 0.884058), (0.47727272, 0.884058), (0.5, 0.884058), (0.52272725, 0.884058), (0.54545456, 0.884058), (0.5681818, 0.884058), (0.59090906, 0.884058), (0.6136364, 0.884058), (0.6363636, 0.884058), (0.65909094, 0.884058), (0.6818182, 0.884058), (0.70454544, 0.884058), (0.72727275, 0.884058), (0.75, 0.884058), (0.77272725, 0.884058), (0.79545456, 0.884058), (0.8181818, 0.884058), (0.84090906, 0.884058), (0.8636364, 0.884058), (0.8863636, 0.884058), (0.90909094, 0.884058), (0.9318182, 0.884058), (0.95454544, 0.884058), (0.97727275, 0.884058), (1, 0.884058), (0, 0.89855075), (0.022727273, 0.89855075), (0.045454547, 0.89855075), (0.06818182, 0.89855075), (0.09090909, 0.89855075), (0.11363637, 0.89855075), (0.13636364, 0.89855075), (0.1590909, 0.89855075), (0.18181819, 0.89855075), (0.20454545, 0.89855075), (0.22727273, 0.89855075), (0.25, 0.89855075), (0.27272728, 0.89855075), (0.29545453, 0.89855075), (0.3181818, 0.89855075), (0.3409091, 0.89855075), (0.36363637, 0.89855075), (0.38636363, 0.89855075), (0.4090909, 0.89855075), (0.4318182, 0.89855075), (0.45454547, 0.89855075), (0.47727272, 0.89855075), (0.5, 0.89855075), (0.52272725, 0.89855075), (0.54545456, 0.89855075), (0.5681818, 0.89855075), (0.59090906, 0.89855075), (0.6136364, 0.89855075), (0.6363636, 0.89855075), (0.65909094, 0.89855075), (0.6818182, 0.89855075), (0.70454544, 0.89855075), (0.72727275, 0.89855075), (0.75, 0.89855075), (0.77272725, 0.89855075), (0.79545456, 0.89855075), (0.8181818, 0.89855075), (0.84090906, 0.89855075), (0.8636364, 0.89855075), (0.8863636, 0.89855075), (0.90909094, 0.89855075), (0.9318182, 0.89855075), (0.95454544, 0.89855075), (0.97727275, 0.89855075), (1, 0.89855075), (0, 0.9130435), (0.022727273, 0.9130435), (0.045454547, 0.9130435), (0.06818182, 0.9130435), (0.09090909, 0.9130435), (0.11363637, 0.9130435), (0.13636364, 0.9130435), (0.1590909, 0.9130435), (0.18181819, 0.9130435), (0.20454545, 0.9130435), (0.22727273, 0.9130435), (0.25, 0.9130435), (0.27272728, 0.9130435), (0.29545453, 0.9130435), (0.3181818, 0.9130435), (0.3409091, 0.9130435), (0.36363637, 0.9130435), (0.38636363, 0.9130435), (0.4090909, 0.9130435), (0.4318182, 0.9130435), (0.45454547, 0.9130435), (0.47727272, 0.9130435), (0.5, 0.9130435), (0.52272725, 0.9130435), (0.54545456, 0.9130435), (0.5681818, 0.9130435), (0.59090906, 0.9130435), (0.6136364, 0.9130435), (0.6363636, 0.9130435), (0.65909094, 0.9130435), (0.6818182, 0.9130435), (0.70454544, 0.9130435), (0.72727275, 0.9130435), (0.75, 0.9130435), (0.77272725, 0.9130435), (0.79545456, 0.9130435), (0.8181818, 0.9130435), (0.84090906, 0.9130435), (0.8636364, 0.9130435), (0.8863636, 0.9130435), (0.90909094, 0.9130435), (0.9318182, 0.9130435), (0.95454544, 0.9130435), (0.97727275, 0.9130435), (1, 0.9130435), (0, 0.92753625), (0.022727273, 0.92753625), (0.045454547, 0.92753625), (0.06818182, 0.92753625), (0.09090909, 0.92753625), (0.11363637, 0.92753625), (0.13636364, 0.92753625), (0.1590909, 0.92753625), (0.18181819, 0.92753625), (0.20454545, 0.92753625), (0.22727273, 0.92753625), (0.25, 0.92753625), (0.27272728, 0.92753625), (0.29545453, 0.92753625), (0.3181818, 0.92753625), (0.3409091, 0.92753625), (0.36363637, 0.92753625), (0.38636363, 0.92753625), (0.4090909, 0.92753625), (0.4318182, 0.92753625), (0.45454547, 0.92753625), (0.47727272, 0.92753625), (0.5, 0.92753625), (0.52272725, 0.92753625), (0.54545456, 0.92753625), (0.5681818, 0.92753625), (0.59090906, 0.92753625), (0.6136364, 0.92753625), (0.6363636, 0.92753625), (0.65909094, 0.92753625), (0.6818182, 0.92753625), (0.70454544, 0.92753625), (0.72727275, 0.92753625), (0.75, 0.92753625), (0.77272725, 0.92753625), (0.79545456, 0.92753625), (0.8181818, 0.92753625), (0.84090906, 0.92753625), (0.8636364, 0.92753625), (0.8863636, 0.92753625), (0.90909094, 0.92753625), (0.9318182, 0.92753625), (0.95454544, 0.92753625), (0.97727275, 0.92753625), (1, 0.92753625), (0, 0.942029), (0.022727273, 0.942029), (0.045454547, 0.942029), (0.06818182, 0.942029), (0.09090909, 0.942029), (0.11363637, 0.942029), (0.13636364, 0.942029), (0.1590909, 0.942029), (0.18181819, 0.942029), (0.20454545, 0.942029), (0.22727273, 0.942029), (0.25, 0.942029), (0.27272728, 0.942029), (0.29545453, 0.942029), (0.3181818, 0.942029), (0.3409091, 0.942029), (0.36363637, 0.942029), (0.38636363, 0.942029), (0.4090909, 0.942029), (0.4318182, 0.942029), (0.45454547, 0.942029), (0.47727272, 0.942029), (0.5, 0.942029), (0.52272725, 0.942029), (0.54545456, 0.942029), (0.5681818, 0.942029), (0.59090906, 0.942029), (0.6136364, 0.942029), (0.6363636, 0.942029), (0.65909094, 0.942029), (0.6818182, 0.942029), (0.70454544, 0.942029), (0.72727275, 0.942029), (0.75, 0.942029), (0.77272725, 0.942029), (0.79545456, 0.942029), (0.8181818, 0.942029), (0.84090906, 0.942029), (0.8636364, 0.942029), (0.8863636, 0.942029), (0.90909094, 0.942029), (0.9318182, 0.942029), (0.95454544, 0.942029), (0.97727275, 0.942029), (1, 0.942029), (0, 0.95652175), (0.022727273, 0.95652175), (0.045454547, 0.95652175), (0.06818182, 0.95652175), (0.09090909, 0.95652175), (0.11363637, 0.95652175), (0.13636364, 0.95652175), (0.1590909, 0.95652175), (0.18181819, 0.95652175), (0.20454545, 0.95652175), (0.22727273, 0.95652175), (0.25, 0.95652175), (0.27272728, 0.95652175), (0.29545453, 0.95652175), (0.3181818, 0.95652175), (0.3409091, 0.95652175), (0.36363637, 0.95652175), (0.38636363, 0.95652175), (0.4090909, 0.95652175), (0.4318182, 0.95652175), (0.45454547, 0.95652175), (0.47727272, 0.95652175), (0.5, 0.95652175), (0.52272725, 0.95652175), (0.54545456, 0.95652175), (0.5681818, 0.95652175), (0.59090906, 0.95652175), (0.6136364, 0.95652175), (0.6363636, 0.95652175), (0.65909094, 0.95652175), (0.6818182, 0.95652175), (0.70454544, 0.95652175), (0.72727275, 0.95652175), (0.75, 0.95652175), (0.77272725, 0.95652175), (0.79545456, 0.95652175), (0.8181818, 0.95652175), (0.84090906, 0.95652175), (0.8636364, 0.95652175), (0.8863636, 0.95652175), (0.90909094, 0.95652175), (0.9318182, 0.95652175), (0.95454544, 0.95652175), (0.97727275, 0.95652175), (1, 0.95652175), (0, 0.9710145), (0.022727273, 0.9710145), (0.045454547, 0.9710145), (0.06818182, 0.9710145), (0.09090909, 0.9710145), (0.11363637, 0.9710145), (0.13636364, 0.9710145), (0.1590909, 0.9710145), (0.18181819, 0.9710145), (0.20454545, 0.9710145), (0.22727273, 0.9710145), (0.25, 0.9710145), (0.27272728, 0.9710145), (0.29545453, 0.9710145), (0.3181818, 0.9710145), (0.3409091, 0.9710145), (0.36363637, 0.9710145), (0.38636363, 0.9710145), (0.4090909, 0.9710145), (0.4318182, 0.9710145), (0.45454547, 0.9710145), (0.47727272, 0.9710145), (0.5, 0.9710145), (0.52272725, 0.9710145), (0.54545456, 0.9710145), (0.5681818, 0.9710145), (0.59090906, 0.9710145), (0.6136364, 0.9710145), (0.6363636, 0.9710145), (0.65909094, 0.9710145), (0.6818182, 0.9710145), (0.70454544, 0.9710145), (0.72727275, 0.9710145), (0.75, 0.9710145), (0.77272725, 0.9710145), (0.79545456, 0.9710145), (0.8181818, 0.9710145), (0.84090906, 0.9710145), (0.8636364, 0.9710145), (0.8863636, 0.9710145), (0.90909094, 0.9710145), (0.9318182, 0.9710145), (0.95454544, 0.9710145), (0.97727275, 0.9710145), (1, 0.9710145), (0, 0.98550725), (0.022727273, 0.98550725), (0.045454547, 0.98550725), (0.06818182, 0.98550725), (0.09090909, 0.98550725), (0.11363637, 0.98550725), (0.13636364, 0.98550725), (0.1590909, 0.98550725), (0.18181819, 0.98550725), (0.20454545, 0.98550725), (0.22727273, 0.98550725), (0.25, 0.98550725), (0.27272728, 0.98550725), (0.29545453, 0.98550725), (0.3181818, 0.98550725), (0.3409091, 0.98550725), (0.36363637, 0.98550725), (0.38636363, 0.98550725), (0.4090909, 0.98550725), (0.4318182, 0.98550725), (0.45454547, 0.98550725), (0.47727272, 0.98550725), (0.5, 0.98550725), (0.52272725, 0.98550725), (0.54545456, 0.98550725), (0.5681818, 0.98550725), (0.59090906, 0.98550725), (0.6136364, 0.98550725), (0.6363636, 0.98550725), (0.65909094, 0.98550725), (0.6818182, 0.98550725), (0.70454544, 0.98550725), (0.72727275, 0.98550725), (0.75, 0.98550725), (0.77272725, 0.98550725), (0.79545456, 0.98550725), (0.8181818, 0.98550725), (0.84090906, 0.98550725), (0.8636364, 0.98550725), (0.8863636, 0.98550725), (0.90909094, 0.98550725), (0.9318182, 0.98550725), (0.95454544, 0.98550725), (0.97727275, 0.98550725), (1, 0.98550725), (0, 1), (0.022727273, 1), (0.045454547, 1), (0.06818182, 1), (0.09090909, 1), (0.11363637, 1), (0.13636364, 1), (0.1590909, 1), (0.18181819, 1), (0.20454545, 1), (0.22727273, 1), (0.25, 1), (0.27272728, 1), (0.29545453, 1), (0.3181818, 1), (0.3409091, 1), (0.36363637, 1), (0.38636363, 1), (0.4090909, 1), (0.4318182, 1), (0.45454547, 1), (0.47727272, 1), (0.5, 1), (0.52272725, 1), (0.54545456, 1), (0.5681818, 1), (0.59090906, 1), (0.6136364, 1), (0.6363636, 1), (0.65909094, 1), (0.6818182, 1), (0.70454544, 1), (0.72727275, 1), (0.75, 1), (0.77272725, 1), (0.79545456, 1), (0.8181818, 1), (0.84090906, 1), (0.8636364, 1), (0.8863636, 1), (0.90909094, 1), (0.9318182, 1), (0.95454544, 1), (0.97727275, 1), (1, 1)] (
            interpolation = "vertex"
        )
    }

    def Scope "ReflectorPanels"
    {
        def Mesh "Softbox_Windshield_Glance" (
            prepend apiSchemas = ["MaterialBindingAPI"]
        )
        {
            uniform bool doubleSided = 1
            int[] faceVertexCounts = [4]
            int[] faceVertexIndices = [0, 1, 2, 3]
            rel material:binding = </root/Materials/SoftboxKeyMat>
            point3f[] points = [(-3.8, -0.2, 3.5), (-0.8, -0.2, 3.3), (-0.8, 2.4, 3.6), (-3.8, 2.4, 3.8)]
        }

        def Mesh "Softbox_Flank_Strip" (
            prepend apiSchemas = ["MaterialBindingAPI"]
        )
        {
            uniform bool doubleSided = 1
            int[] faceVertexCounts = [4]
            int[] faceVertexIndices = [0, 1, 2, 3]
            rel material:binding = </root/Materials/SoftboxRimMat>
            point3f[] points = [(3.8, 0, 1), (3.8, 4.2, 1), (3.5, 4.2, 2.2), (3.5, 0, 2.2)]
        }

        def Mesh "Softbox_Top_Panel" (
            prepend apiSchemas = ["MaterialBindingAPI"]
        )
        {
            uniform bool doubleSided = 1
            int[] faceVertexCounts = [4]
            int[] faceVertexIndices = [0, 1, 2, 3]
            rel material:binding = </root/Materials/SoftboxTopMat>
            point3f[] points = [(-1.8, -2.8, 3.8), (1.8, -2.8, 3.8), (1.8, 2.2, 3.8), (-1.8, 2.2, 3.8)]
        }
    }

    def Scope "Lights"
    {
        def RectLight "Softbox_Top"
        {
            color3f inputs:color = (1, 0.99, 0.96)
            float inputs:height = 5
            float inputs:intensity = 3.2
            float inputs:width = 3.6
            double3 xformOp:translate = (0, -0.3, 3.8)
            uniform token[] xformOpOrder = ["xformOp:translate"]
        }

        def RectLight "Softbox_Key_Left"
        {
            color3f inputs:color = (1, 1, 1)
            float inputs:height = 1.6
            float inputs:intensity = 4.8
            float inputs:width = 2.6
            float3 xformOp:rotateXYZ = (35, 20, -40)
            double3 xformOp:translate = (2.6, -2.8, 2.2)
            uniform token[] xformOpOrder = ["xformOp:translate", "xformOp:rotateXYZ"]
        }

        def RectLight "Softbox_Cabin_Direct"
        {
            color3f inputs:color = (1, 0.98, 0.94)
            float inputs:height = 1.2
            float inputs:intensity = 3.8
            float inputs:width = 1.8
            float3 xformOp:rotateXYZ = (35, 10, 0)
            double3 xformOp:translate = (0.4, -2.4, 2)
            uniform token[] xformOpOrder = ["xformOp:translate", "xformOp:rotateXYZ"]
        }

        def RectLight "Softbox_Fill_Right"
        {
            color3f inputs:color = (0.96, 0.98, 1)
            float inputs:height = 1.6
            float inputs:intensity = 2
            float inputs:width = 2.8
            float3 xformOp:rotateXYZ = (30, -25, 45)
            double3 xformOp:translate = (-3.4, -1, 1.8)
            uniform token[] xformOpOrder = ["xformOp:translate", "xformOp:rotateXYZ"]
        }

        def RectLight "Softbox_Rim_Rear"
        {
            color3f inputs:color = (1, 1, 1)
            float inputs:height = 1.4
            float inputs:intensity = 3.4
            float inputs:width = 3.8
            float3 xformOp:rotateXYZ = (-20, 20, -135)
            double3 xformOp:translate = (3.8, 1.6, 1.6)
            uniform token[] xformOpOrder = ["xformOp:translate", "xformOp:rotateXYZ"]
        }
    }

    def Scope "Cameras"
    {
        def Camera "Camera_Beauty"
        {
            float focalLength = 57.42173
            float focusDistance = 10.012912
            float horizontalAperture = 36
            float verticalAperture = 20.25
            matrix4d xformOp:transform = ( (0.7781291801667516, 0.6281042739649357, 0, 0), (-0.03387389395887867, 0.041964792197464344, 0.998544698811168, 0), (0.6271901930683241, -0.7769967678457901, 0.053930366919887736, 0), (5.86, -7.45, 1.22, 1) )
            uniform token[] xformOpOrder = ["xformOp:transform"]
        }
    }
}

